"Data Source","World Development Indicators",

"Last Updated Date","2026-04-08",

"Country Name","Country Code","Indicator Name","Indicator Code","1960","1961","1962","1963","1964","1965","1966","1967","1968","1969","1970","1971","1972","1973","1974","1975","1976","1977","1978","1979","1980","1981","1982","1983","1984","1985","1986","1987","1988","1989","1990","1991","1992","1993","1994","1995","1996","1997","1998","1999","2000","2001","2002","2003","2004","2005","2006","2007","2008","2009","2010","2011","2012","2013","2014","2015","2016","2017","2018","2019","2020","2021","2022","2023","2024","2025",
"Aruba","ABW","Net primary income (Net income from abroad) (current US$)","NY.GSR.NFCY.CD","","","","","","","","","","","","","","","","","","","","","","","","","","","-7318435.75418994","-14413407.821229","-17039106.1452514","-11284916.2011173","-7765363.12849162","-7765363.12849162","-9664804.46927374","-17877094.972067","-20000000","-15195530.726257","-17821229.0502793","-23184357.5418994","-5586592.17877095","-42681564.2458101","-24041452.5139665","-57249497.2067039","-135704581.005587","-53308268.1564246","-74323407.8212291","-478953687.150838","-105839106.145251","-384627597.765363","-116630949.72067","-88749888.2681564","-140212011.173184","-246017821.22905","-116090502.793296","-164312894.893467","-102774135.757908","-124776522.371015","-135242768.555087","-170593344.43327","-214627461.998445","-153404762.57359","-68155396.2116257","-104679473.970764","-124673714.486487","-315600539.695303","-226323532.879546","",
"Africa Eastern and Southern","AFE","Net primary income (Net income from abroad) (current US$)","NY.GSR.NFCY.CD","","","","","","","","","","","","","","","","","","","","","","","","","","","","","","","","","","","","","","","","","","","","","","","","","","","","","","","","","","","","","","","","","","",
"Afghanistan","AFG","Net primary income (Net income from abroad) (current US$)","NY.GSR.NFCY.CD","11111037.7777778","11111128.8888889","11111128.8888889","15555515.5555556","15555515.5555556","20000000","28888888.8888889","35555555.5555556","28888888.8888889","28888888.8888889","35557777.7777778","37777777.7777778","35553333.3333333","37775555.5555556","46666666.6666667","51111111.1111111","55555555.5555556","64444444.4444444","71111111.1111111","77803203.6613272","74829931.9727891","72727272.7272727","","","","","","","","","","","","","","","","","","","","","","","","","","","-2101054.68453511","-37811801.5379949","29106508.4686418","-23586775.0840476","53931817.4381565","62936900.2067644","62543769.2122008","115277794.013026","233903480.222699","208313289.638984","241291270.13968","281217520.635116","149227717.041072","86093666.5147025","43053514.0630295","82333082.7831386","","",
"Africa Western and Central","AFW","Net primary income (Net income from abroad) (current US$)","NY.GSR.NFCY.CD","","","","","","","","","","","","","","","","","","","","","","","","","","","","","","","","","","","","","","","","","","","","","","","","","","","","","","","","","","","","","","","","","","",
"Angola","AGO","Net primary income (Net income from abroad) (current US$)","NY.GSR.NFCY.CD","","","","","","","","","","","","","","","","","","","","","","","","","","-869126577.311318","-387597275.887426","-1399473581.45598","-2084897936.02514","-174372727.455044","-1202107350.09025","0","-4809785300.49859","-2531173246.21824","-2495041987.65569","-767257294.938499","-1696763296.339","-917756287.111422","-968766165.000102","-1372030088.44357","-1680860031.08995","-1560989977.17911","-1634656120.51879","-1726480965.72969","-2488563709.45253","-4030888661.11142","-6177867509.37611","-7599027319.10272","-13717547716.1797","-6823141243.13499","-8086861899.34642","-9697326689.00487","-10421753720.3976","-9583541555.15968","-8258011836.32853","-4601035933.4069","-2751560062.70987","-4528926520.83828","-6137575025.31819","-6409804982.70613","-4356523022.63772","-5453841731.87771","-8012748014.31252","-8063300353.69125","-6589711958.91354","",
"Albania","ALB","Net primary income (Net income from abroad) (current US$)","NY.GSR.NFCY.CD","","","","","","","","","","","","","","","","","","","","","","","","","3200000","1400000","100000","400000","200000","-100000","-1900000","-21700000","-35100000.6663779","33900000.4898959","13800000.0486138","43600000","71681048.139475","50331448.534424","76519893.4903414","75270751.6292542","104652008.221765","125994611.582904","109116191.781251","150573891.321753","169293247.531426","162029179.379077","262218158.912104","297974727.79804","64711705.4155235","-192841783.981405","-119534255.413443","3948823.13920734","-91731433.3066871","220063720.195693","121231952.976868","135117182.912481","192613372.535594","31837954.2517739","-17385307.7318394","-201812354.031034","-249829714.680166","-249981439.335394","-330873775.065614","-298134836.305827","-208703924.832629","",
"Andorra","AND","Net primary income (Net income from abroad) (current US$)","NY.GSR.NFCY.CD","","","","","","","","","","","","","","","","","","","","","","","","","","","","","","","","","","","","","","","","","","","","","","","","","","","","","","","","","","","","307203708.596223","377594556.747755","251912846.217714","145472945.081422","132856602.223087","61954561.6902445","",
"Arab World","ARB","Net primary income (Net income from abroad) (current US$)","NY.GSR.NFCY.CD","","","","","","","","","","","","","","","","","","","","","","","","","","","","","","","","","","","","","","","","","","","","","","","","","","","","","","","","","","","","","","","","","","",
"United Arab Emirates","ARE","Net primary income (Net income from abroad) (current US$)","NY.GSR.NFCY.CD","","","","","","","","","","","","","","","","","","","","","","","","","","","","","","","","","","","","","","","","","5091899251.19129","5064669843.43091","921170864.533696","-54458815.5207624","707964601.769912","2886317222.60041","4737916950.30633","8373042886.31722","3803948264.12526","2614111640.57182","-83866575.9019741","135330156.569095","299523485.364193","462899931.926481","658951667.801225","1742682096.6644","2096664397.54935","2777399591.55888","1424098025.86794","2061541184.47924","-1878829135.4663","-735194009.530293","54458815.5207624","14622191967.3247","16010891763.1042","",
"Argentina","ARG","Net primary income (Net income from abroad) (current US$)","NY.GSR.NFCY.CD","410611569.551244","520915827.69687","474595267.936942","472828283.29687","662611831.457015","733528054.8065","1165716399.63184","87575485.6208264","-392285420.713972","-219712940.743224","-1187892368.7027","341401095.441806","-533500315.881762","178220536.772338","243112774.184023","709461515.870546","15502930.1384528","-441796877.685007","-561738201.483172","-626163812.538299","-675349739.131059","-1834734840.24455","-5063657543.67694","-5906932543.23323","-6053589761.14794","-4729906000.07644","-4783508507.13744","-5056665778.00509","-5520642665.87325","-6416835152.03013","-6202354195.84937","-5862619611.95595","-4257856622.27121","-2998052152.15215","-3696736900","-4668859300","-5502049300","-6217795600","-7406048600","-7463719900","-7547781100","-7726781900","-4960215219.15838","-5135021620.33737","-18296342135.6323","-22583727006.0044","-7659784206.08108","-7536296704.70573","-8942556247.44473","-10232156785.3141","-14434953219.8032","-15153583065.297","-12908767215.1506","-11839391690.7098","-10787432518.7927","-11133833326.6745","-12280679535.2406","-16427929347.5396","-18725847300.4726","-17587891544.6599","-10396451095.0349","-9761814472.40406","-11670891502.9878","-13951033943.5781","-13170458503.5926","",
"Armenia","ARM","Net primary income (Net income from abroad) (current US$)","NY.GSR.NFCY.CD","","","","","","","","","","","","","","","","","","","","","","","","","","","","","","","-82989413.2424188","-2337662.33766234","-209314731.226918","-1300014.23892923","-4020000.33746351","39521299.9879387","44730000","97204737.8719935","58815383.5480674","54956292.9391096","58972266.9528438","63602627.4636976","82371299.5552455","92875458.8178378","148352246.883494","206006379.369255","302026902.100871","497420803.086968","691280287.832705","358781515.205739","458281240.386075","360073591.986824","423036162.157057","682546975.092623","522216023.003416","428407517.563457","245059601.272041","405555183.60953","200340489.035019","187857847.34223","-202689911.186251","-398972932.489033","-488642565.88932","-626220412.707093","-911703515.451488","",
"American Samoa","ASM","Net primary income (Net income from abroad) (current US$)","NY.GSR.NFCY.CD","","","","","","","","","","","","","","","","","","","","","","","","","","","","","","","","","","","","","","","","","","","","","","","","","","","","","","","","","","","","","","","","","","",
"Antigua and Barbuda","ATG","Net primary income (Net income from abroad) (current US$)","NY.GSR.NFCY.CD","","","","","","","","","","","","","","","","","","-200000","-400000","-1800000","-1200000","-2000000","-3700000","-1000000","-400000","-2700000","-36033333.3333333","-39959259.2592593","-31625925.9259259","-45481481.4814815","-45325925.9259259","-32200000","-29666666.6666667","-22937037.037037","-26559259.2592593","-26859259.2592593","-26218518.5185185","-22155555.5555556","-21037037.037037","-23445185.1851852","-44518888.8888889","-51840740.7407407","-50233333.3333333","-53659259.2592593","-58270370.3703704","-54970370.3703704","-63251851.8518519","-73222222.2222222","-72577777.7777778","-68029629.6296296","-67585185.1851852","-70281481.4814815","-86762962.962963","-70314814.8148148","-60733333.3333333","-84537037.037037","-97403703.7037037","-76151851.8518519","-77055555.5555556","-71696296.2962963","814814.814814815","-57288888.8888889","-92692592.5925926","-84425925.9259259","-109592592.592593","",
"Australia","AUS","Net primary income (Net income from abroad) (current US$)","NY.GSR.NFCY.CD","31360005.0176008","-22400003.5840006","57120009.1392015","-62720010.0352016","-3360000.53760009","75040012.0064019","-59360009.4976015","-213920034.227206","-303520048.563208","-535360085.657614","-467040074.726412","-498400079.744013","-223130841.121495","37155669.442665","-308032424.465733","207565205.516865","-2520980.86323427","-777701307.639367","-1429009686.13669","-1643757809.83756","-1568802228.41226","-590967142.691281","-3698554562.5069","-1359822259.15798","-2328357235.74821","-2502126654.24552","-3256855064.35367","-3444944415.03441","-4383705566.32383","-8171105472.80858","-10842523314.5032","-13087454017.3186","-12548661922.1132","-8305227655.98651","-7092355586.30232","-12678942678.9427","-14183600771.1679","-14623548875.3344","-12591738452.1468","-12151272089.2342","-11990022131.1743","-10620896618.121","-10727607303.5422","-13150262085.032","-17482572200.8821","-25760668147.5969","-29059642197.7272","-38068618984.0622","-43163818742.7593","-32639619024.0584","-44635087286.6278","-56187596313.7766","-47128058224.5953","-39321617964.3409","-38431348787.7628","-27598922067.9057","-28641662929.9853","-36347551828.9165","-45401978110.5634","-47635939977.4998","-31745244347.0794","-20617687251.5149","-66415951902.2372","-76505943006.367","-61289353985.5847","",
"Austria","AUT","Net primary income (Net income from abroad) (current US$)","NY.GSR.NFCY.CD","","","","","","","","","","","-50085736.9674517","-42571318.4271396","-84590749.449372","-124336214.772647","-43505594.8174323","-80253614.6006163","-153753164.071489","-218088418.949297","-257274708.613664","-213224909.933093","-118560944.479898","-37484879.9032314","48135032.6691942","58890761.4524284","87248469.8438897","145470869.912211","-188814781.433078","-285511536.787114","365027304.134626","803360374.414977","1262064625.4387","493180907.483795","174132231.404959","303236720.690879","-77103963.3779063","-919339429.507302","-136469976.605147","-985003946.329913","-1326700755.89151","-3442351348.99615","-1718288786.19608","-2701308218.07087","-1243996793.2549","-659014044.470587","-415338983.513515","-669196157.509727","785377064.117646","-392230814.823531","3603350898.4375","-174068846.25","3281413893.33334","1456263585.60312","414601304.414063","1134212805.4902","475470430.705881","-3871645231.83594","-168692034.396888","-3932307207.17648","-4680240817.80392","-1005959794.5098","4780547594.3969","7924833173.64328","1198895874.51362","3523313822.54908","-1032158015","",
"Azerbaijan","AZE","Net primary income (Net income from abroad) (current US$)","NY.GSR.NFCY.CD","","","","","","","","","","","","","","","","","","","","","","","","","","","","","","","","","","5001250.31257814","955277.109968317","-3851779.01210931","-9183344.89969811","-9158485.71338958","15120186.0945981","186764365.019362","-94542991.9169094","-144741264.252666","-194000189.268477","-251795557.890578","-513587111.375237","-1510755525.8451","-2511850197.82975","-4830071178.52432","-5020203987.24471","-3269539166.66563","-3168203339.14777","-4511793295.05652","-3944529653.97858","-3688271231.20398","-2156825996.65709","-1697112137.45554","-2275584343.6388","-1545009020.10568","-2259389170.81417","-1855705882.35294","-270117647.058824","-1138058823.52941","-5284823529.41177","-3042588235.29412","-2568529411.76471","",
"Burundi","BDI","Net primary income (Net income from abroad) (current US$)","NY.GSR.NFCY.CD","-2107986","-2179994","-2288006","-2471998","-2764002","-1515851.85185185","-9396571.42857143","-11325714.2857143","-13520000","-12034285.7142857","-7449142.85714286","-9075428.57142857","-11397714.2857143","-8357275.21488213","-8990476.19047619","-8645079.36507937","-11262608.6956522","-10348888.8888889","-14460000","-10160000","2086666.66666667","-2900000","-7666666.66666667","-9330823.02313071","-13025645.309498","-18375176.0709255","-20644652.7108698","-28415344.7717708","-22935289.7182948","-17623702.4712133","-14889492.2775977","-11244924.6059511","-13657987.6430008","-9814032.94892916","-11375600.3055453","-12410125.001001","-13908363.9966969","-12500000","-8299999.29896393","-11304510.0787849","14300000","-12317565.1231408","-13685412.5167323","-17896392.8248139","-27301126.3409361","-17786710.5436038","-8824968.54695994","-5886938.23846336","-4304326.10083273","-16979396.6280035","-10867940.7815213","-17489228.7568498","-6505624.54479164","1784525.98466317","-7461103.94963403","356346.201430827","-1271055.98778062","1474125.03031902","5655328.60997874","7415138.15020817","14544800.9704819","8116571.4845269","13986562.8672032","5802914.84334208","10218572.9470174","",
"Belgium","BEL","Net primary income (Net income from abroad) (current US$)","NY.GSR.NFCY.CD","","","","","","","","","","","314951996.772892","316223994.737275","403236183.667858","450348789.070586","528123446.561723","610705275.858287","676506792.058516","595778277.996624","631215575.765339","273408090.258668","60198648.0893916","229518687.527162","-186955677.202896","-238743984.220907","-42368053.6163083","227955024.118486","372747877.912227","876034575.904916","915296763.576522","525063472.563473","947346692.419121","1714611931.48258","1852431618.56964","3855944496.26866","5947083433.80757","6324849480.02189","6493680781.75896","6149300857.01398","6278728606.35697","6015775160.03862","6102585195.13727","4428529761.96851","4465282803.88236","6073539493.60783","5126743397.87646","4818734851.98443","5871305658.70587","6550610931.84316","12582754261.7969","9501397336.05468","7337178891.66668","833085218.871597","11252436146.0156","12039921272.7059","10915095294","6489097092.10937","4252168307.97666","4466985308.00001","5481282261.80392","4525139863.5294","4741370267.85994","7716552605.03864","7980739713.81326","11634558558.2355","10964081196.25","",
"Benin","BEN","Net primary income (Net income from abroad) (current US$)","NY.GSR.NFCY.CD","-713322.979483183","-726043.488312665","-727508.666438617","-751189.866508134","-772704.060460492","-800008.784753918","-99999.8221252116","-400007.82436041","-1399985.9769988","-2500010.25155453","-2499983.92746172","-3102652.86424716","-2100009.85328485","","2299977.83009343","-1299938.08118877","","-199998.626667088","300008.606025122","1199984.61463564","-2899930.85227768","-3199966.69653108","-6000039.81056319","-13299954.6566779","-29600012.5559362","-21299999.9735122","-25999999.9884495","-28600000.0891738","-24799999.8952487","-38156444.0115083","-38932655.8820379","-30839581.8125816","-60448076.266553","-39832604.0814878","-35133286.0484307","-44255659.9387133","-46021228.5571588","-29820058.9836672","-13389830.0416165","-12343345.1868279","-12297806.1115188","-14589068.3465056","-28272489.606141","-38179165.8444092","-37067305.6253223","-17765483.9777288","-30239711.1550568","-48523535.0677906","-11354259.0459089","-33128254.0602317","-53535382.3484719","-15499999.9936339","-66734652.895446","-69016634.845626","-60942285.1504807","-65661251.5133285","-37796469.4107733","-31784802.2949875","-55077711.9187247","-70798635.0821503","-121363105.396003","-189305379.746382","-125378795.66966","-189278920.32048","-226108787.273881","",
"Burkina Faso","BFA","Net primary income (Net income from abroad) (current US$)","NY.GSR.NFCY.CD","4451866.27117807","3190155.64953161","8493787.96956259","3424696.3379191","3436547.26897567","-3627781.81527701","-1704099.4932738","-1719526.77676375","-1595400.35220046","-1598457.77229281","0","-504727.94977893","-1303797.93640639","-238219.725539575","-2253972.90591805","-12071599.9830155","-9522024.2566228","-20188163.9486133","-11100239.0985991","-9209174.78430169","-4080302.04342299","-9807491.07465303","-10261939.5377117","-10085025.0007587","-4950147.84829945","-5699962.62968154","-5399907.93804081","-8800100.33521312","-13100078.332179","-11900063.1391097","-7345790.15777832","-9216364.14087257","-11976192.2659629","-18676485.4970473","-14263805.5064289","-10038100.5709111","6899887.66156384","-2192909.65296702","-2796601.80698668","3915764.84004671","-3750587.27339527","-12079155.333986","-34289884.0243679","-54644354.2930987","-45408601.4035111","-64044632.1379638","-18588212.8197674","-22466336.9829703","-36737971.5106349","-117493023.286443","-302076958.604665","-487651202.61592","-317520069.254336","-363592869.42887","-605515183.946738","-539033650.853099","-571634813.146345","-529620985.203393","-502129405.963374","-669646057.668488","-775526152.690248","-1153377132.834","-1207181225.06603","","","",
"Bangladesh","BGD","Net primary income (Net income from abroad) (current US$)","NY.GSR.NFCY.CD","","","","","","","","","","","","","","21327785.6316669","10399158.9254331","-8428819.28796755","-11816383.8383838","-42293736.2637363","-43542652.1164021","-29761228.6465177","18892474.1602067","341064871.481028","321756487.025948","513930976.430976","532080000","376923076.923077","428133333.333333","568903225.806452","605288442.138191","636853622.233871","635714247.069043","661064425.770308","769761273.209549","902698412.698413","1055810473.81546","1157014925.37313","1211149144.25428","1369039812.64637","1431101321.5859","1570840266.22296","1731961836.613","1638491475.16679","2183963085.49539","2425181347.15026","2816901647.69832","3079188720.31744","4049829537.26781","5107934002.69223","7053275063.74906","8124682214.01936","9337732892.08624","10182884255.7824","11282098953.0106","12064379774.556","11522056490.4932","12668430527.7324","12425970620.7614","10141503711.3573","12851268279.7","14386947037.2794","15479725300.0413","21910519864.9407","18228864666.7891","17458123310.6477","19383315284.871","",
"Bulgaria","BGR","Net primary income (Net income from abroad) (current US$)","NY.GSR.NFCY.CD","","","","","","","","","","","","","","","","","","","","","-313923076.923077","-197714285.714286","-154466666.666667","-79166666.6666667","-38611111.1111111","-62842105.2631579","-131470588.235294","-314153846.153846","-421000000","-636777777.777778","-1636181818.18182","-774454688.554081","-141082215.843366","-192723055.736754","-192686666.420364","-431984040.731863","-396074518.379439","-356898147.845356","-283501480.948762","-184831976.77173","-323410862.935795","24900078.1797842","343504134.618857","343800780.515057","305506222.109073","83502347.0062568","-851085157.320715","-3273698191.10598","-2634542676.51971","-1666265252.09499","-1061048117.22278","-1805777349.9102","-720106435.399626","-1235494551.65595","-627898300.278866","-1650109952.39175","-1798134320.33854","-1450461492.0096","-2394971280.1486","-2129371818.19327","-2548918537.37008","-3369289050.808","-4900324813.91206","-5010319148.99498","-5730311055.94405","",
"Bahrain","BHR","Net primary income (Net income from abroad) (current US$)","NY.GSR.NFCY.CD","","","","","","","","","","","","","","","","","","","","","-208278057.840276","-26861702.1276596","-11436170.212766","11170212.7659574","-111702127.659574","-370212765.957447","-397074468.085106","-396276595.744681","-431117021.276596","-360372340.425532","221542553.191489","191223404.255319","32180851.0638298","-193882978.723404","-242553191.489362","-58894414.893617","-25213829.787234","-236117021.276596","-161987500","-270387500","-223623670.212766","-321571010.638298","-524944414.893617","-492977393.617021","-574772340.425532","-412351329.787234","-384927393.617021","-298686170.212766","-923677393.617021","-2399864893.61702","-2373013297.87234","-3764361702.12766","-1007446808.51064","-1195744680.85106","-1632712765.95745","-1735904255.31915","-1795478723.40426","-1989627659.57447","-2076063829.78723","-2260638297.87234","-2459042553.19149","-2527925531.91489","-1962765957.44681","-2607446808.51064","-3317553191.48936","",
"Bahamas, The","BHS","Net primary income (Net income from abroad) (current US$)","NY.GSR.NFCY.CD","-20188199.2301119","-22638199.6221119","-25186298.0298077","-28224298.5158878","-31654299.0646879","-35672005.7075209","-41300000","-47300000","-54000000","-64000000","","","","","","","-75600000","-83600000","-127800000","-133600000","-134500000","-151900000","-131600000","-138500000","-165100000","-180600000","-183600000","-183300000","-166900000","-131600000","-172800000","-179000000","-82600000","-128400000","-137600000","453158500","812275600","-152600000","-197500000","-126800000","-140200000","-198900000","-184345100","-152420000","-141320000","-182064700","-218000000","-231600000","-77800000","-152200000","-234900000","-236000000","-279299999.999999","-297599999.999999","-436200000.000001","-494800000.000001","-556000000","-545500000","-835100000","-622200000.000001","-532600000","-711600000","-752199999.999999","-747199999.999999","-631699999.999999","",
"Bosnia and Herzegovina","BIH","Net primary income (Net income from abroad) (current US$)","NY.GSR.NFCY.CD","","","","","","","","","","","","","","","","","","","","","","","","","","","","","","","","","","","-165000000","-242000000","-222000000","-228005785.280291","809078303.407234","728054820.935889","590357724.955956","532396484.357128","508041738.645058","533295247.591942","504484124.439659","467978447.557801","391899796.8022","468858357.890081","706263350.09991","678319557.408919","279670084.104175","149971178.524696","134678395.227991","242100782.661293","151801523.434559","110534212.800512","22949553.1742697","-151745725.50945","-117575475.939734","-34511752.7128029","-112040571.471837","-301855097.284359","-321983073.436288","-133687375.048571","-59119400.4748933","",
"Belarus","BLR","Net primary income (Net income from abroad) (current US$)","NY.GSR.NFCY.CD","","","","","","","","","","","","","","","","","","","","","","","","","","","","","","","0","0","0","0","-88113342.2901245","-67674915.486921","-30763703.2645557","-84771221.6915729","-92893687.1314603","11416193.6661385","-52644224.6348811","-43260431.6546763","-30145400.1295424","25144910.2263476","-18614888.9485525","55472602.167312","-114770395.792144","-410971631.998807","-787872121.325594","-1113688261.93588","-1162638701.90129","-682511061.124144","-1470373999.92803","-2652219525.79096","-2364022261.12812","-2392943860.94679","-2250242892.53469","-2055536752.81084","-2169986081.71935","-1910291841.9358","-2496637324.12408","-2557808699.41997","-3096911770.30578","-2348712321.47904","-1641085000.51753","",
"Belize","BLZ","Net primary income (Net income from abroad) (current US$)","NY.GSR.NFCY.CD","-141260.141260141","-208950.208950209","-155470.155470155","-161630.161630162","-169890.16989017","-210000.21000021","-210000.21000021","-207123.387544428","-1559996.88000624","-1679996.64000672","-1739996.52000696","-2251043.69336648","-2934635.06252021","-4103672.23541114","-10812851.7464509","-12278462.2498125","-8401953.02724165","-5600000","-6800000","-5300000","-1950000","-1900000","-4900000","-5500000","-7700000","-9900000","-6200000","-6100000","-6200000","-9700000","-8100000","-9400000","-14950000","-18550000","-25616600","-22571300","-26403750","-23341450","-32152050","-40140750","-52899100","-67049500","-67481150","-89477850","-116744150","-114426250","-125282550","-158952800","-165177250","-90644800","-138499250","-97185300","-120163050","-119235550","-137799300","-95465900","-110807850","-125249150","-156243550","-163503850","-58636100","-77930000","-133932400","-111183150","-129932850","",
"Bermuda","BMU","Net primary income (Net income from abroad) (current US$)","NY.GSR.NFCY.CD","","","","","","","","","","","","","","","","","","","","","","","","","","","","","","","","","","","","","","","","","","","","","","","","","","","146174000","161578000","283429000","298596000","243841000","239188000","195872000","292963000","234433000","101075000","203082000","311319000","423558000","179076000","361240793.040166","",
"Bolivia","BOL","Net primary income (Net income from abroad) (current US$)","NY.GSR.NFCY.CD","","","","","","","","","","","","","","","","","-31484257.8710645","-67116441.7791104","-113893053.473263","-182323149.812122","-263091353.996737","-362194127.243067","-410696355.64342","-361801148.383197","-414900091.440786","-372899999.52844","-308500000.086718","-277700000","-264799999.85817","-259100032.210331","-248600000","-247000034.63099","-197699971.567872","-205900025.861161","-182499988.637635","-206599988.084182","-208200016.080047","-196500019.603149","-162200004.972657","-196200008.671105","-225529995.591523","-211159985.814866","-204700000","-301847407.165818","-384719934.475806","-376353330.782729","-397243690.006649","-489437624.223929","-536375783.831637","-673808091.168091","-888938266.558752","-985761303.002669","-1629277945.00724","-1907771099.85528","-1697959696.09262","-1127097742.40232","-620895947.901592","-1109646382.05499","-975655079.59479","-835894211.287988","-416900000","-1029100000","-1263700000","-1253001447.178","-1114002894.35601","",
"Brazil","BRA","Net primary income (Net income from abroad) (current US$)","NY.GSR.NFCY.CD","0","0","0","0","0","0","0","0","0","0","0","0","0","0","0","0","0","0","0","0","0","0","-15326680532.2037","-9536024717.37607","-11910451272.1106","-11973392649.5065","-11880789234.64","-11146162053.5542","-13205886287.0741","22235375778.2653","-10386605001.1334","-7677820249.21375","-6190913729.40469","-8966049812.94203","-20190566962.0398","-10747133635.643","-11374332106.2581","-14575678723.1016","-17840127931.0123","-18481104227.6652","-18875699497.6326","-18181678489.9165","-17102661235.419","-17715211174.6138","-19773282843.4296","-25774173651.442","-27717024467.882","-29675878088.7689","-41583015500.2368","-36886423680.2623","-68231495754.3244","-67227290207.4975","-61508406060.064","-34360249589.1448","-45766763261.9486","-33912090739.4874","-38096359801.5494","-38577531002.2902","-53302904764.8346","-50293807912.3341","-30796091968.0063","-52122275391.0597","-56578049581.927","-69525798861.2973","-72985408536.6957","",
"Barbados","BRB","Net primary income (Net income from abroad) (current US$)","NY.GSR.NFCY.CD","","","","","","","","","","","","","","","","","","","","","","","","","","","-27444936.110973","-33411226.5698802","-35201113.7075523","-25655048.9733009","-45393526.5748521","-39327797.9416298","-28300000","-39675831.5517327","-45443245.6620096","-58469646.4972903","-69954755.6306866","-60806443.5936956","-67767115.795754","-85765425.3467906","-95150000","-109600000","-118950000","-133950000","-116850000","-175000000","-256400500","-187817000","-245952050","-190051650","-111949650","-300146400","-172403400","-194599450","-197441350","-212942350","-221435850","-223746800","-240000000","-267000000","-67000000","-96000000","-166000000","-279000000","-294000000","",
"Brunei Darussalam","BRN","Net primary income (Net income from abroad) (current US$)","NY.GSR.NFCY.CD","","","","","","","","","","","","","","","","","","","","","","","","","","","","","","0","0","0","0","0","0","0","0","0","0","0","0","0","0","0","0","0","0","62399890.6510641","54501269.0812021","52101137.8628308","-100284779.931779","-497982213.396316","-457150356.883624","-200289969.516435","-15222881.6769794","650579564.786375","835074025.570693","720420366.270763","83844915.8177771","361085720.107989","361744520.378661","89665738.8411141","-369646834.148443","193997179.803597","490615492.763846","",
"Bhutan","BTN","Net primary income (Net income from abroad) (current US$)","NY.GSR.NFCY.CD","","","","","","","","","","","","","","","","","","","","","-25435762.3002577","-31148499.5766599","-34013274.4841637","-45163343.5648127","-34129563.6740343","-34579080.3436079","-35873918.8759379","-31338965.3975234","-26255501.9611509","-13078179.408955","-18630559.6023652","-21598392.74892","-28319995.7342524","-24080706.0123256","-20207981.566241","-37243566.5416282","-35181720.8128665","-31418252.812483","-56307216.5555626","-71605373.427016","-495752.210006741","-237163.603913618","-8042833.4568222","-13794220.6908384","-15977723.947456","-11568863.7011699","-3555659.64541291","-17102964.6928465","-34018935.1691728","-50573008.9248346","-87973838.4962961","-113905641.869836","-142116634.295043","-123434255.986718","-134990188.517641","-142775600.065993","-185486544.277277","-212823408.784884","-220188584.011044","-229547775.123668","-142854591.849369","-156609584.459474","-150560793.021355","-166228641.035546","","",
"Botswana","BWA","Net primary income (Net income from abroad) (current US$)","NY.GSR.NFCY.CD","3793803.91156296","4046626.9480365","4334574.10639804","4722719.6915364","5140123.72099897","5653787.19982578","5509196.17340997","3626664.80719615","4114376.88808058","5152794.27677747","4426769.99611956","3472413.27037634","-7763.69386202363","283382.844892914","3379511.00625923","0","0","0","0","0","-46833285.0847567","37526680.9921385","28747325.5760877","-39656275.8107657","-114065834.702354","-96448640.1792946","-110529049.396959","-236101209.035934","-176529650.200045","-266565949.636853","-105833699.728993","62872330.5847918","112384315.491356","293632140.97789","-224353759.994338","-32429107.9273662","-253083436.390804","-144817590.185942","119572160.118129","-262261074.151321","-352168391.548081","-137129356.981442","-698189826.719968","-715717064.991212","-959588612.584969","-834546211.425333","-555077303.054731","-366380791.034078","-534509374.590771","-89401300.491311","-490012357.173085","-94593310.8743151","257098694.134238","-650577908.461433","-471648724.727701","-453906133.996354","-1290509916.46942","-1366573561.3052","-1584124480.69726","50670020.3712076","21996742.0380959","36618612.1040928","33228747.6691368","43540991.7475846","","",
"Central African Republic","CAF","Net primary income (Net income from abroad) (current US$)","NY.GSR.NFCY.CD","-407862.553501834","-407696.152715455","-408155.700552619","-408101.7433812","-408133.491017062","-408029.131236397","-407068.691991068","-406535.035244459","-3299990.74908476","-1099997.57117016","-1799933.98555386","-2509649.51949538","-2066587.32695206","-3099521.43348293","-2405275.33101269","-1942632.01141882","-692710.432312394","-606483.188819758","1199995.4266643","-5399983.65187512","2565322.04453005","3301281.43097222","-7262992.34482309","-10688471.0659441","-9663663.07820556","-7299968.10353583","-12399967.6309301","-24110318.0650612","-27497400.9497099","-25633504.2869841","-22437958.8152986","-16118443.2388361","-15489771.4417682","-18717228.5219227","-20796329.8638958","-20996997.3941178","-21078353.7867272","-15738396.8401892","-18730502.8449147","-8143289.79853958","-13096743.3501525","-7830034.49466081","-9121343.88350073","-2794045.33863201","-13839532.8179174","-10225590.4853234","-11482326.1205842","-10708307.4326995","-22975179.9507122","-5851851.557788","9643326.05781107","9728311.22907083","11221554.554475","15164958.7001913","19703511.034459","21054501.8681278","22763621.8060472","105585614.909325","165766292.09507","165716149.288356","130067084.066785","171703806.646945","126721308.980492","151045276.656147","165622696.063193","",
"Canada","CAN","Net primary income (Net income from abroad) (current US$)","NY.GSR.NFCY.CD","","","","","","","","","","","-1299501387.6926","-1462006337.88869","-1508011920.396","-1832449755.0245","-2383615541.92229","-2638355289.02871","-3717961460.44625","-4471158439.11613","-5417906548.6105","-6606815775.99454","-7413179096.81834","-10259404454.0829","-10867309718.7323","-10017851346.9653","-11039301984.4028","-11191504943.2442","-12754947822.9579","-13352187028.6576","-16490615097.0992","-19502533783.7838","-21448405896.469","-20299380291.5248","-21307189542.4837","-19681420044.9578","-20771821909.7832","-20874380647.0417","-20951961862.853","-20318503538.9282","-21331311088.6417","-22834354176.4825","-19541445020.5373","-20807722107.438","-19246797935.3852","-22028406252.2304","-22129131437.3559","-23986631457.3362","-20994358251.0578","-21620891909.5056","-22817244611.059","-23668970343.8019","-31965433370.1396","-33872856854.8681","-32442609375.4632","-28124404589.2011","-29178622922.1416","-23844486211.652","-18668313909.4663","-20974072080.866","-29334899428.9271","-20779422610.861","-11997142706.5943","-18591139178.3838","-30845417172.6352","-38192955020.7773","-32759104738.1916","",
"Central Europe and the Baltics","CEB","Net primary income (Net income from abroad) (current US$)","NY.GSR.NFCY.CD","","","","","","","","","","","","","","","","","","","","","","","","","","","","","","","","","","","","","","","","","","","","","","","","","","","","","","","","","","","","","","","","","","",
"Switzerland","CHE","Net primary income (Net income from abroad) (current US$)","NY.GSR.NFCY.CD","","","","","","","","","","","","","","","","","","","","","","","","","","","","","","","","","","","","7747090909.09091","8325949838.1877","12249638944.3947","13831545730.4456","15816976434.5626","17678630388.4415","10554627281.3463","7439361606.57","22753037053.5383","23980843586.6506","33585013652.4253","31372576966.0233","1977385038.32056","-37448942849.2291","8002081610.14613","31121319682.9248","4150568197.06427","11572587819.5094","11449807291.8884","-805763418.803881","7015526801.62707","-4000136415.45096","-9613085314.3539","-26215461626.3017","-25051063872.607","-25315239878.9288","-29286230810.2661","-22563804646.3647","-27331581876.2591","","",
"Channel Islands","CHI","Net primary income (Net income from abroad) (current US$)","NY.GSR.NFCY.CD","","","","","","","","","","","","","","","","","","","","","","","","","","","","","","","","","","","","","","","89433587.2805565","-56625141.5628539","-196701467.695567","-152583849.143515","-181354916.067146","-158367346.938776","-265470523.617722","-314545454.545455","-471021159.153634","-626250500.20008","","","","","","","","","","","","","","","","","","",
"Chile","CHL","Net primary income (Net income from abroad) (current US$)","NY.GSR.NFCY.CD","-71818181.8181818","-77333333.3333333","-90170132.3251418","-90012330.4562269","-103424360.641526","-126195755.464048","-184809140.482991","-212707182.320442","-215212332.7516","-228185193.780459","-199388189.395283","-118494553.19846","-59299256.0595152","-109600513.665168","-184500005.060507","-284199977.313536","-325899990.401532","-365100007.972759","-489000005.14913","-675400005.149569","-929900000","-1463500000","-1481426386.68721","-1747983036.86256","-2029829479.54595","-2084935440.37474","-1938324568.65653","-1751598379.82926","-1977897134.93195","-1994965927.60615","-1760628947.85622","-1960403524.38852","-1919943207.55739","-1706070658.26071","-2551504634.87752","-2788417427.82844","-2506017189.3079","-2612061494.41646","-1835478081.7026","-2146346827.68212","-2739461180.52281","-2350058047.99104","-2702595212.32333","-3876446599.50676","-7301073286.75733","-9657374636.71857","-16436794733.1544","-16930900972.1635","-14154310008.6173","-11765729078.8392","-14055598345.371","-21891900197.1367","-14623925880.08","-12351102981.9946","-11516866645.4725","-5951196575.9214","-6936838123.62765","-10735249409.8964","-12126430892.2447","-10436692040.8277","-15855198404.1318","-17844972580.6075","-14735895463.9223","-14472150520.8837","-16999569774.1898","",
"China","CHN","Net primary income (Net income from abroad) (current US$)","NY.GSR.NFCY.CD","","","","","","","","","","","","","","","","","","","","","","-87301587.3015873","270992366.412214","877394636.015326","1275000000","840136054.421769","-23188405.7971014","-179372197.309417","-123456790.123457","176113360.323887","963671128.107074","778745644.599303","213500784.929356","-921297046.613392","-1034953704.96603","-11772852439.2926","-12437794489.5314","-11003861725.7775","-16643398843.1878","-14470449672.3341","-14664485274.151","-19173456107.8875","-14945106033.5338","-10218632585.5496","-5132417705.8262","-16107504749.9383","-5142072967.77124","8040715438.33138","28565240323.4871","-8531174210.44188","-26072819263.1637","-70377272260.871","-19816761885.0273","-77827442582.4895","13300378908.6039","-52782108487.0644","-55700387600.0492","-16130189657.7106","-61028208012.8393","-40009350955.397","-117605767590.762","-124146860547.606","-153218909219.585","-134074007361.38","-128780241309.09","",
"Cote d'Ivoire","CIV","Net primary income (Net income from abroad) (current US$)","NY.GSR.NFCY.CD","10258412.9525492","-7461176.86928141","-16646740.9224142","-29381305.2501137","-24261008.9336047","-26699985.9716523","-34099981.6764546","-36224598.4606774","-37591164.3523773","-41959516.5226862","-35868794.0650977","-66872775.7489994","-59900565.9804114","-103300381.337931","-96698124.6911256","-140898094.79504","-158199672.104465","-194200247.00699","-308805657.428972","-460296458.126283","-495101048.939638","-522297215.994352","-540506101.385721","-688069719.496072","-492039653.881834","-682005923.555288","-690141264.23903","-891072955.709129","-952705620.173609","-1384916946.94125","-1586690704.19786","-1371111378.20449","-1345715990.65133","-1366706045.92848","-774128894.255606","-987481810.871222","-6847870140.11447","-7044758665.01352","-7598841698.54392","-7128405857.82893","-6838274092.35084","-6890107106.60444","-7196692853.16943","-8204741696.33579","-8720961474.10054","-7597527924.84393","-8174942717.63564","-9198876170.27432","-10656750660.7023","-10450069226.8877","-10940716623.1447","-12268435911.1532","-10375643148.7097","-12898452662.5191","-909353588.735584","-1007253466.76073","-1076231054.27376","-1539138225.81069","-1629068200.30528","-1682436373.6614","-1846407487.09656","-2237387498.89715","-2298978375.48822","-3051791751.89663","-3481385152.42515","",
"Cameroon","CMR","Net primary income (Net income from abroad) (current US$)","NY.GSR.NFCY.CD","","","","","","","","-158129473.067294","-161169994.215734","-142713945.538526","-134224233.497032","-117665659.098744","-121415258.574013","-267846101.35163","-281257523.015715","-316359857.479414","-336889860.96007","-766852136.212629","-398837411.091385","-342515648.290119","-1111797100.76538","-662418707.929258","-403826753.108073","-400717932.521281","-255631758.230231","-266658964.273447","-153621403.462992","-168694048.61296","-42744811.9137486","-215058618.271244","-527721559.058162","-737663572.429557","-683945232.969267","-684196319.245983","-428023208.218686","-548534208.139524","-579412758.14094","-564766397.576195","-478949729.577473","-447154358.750309","-594927174.691534","-696446911.664425","-676004790.775028","-526768428.353052","-403410954.247275","-488927044.102665","-252295229.392701","-501013183.530041","-414264506.312007","-114146789.588423","-264252282.092956","-303024756.193135","-444808893.94032","-615307210.681335","-683534156.343562","-436899338.889604","-557812804.389307","-662158512.753016","-739246841.749171","-842721713.435577","-840013474.615318","-730707999.156223","-1105233311.6339","-969385631.248509","-920927401.99661","",
"Congo, Dem. Rep.","COD","Net primary income (Net income from abroad) (current US$)","NY.GSR.NFCY.CD","","","","","","","","","","","","","","","","","","","","","","","","","","","","","","","","0","","","-689797151.735971","-765799942.724043","-373000045.830519","-405999856.865289","-390999962.655447","-429787372.727273","-388257908.695652","-376371537.333333","-297700970.527094","-226638739.419641","-308145925.27155","-507462142.526193","-469683378.700713","-634188043.807661","-1329876479.41102","-785796107.154174","-910780608.250993","-1296444567.12097","-1596183858.92425","-2811118187.20352","-3039971123.69105","-2790928634.74702","-789434646.667999","-1073606584.53068","-1703830654.40491","-2814108556.65158","-1267950411.47587","-1990000000","-3517133406.12855","-2095006903.35717","-2353496372.56531","",
"Congo, Rep.","COG","Net primary income (Net income from abroad) (current US$)","NY.GSR.NFCY.CD","-2176293.88933019","-2829104.67027368","-3119303.65112297","-3070942.3960036","-3368494.41162414","-3672555.98560642","-3822766.09810897","-2488422.62544544","-3635413.37602849","-5000758.30729624","-6799750.61209237","-7027006.81538766","-6308516.7246367","-20266118.5222255","-15874776.055444","-29260897.0341963","-37175443.1275626","-37710762.3879381","-54609683.9674361","-92999718.4489605","-161610395.288839","-112172664.089792","-138383662.46792","-173859557.244824","-126930382.153731","-136799402.269","31699917.2500391","38399900.5751586","-305698618.933155","-362398077.925866","-474905333.700368","-445930234.20068","-377797875.197502","-522162615.632908","-254860956.723608","-887711904.75516","-1085611107.35023","-661576602.309706","-470872386.136986","-709219986.063117","-947041574.13315","-827275634.250257","-850735663.427101","-919728559.891901","-1489616695.61508","-1606208871.07674","-1234118253.67487","-1412846555.87093","-1435058164.04174","-761903064.07921","-926859980.44173","-1565723397.99246","-956439013.004673","-411356863.069813","262863945.736259","-65839360.30305","-390806286.909718","-1558557616.0098","-823332282.37095","-1408263339.81198","-62758648.9007842","-1650664320.77901","-1716704362.72702","-1574221266.39187","-1540798873.64773","",
"Colombia","COL","Net primary income (Net income from abroad) (current US$)","NY.GSR.NFCY.CD","","","","","","","","","-99993657.3224403","-131988124.722169","-172989682.393381","-175351536.724978","-197618474.941349","-211373184.708782","-185620550.079235","-322085763.123434","-356461274.938752","-317624638.007081","-340640877.759304","-291230095.561985","-245249887.517106","-484240597.017391","-968392149.602564","-1214950695.86279","-1574995964.19272","-1674999607.69213","-1748005548.88068","-1990006562.06115","-1745003110.80568","-2299008313.0079","-2304996558.15713","-2089184048.96928","-2257192100.57344","-1955492237.21214","-1490460151.23883","-1596276286.46621","-2062696463.11594","-2325507472.80394","-1695512616.34471","-1353414605.47849","-2156426856.18394","-2423505778.95258","-2630908535.76233","-3232541931.52406","-4064656537.6193","-3720168107.12014","-4300018315.35606","-6355246106.08007","-8374986483.13413","-6907217053.3606","-9959465454.79918","-14204417345.7663","-14176215020.0775","-13212620291.6697","-10833014759.3455","-3824885156.3278","-3126743921.53846","-5339342668.69598","-8273494317.49757","-7050171723.69843","-2514840596.79763","-2879085743.12803","-11945413673.6051","-9430749973.12732","-8612484227.67804","",
"Comoros","COM","Net primary income (Net income from abroad) (current US$)","NY.GSR.NFCY.CD","","","","","","","","","","","","","","","","","","","","","725173.61480391","282844.605588781","622624.299907361","-514984.24628107","-642946.952959335","-1144031.60174371","-1405867.70915371","-907095.518959761","-2111678.5044463","1222420.60859417","-659140.943297696","-482145.41533858","3692450.15702508","1721170.32839858","445267.110878779","1003218.87049166","364170.106118336","231943.519477949","-362217.198437868","195851.829009218","330664.829873881","702644.849036208","-759349.51180211","-1352508.38728789","-2127724.65713858","-1676236.28676089","-1418705.54848919","1552087.33601716","-1787274.57277874","-1245746.24429932","-851364.223713971","-784851.095827352","-1692667.52341225","218360.428096486","4507792.25833845","5011628.40095633","5519220.2915139","5033634.30579097","6280013.63390935","5644520.42402376","5909093.63602016","6295923.00792481","6609436.27122747","7383158.89806906","7820101.440175","",
"Cabo Verde","CPV","Net primary income (Net income from abroad) (current US$)","NY.GSR.NFCY.CD","","","","","","","","","","","","","","","","","","","","","-3390172.52979017","523671.308810881","-4472209.54066908","-6874440.58856092","-4495867.87102704","-4076102.86081557","-2691374.67570152","-223001.645478911","748464.980747216","3220136.86845828","2285261.37007845","1197204.79498095","1281278.48510688","963109.403558506","-341577.218497759","-2572461.7126202","-4400940.11164616","-3586520.18428429","-5531926.07836345","-8874116.44219435","-14052947.2265599","-6061177.64868839","-14717571.4490894","-14514390.8986322","-18205384.5202578","-33666237.736681","-44948464.3717423","-31380313.251027","-47060640.4873824","-43007004.7238336","-73146174.2871577","-73136076.0774632","-74579888.9082924","-64603216.4675434","-92635959.7516695","-59058260.4373623","-59441599.0255368","-61055249.4752468","-46761755.0549048","-42408464.4792615","-38422660.798213","-28357610.0227411","-28062825.2849292","-31732844.6391622","-46634310.5162123","",
"Costa Rica","CRI","Net primary income (Net income from abroad) (current US$)","NY.GSR.NFCY.CD","-4755637.56364991","-5304174.61752201","-9546157.2006436","-8792875.29510834","-11416083.9686621","-14100000","-15500000","-17600000","-19200000","-15900000","-15800000","-17050610.8439497","-37565636.7746797","-40771064.6303055","-41731639.3442623","-65928401.4002334","-75621026.8378063","-79700000","-113300000","-149700000","-216099988.331389","-284099471.344761","-403900454.429688","-333600172.501367","-301900305.445329","-282199904.950495","-273900191.756272","-297099584.196272","-336800000","-401900000","-252500000","-184570891.891892","-197822840.011917","-205371751.614715","-92098620.5578907","-149372168.346045","-100257360.743344","-116667558.899398","-265133860.570007","-519187792.635116","-688202729.485058","-733178745.400918","-761204991.106665","-795928098.128731","-787006609.960496","-753232385.954633","-662699042.542787","-695942498.185977","-594214620.255651","-1014046960.34806","-1208622290.03635","-1440168643.5252","-1480579213.94549","-1855813148.16864","-2146995979.79222","-2415015286.89351","-2481824059.17434","-3165695927.82433","-3377745147.51094","-3842349584.29619","-3615370814.59729","-4173852082.08733","-4951478211.17823","-6020145480.13438","-6937205946.85204","",
"Caribbean small states","CSS","Net primary income (Net income from abroad) (current US$)","NY.GSR.NFCY.CD","","","","","","","","","","","","","","","","","","","","","","","","","","","","","","","","","","","","","","","","","","","","","","","","","","","","","","","","","","","","","","","","","","",
"Cuba","CUB","Net primary income (Net income from abroad) (current US$)","NY.GSR.NFCY.CD","","","","","","","","","","","-108997800","-132402200","-155830849.947534","-191312303.9807","-218239024.390244","-249314634.146341","-264191473.812424","-272633493.975904","-341769220.779221","-372667671.232877","-381477222.222222","-388178433.73494","-405521764.705882","-420970314.318976","-442576664.769493","-453826291.079812","-479653467.722582","-499222307.007504","-466347889.182058","-423480584.390619","-610497606.382979","-453927801.282926","-324876621.621622","-356486486.486486","-571351351.351351","-669985956.849228","-492800000","-483500000","-448600000","-514900000","-621900000","-503600000","-610573800","-560400000","-650200000","-633200000","-572222222.222222","-888611111.111111","-977037037.037037","-1521296296.2963","-1325925925.92593","-1064000000","-995000000","-922000000","-1054000000","-1119000000","-1284000000","-1354000000","-1475000000","-1554000000","","","","","","",
"Curacao","CUW","Net primary income (Net income from abroad) (current US$)","NY.GSR.NFCY.CD","","","","","","","","","","","","","","","","","","","","","","","","","","","","","","","","","","","","","","","","","","","","","","38938156.424581","46552346.3687151","49688044.6927374","-7051564.24581006","-48315195.5307263","-10672402.2346369","-35307262.5698324","-61173184.3575419","-82458100.5586592","-65754189.9441341","-44189944.1340782","-57039106.1452514","-35195530.726257","-18044692.7374302","12528435.7541899","17602290.5027933","31801508.3798883","64810673.6557229","64554611.2725709","66357753.5953195","",
"Cayman Islands","CYM","Net primary income (Net income from abroad) (current US$)","NY.GSR.NFCY.CD","","","","","","","","","","","","","","","","","","","","","","","","","","","","","","","","","","","","","","","","","","","","","","","","","","","-222708890.835563","-141858567.43427","-1386013944.05578","-1759731198.9248","-1930471121.88449","-1915161372.17291","-1806339782.86698","-1705822629.62123","-1669618017.19609","-1538036306.19092","-1370501544.55684","-795559852.906565","-1422337184.7617","-1670701288.07578","","",
"Cyprus","CYP","Net primary income (Net income from abroad) (current US$)","NY.GSR.NFCY.CD","","","","","","","","","","","","","","","","","2221549.02554781","8640705.2441965","10693971.9416911","10179518.808158","20066334.9917081","16317991.6317992","15166461.1590629","-222469.410456062","2592223.33000997","4894433.78119002","-35028248.5875706","-37028014.6163216","-42659974.9058971","-31124260.3550296","-33930857.8745198","-32575757.5757576","-45762711.8644068","-38987043.5806832","-52500000","-501888745.148771","-484090338.770389","-523192702.394527","309276018.099548","-602610571.736785","-857276154.571159","-742094717.668488","-589028846.153846","-592955832.389581","-974662500","-958400696.430792","-1112482749.96864","-1535628250.75281","-456532884.136517","-72511918.4108414","-368643354.381295","725191881.004546","-174672186.119655","-314413403.369436","-633846489.037209","-134376497.843106","-834505728.779827","-697979905.242396","-930601235.514125","-1403175502.30836","-1715241243.34956","-2682397509.62159","-2992243245.74779","-3671859997.40496","-4062989100.43403","",
"Czechia","CZE","Net primary income (Net income from abroad) (current US$)","NY.GSR.NFCY.CD","","","","","","","","","","","","","","","","","","","","","","","","","","","","","","","","","387126742.129466","358693787.946352","420739968.733715","","","","","","","","","","-5675063619.17213","-6336413801.16373","-9725211988.17469","-12247741910.0509","-14427151367.4678","-14320201437.3393","-16362336863.3252","-18449680010.9253","-13054986591.7507","-13052038135.4669","-14015608816.0906","-13886193404.1364","-14727055124.9834","-14074491294.6142","-14405715622.4713","-15874063818.4217","-12958111179.3281","-8515941538.72174","-12283041486.4923","-12671724660.9129","-11095311591.4459","",
"Germany","DEU","Net primary income (Net income from abroad) (current US$)","NY.GSR.NFCY.CD","","","","","","","","","","","1151273980.65516","1155932080.52194","1134336011.77697","1649497255.7629","1901200211.62422","2501640034.97893","3141476619.54327","3115010528.08894","6062951314.50828","5549845267.31405","6444460942.54358","4831339679.7923","3985201096.1554","5847404059.74722","8164102810.80338","8334724289.13101","10159363235.1617","11449281828.074","19168186880.4989","21598647664.6208","28918186660.2106","20486522097.8197","19939531621.7909","15745904412.6346","2038770639.99036","-3506209908.55739","297634520.405511","-4331152718.24949","-12914304768.2561","-16090027033.5908","-11702170996.0785","-14284395335.0394","-22128316323.9216","-26064197756.0784","17180778796.9112","23643935626.4591","51056414961.1764","50225279181.1766","36354133676.5625","78040866068.75","69626639333.3335","98355558171.2064","86909529708.9844","89428828170.5885","83226588634.9017","67550473319.9218","101473129063.424","95729182894.1178","159513887548.235","146582872839.215","100131764087.16","145633179860.463","125563413513.619","147783470925.493","161416481685.156","",
"Djibouti","DJI","Net primary income (Net income from abroad) (current US$)","NY.GSR.NFCY.CD","","","","","","","","","","","","","","","","","","","","","","","","","","","","","","","","20492794.8863668","19986383.1511189","23019226.7655482","16638438.9014241","17308027.7513631","15738151.3720945","12187642.4283005","10589632.0637404","12384580.3253414","15788792.5456193","12418341.1076913","15293634.4044879","20914804.6657401","22529695.4214752","20791015.1304573","23041733.9537815","23885753.5125281","32709527.8554588","21680049.0656703","17358668.9248879","8744042.62861451","27633200.3533629","-27832388.969227","-23651678.7549023","-27004124.4422437","-79984920.1838837","-126665953.939039","-142172157.482796","-93842089.5673556","-98569105.5080716","-60341771.6533218","67766333.185161","102985333.753468","115928624.641995","",
"Dominica","DMA","Net primary income (Net income from abroad) (current US$)","NY.GSR.NFCY.CD","","","","","","","","","","","","","","","","","","0","-200000","-100000","300000","500000","200000","-444444.444444444","-2270370.37037037","-2270370.37037037","-2411111.11111111","-2344444.44444444","-1562962.96296296","-3988888.88888889","-4892592.59259259","-7662962.96296296","-7277777.77777778","-6374074.07407407","-11022222.2222222","-13300000","-18807407.4074074","-16911111.1111111","-15225925.9259259","-25544444.4444444","-39318518.5185185","-25107037.037037","-27930370.3703704","-27016185.1851852","-33333037.037037","-28979518.5185185","-15004333.3333333","-19614851.8518519","-18336074.0740741","-13655555.5555556","-9440740.74074074","-10548148.1481481","-9529629.62962963","-19507407.4074074","-16229629.6296296","-22092592.5925926","-20466666.6666667","3196296.2962963","1407407.40740741","-9496296.29629629","8674074.07407407","503703.703703704","2918518.51851852","-433333.333333333","3548148.14814815","",
"Denmark","DNK","Net primary income (Net income from abroad) (current US$)","NY.GSR.NFCY.CD","","","","","","","92263660.5705554","85737856.3523886","61831866.6666667","79758266.6666667","58539333.3333333","42104412.6954203","36406544.5440548","130852301.843128","1424469.63855026","-22110264.1745849","23909015.7154673","-51475379.7974414","-133046458.492003","-690678198.061205","-516239109.991306","-981922958.137968","-1372120757.52484","-1245977036.63204","-1519594847.72995","-1681391604.69593","-2139176986.77543","-2288186044.47173","-2666674589.61598","-2985724193.59251","-4069601686.97282","-4323669975.768","-4370672951.07768","-3388086028.47052","-3514943087.13015","-3337855204.91218","-3675306534.22319","-3138920433.03808","-2517311365.80707","-1874659556.77876","-3736932612.48778","-2430792521.74749","-2222883706.79063","-1952274693.74744","308958288.127389","2131601327.35247","3426380574.42658","1581093741.38913","3940683784.15488","3202447350.25835","5266643848.09946","7254068270.47259","7387342376.5675","10878847794.4319","12812548255.6689","9307352430.7314","7838711898.43659","7288319923.77522","9943909857.64421","10041912600.2705","11505082372.1377","16122821185.1556","10879924780.5855","13041782120.5749","13571869201.62","",
"Dominican Republic","DOM","Net primary income (Net income from abroad) (current US$)","NY.GSR.NFCY.CD","-10099500","-18600100","-21599700","-20299800","-19099600","-11700000","-18500000","-19500000","-18900000","-23200000","-9200000","-2100000","39700000","6200000","-5200000","-1800000","-6100000","-79600000","-3000000","52400000","-210500000","-293100000","-254100000","-297100000","-357700000","-319099995.887693","-244799993.664638","-298999989.076035","-321399989.562401","-313030015.772871","-314749979.472863","-363364840.374687","-441133504","-697000000","-682095392.009689","-769000000","-724811859.542573","-795448382.152091","-891352476.356874","-975358816.199888","-1041398340.00125","-1091559294.18568","-1152075428.22038","-1401270674.1573","-1814295528.18766","-1903868059.39528","-1852348779.81359","-2182974834.31067","-1748217330.17301","-1721218537.84288","-1927199998.84849","-2254500000.45947","-2399600000.51882","-2972300000.79197","-3247399999.99541","-2936400000.80807","-3253100000.51233","-3793800000.41233","-3691700000.84629","-4068899999.68418","-3824999999.55771","-4710499999.50193","-4311000000","-5437600000.71228","-6723000037.62268","",
"Algeria","DZA","Net primary income (Net income from abroad) (current US$)","NY.GSR.NFCY.CD","497921981.908261","537381072.946247","201671419.832856","61304845.3938174","459200.414821777","-81019878.227123","-121529817.340685","-81019878.227123","-60764908.6703423","0","-121529817.340685","-40711324.5470153","-22318862.898573","-75709874.7127757","-71757459.7859236","-177241753.700808","-312212929.217726","-1170794148.10317","-1265790867.14239","-1706084732.77351","-1868688842.85137","-2000320681.55025","-1989246094.23996","-1791889408.62011","-1678982617.2022","-1544214169.21914","-1692995176.63314","-1898863898.32696","-2498830469.56879","-2046511310.02747","-2267929875.13938","-2547627264.29968","-2159992558.1864","-1749969482.21978","-1734851792.43688","-2190012424.17372","-2560003057.95914","-2219988458.99912","-2000001430.05601","-2290004299.73469","-2710007489.7895","-1595544473.14079","-2192467800.09011","-2454939742.53496","-3515097015.56745","-4586748557.25537","-4422779934.81789","-1720246376.22596","-1235623107.08114","-1154893091.38135","-82004697.040839","-1742578681.64339","-2179633614.4231","-3757162800.30844","-4481315526.59671","-3844418422.36966","-1169557867.01409","-2198732688.32549","-4164029590.87221","-3911068993.85438","-2736305065.28008","-3642654911.28676","-5259622743.69216","-3585044795.81577","-5093237506.33349","",
"East Asia & Pacific (excluding high income)","EAP","Net primary income (Net income from abroad) (current US$)","NY.GSR.NFCY.CD","","","","","","","","","","","","","","","","","","","","","","","","","","","","","","","","","","","","","","","","","","","","","","","","","","","","","","","","","","","","","","","","","","",
"Early-demographic dividend","EAR","Net primary income (Net income from abroad) (current US$)","NY.GSR.NFCY.CD","","","","","","","","","","","","","","","","","","","","","","","","","","","","","","","","","","","","","","","","","","","","","","","","","","","","","","","","","","","","","","","","","","",
"East Asia & Pacific","EAS","Net primary income (Net income from abroad) (current US$)","NY.GSR.NFCY.CD","","","","","","","","","","","","","","","","","","","","","","","","","","","","","","","","","","","","","","","","","","","","","","","","","","","","","","","","","","","","","","","","","","",
"Europe & Central Asia (excluding high income)","ECA","Net primary income (Net income from abroad) (current US$)","NY.GSR.NFCY.CD","","","","","","","","","","","","","","","","","","","","","","","","","","","","","","","","","","","","","","","","","","","","","","","","","","","","","","","","","","","","","","","","","","",
"Europe & Central Asia","ECS","Net primary income (Net income from abroad) (current US$)","NY.GSR.NFCY.CD","","","","","","","","","","","","","","","","","","","","","","","","","","","","","","","","","","","","","","","","","","","","","","","","","","","","","","","","","","","","","","","","","","",
"Ecuador","ECU","Net primary income (Net income from abroad) (current US$)","NY.GSR.NFCY.CD","-25955597.9225245","-27809702.1807914","-23854326.2222605","-17818735.1741484","-18943273.8281637","-25011980.7387739","-25212076.5846841","-24911932.8158188","-27112987.1208309","-28013418.4274267","-29213993.5028879","-35717108.4949691","-45221661.1757032","-116055590.627911","-167180079.257965","-55326501.3941678","-139866996.291223","-196394072.760852","-268928816.903297","-404793896.276316","-613383810.845395","-761664837.457142","-1000479229.55095","-890426514.30035","-1103528590.1947","-1059507504.09446","-1042499357.1921","-1059507504.09446","-1233590890.03633","-1364653669.1075","-1210579867.75666","-1117558779.38969","-944472236.118059","-860730365.182591","-940370185.092546","-924462231.115558","-1023411705.85293","-1027413706.85343","-1171085542.77139","-1307353676.83842","-1393702851.42571","-1351588000","-1239385000","-1477247000","-1820635000","-1796974000","-1808278000","-1947538000","-1411729000","-1256302000","-1027477000","-1243331000","-1266944000","-1346116000","-1528303000","-1711379000","-1874734000","-2368778900","-2869252600","-3060383400","-3328229355.42564","-1733151336.5426","-1918852633.68877","-2820676063.28716","-3363880211.21206","",
"Egypt, Arab Rep.","EGY","Net primary income (Net income from abroad) (current US$)","NY.GSR.NFCY.CD","","","","","","-39755351.6819572","-39499244.5499676","-24988942.9455993","-22897196.2616822","-59079903.1476998","-64054257.7241899","-73195613.3639378","-68510858.3247156","-124052551.793835","-119052565.967172","-243971942.130644","-342005958.291956","-425013155.586739","-662977562.158884","-1069000000","-1459722222.22222","-1665000000","-1783990270.93596","-1878230616.99651","-2062997312.40593","-3283949324.67804","-3812722263.79794","-521853888.452475","-208413174.332765","-509629337.050805","-1105115612.38223","243200000","213300003.009057","222600000","215600000","326600000","436800000","511100000","856000000","511200000","467000000","1071500000","95800000","-107200000","-206700000","-253800000","530700000","1177000000","1359700000","153600000","-4364700000","-6049500000","-6479400000","-7406400000","-7262700000","-5700900000","-4471700000","-4568500000","-6279600000","-11009600000","-11354000000","-12399200000","-15763200000","-17318400000.0244","-17537200000.0211","",
"Euro area","EMU","Net primary income (Net income from abroad) (current US$)","NY.GSR.NFCY.CD","","","","","","","","","","","","","","","","","","","","","","","","","","","","","","","","","","","","","","","","","","","","","","","","","","","","","","","","","","","","","","","","","","",
"Eritrea","ERI","Net primary income (Net income from abroad) (current US$)","NY.GSR.NFCY.CD","","","","","","","","","","","","","","","","","","","","","","","","","","","","","","","","","0","0","200000","7550000","-7700001.5731433","-3174974.65242573","4307688.33716159","6098029.92481079","475657.142857143","-2357665.07519551","-6102716.44025008","-9664566.46762826","-15294346.3281958","-9422213.82377325","-8702439.02439024","-7227733.33333333","-11754113.8211382","-16161944.7154472","-19627973.9837398","-23546465.0406504","","","","","","","","","","","","","","",
"Spain","ESP","Net primary income (Net income from abroad) (current US$)","NY.GSR.NFCY.CD","","","","","","","","","","","-403213691.466603","-353501796.407186","-355759772.197774","-211165048.543689","225595615.806172","-338136231.884058","-881104202.934593","-1260129244.24973","-1715915798.61111","-1565637084.77938","-2619577628.22","-3878287979.81618","-3937074057.24671","-3938404872.38979","-3848440281.51521","-2525383561.64384","-2900993227.99097","-3469854467.05296","-5046546207.68462","-3973887561.48981","-5501181847.86157","-6181455564.45156","-8055568015.60215","-3795741927.04929","-12948776549.497","-3691502535.36162","-5903467752.52857","-5245597727.27273","-5959622452.38891","-5845783816.60233","-4278173327.05883","-8689397676.37796","-8029812076.86276","-7445297701.17646","-9972364872.2008","-15935552298.8327","-23377994495.2941","-36280665132.157","-45453697761.7187","-28739491802.7344","-20870757483.3334","-26150663336.5759","-10808927096.4844","-8756282232.54904","-4895525390.19606","-943085957.03125","2003494634.24125","-558062501.176472","514896166.274509","1348966784.31372","2351781788.32685","9755242077.51922","7224966706.22571","-5299297543.13735","-4354416625.78125","",
"Estonia","EST","Net primary income (Net income from abroad) (current US$)","NY.GSR.NFCY.CD","","","","","","","","","","","","","","","","","","","","","","","","","","","","","","","","","","","","","","","","","-213445130.378697","-285603795.542028","-329823867.3825","-520827687.443541","-592551552.795031","-545792811.839323","-876731903.148915","-1523116616.47961","-1272447634.39285","-598360655.737705","-1049871266.48676","-1185389093.38522","-954469504.335938","-608278061.960786","-734129533.411762","-494287992.773437","-511831999.377433","-635558629.882354","-632755426.352941","-617278244.705881","-451624341.4786","-862572508.139521","-757773800.000003","-1100515209.01963","-867744421.796875","",
"Ethiopia","ETH","Net primary income (Net income from abroad) (current US$)","NY.GSR.NFCY.CD","","","","","","","","","","","","","","","","","","","","","","-7053140.09661836","-8792270.53140097","-13526570.0483092","-19516908.2125604","-33140096.6183575","-31278454.1062802","-47331980.6763285","-64589371.9806763","-80338164.2512077","-67047101.4492754","-73456280.1932367","-63775557.5379126","-96282065.6881335","-79490360.1749866","-60421911.9810657","-43580551.7306871","-96945732.4999157","-66413523.8259365","-52490340.7048423","-60128456.2787443","-51256562.3574053","-53601882.3088719","-66110168.4051046","-63530552.8162886","-35785045.5407092","-38399935.4905597","14189629.2926996","19937483.7732583","-41650906.9968327","-108215406.097277","-69491315.1364764","-96192407.9976818","-106781428.671539","-152795252.474417","-252397129.186603","-223685672.489083","-453503862.5","-373129693.181818","-564532945.392491","-561490385.964912","-562324766.331658","-557235612","-372637211.838006","-236358313.850064","",
"European Union","EUU","Net primary income (Net income from abroad) (current US$)","NY.GSR.NFCY.CD","","","","","","","","","","","","","","","","","","","","","","","","","","","","","","","","","","","","","","","","","","","","","","","","","","","","","","","","","","","","","","","","","","",
"Fragile and conflict affected situations","FCS","Net primary income (Net income from abroad) (current US$)","NY.GSR.NFCY.CD","","","","","","","","","","","","","","","","","","","","","","","","","","","","","","","","","","","","","","","","","","","","","","","","","","","","","","","","","","","","","","","","","","",
"Finland","FIN","Net primary income (Net income from abroad) (current US$)","NY.GSR.NFCY.CD","","","","","","","","","","","-81562853.9071348","-95078147.2009093","-126181531.402352","-172212540.843317","-220209547.817867","-336327784.063359","-390329281.427912","-507423638.77822","-535139350.180505","-571097542.359945","-694993624.481989","-920150179.112703","-1062953003.57716","-1026746370.6234","-985980411.555204","-910563123.561013","-998925639.221206","-1286193696.74016","-1325144278.60697","-2492131079.39587","-3557942777.17307","-4228698720.77636","-4851649853.99522","-4355389819.92297","-3926079681.2749","-3922930283.2244","-2980843903.70179","-1897835299.5075","-2582331998.21985","-1353536088.80309","-785070666.666668","-47468364.96063","425508176.470589","-1011257390.58823","1389438887.64479","854690017.120622","1975056949.41176","749651487.450983","479466282.8125","3148023926.17187","3261263000.00001","1177594143.96887","1152455438.67188","1531320099.21569","2973184755.29411","2059255925","1034954410.50584","74558957.6470589","1104192466.66667","951553333.333332","4110763796.10896","4759347007.75186","2494672223.73542","599022819.607854","-917858637.5","",
"Fiji","FJI","Net primary income (Net income from abroad) (current US$)","NY.GSR.NFCY.CD","-4281576.62762876","-4407505.35197078","-4785291.52499685","-6674222.39012719","-4155647.90328674","-6170507.4927591","-3774534.47408153","-5221932.11488251","-7786556.73880683","-9034766.69716377","-9400435.62994383","-11808722.0858178","-11149028.5802924","-5792194.64533935","-2234472.51999742","-15905670.2718027","-11406515.4308439","-9373583.01360307","-5314541.94817725","-13333764.0877638","-17849296.7303002","-10881940.3084621","-36248631.2924353","-28348213.4077993","-28203200.2675049","-10423525.9034254","-8318900.9114935","-11111477.3551322","-15270531.6103808","-19365038.0595591","-47470875.9760903","-39646018.658704","-50033566.4019279","-54223216.7469313","-86126526.082131","-39251016.6511061","-27934155.2055868","-37473808.1631946","-55616596.7977927","-64834676.6516469","33260907.8630571","-13924254.6899921","14815492.2493027","1002232.34066616","288517.022504328","43345952.7416759","-109808225.508318","-93088244.4265044","-87092928.405597","-11453699.4426548","-97627897.4974837","-116087920.825693","-146656811.328945","-81945090.8156876","-225395992.783513","-284368549.267507","-271972639.466538","-423102509.827638","-359829068.018281","-450705033.760061","-281066199.025628","-250309929.379084","-264830628.775142","-311627131.82601","-370365471.939338","",
"France","FRA","Net primary income (Net income from abroad) (current US$)","NY.GSR.NFCY.CD","379193564.962459","380256476.146656","567993164.05554","690095086.340228","725835474.908869","749352384.859239","729422800.155535","792798879.513312","679465974.498253","526488344.631125","648163458.13157","896649698.117675","898439531.859558","948880377.136123","768139661.756683","1143643873.33639","1285441136.30156","1173174645.62717","1874854651.16279","3036077705.82794","5554486184.41478","4226674713.33736","1864257909.97106","-1685859368.2761","-2868423027.84658","-335888450.86874","3764466332.03902","7885517843.50104","7519105825.34963","4695661114.53835","5266955788.45922","4309731426.57831","6384882280.04957","7437340745.88835","5669305293.00567","6586147982.65212","14877035517.374","18706113733.4232","20540471425.3947","30885668571.2356","22951125314.353","26202716584.1733","17134552364.8628","26332169652.9803","31330292038.4943","39757517243.2685","48677180750.4705","55648260782.3531","66772739507.8906","64675642467.6171","64588253141.6668","79894055651.7511","62366211710.1563","67222827366.7061","64600874788.7449","49428466423.4765","49850045828.6383","52493008195.1766","62857484738.8235","81300828747.4509","53294070906.3036","92780654994.1846","86819542714.5918","70756597077.4522","60680305601.0156","",
"Faroe Islands","FRO","Net primary income (Net income from abroad) (current US$)","NY.GSR.NFCY.CD","","","","","","","","","","","","","","","","","","","","","","","","","","","","","","","","","","","","","","","34249503.8299004","42802426.5220233","40961784.1770479","30626649.6067377","40026782.4774906","54935938.6842668","65814763.5717704","60864678.6428344","67381025.4897694","68795108.3279556","15437029.7663987","-51875937.2317948","30244973.6178838","135227965.292234","126232719.824821","146875743.370383","104909302.807482","69665053.3367955","102663242.874999","100168214.144921","91011033.2864105","93590967.8868428","78689703.3269786","127180788.623902","89342344.8626561","28143449.9654075","68518568.9029109","",
"Micronesia, Fed. Sts.","FSM","Net primary income (Net income from abroad) (current US$)","NY.GSR.NFCY.CD","","","","","","","","","","","","","","","","","","","","","","","","4500000","","","","","","","","","","19600000","20800000","11088500","10257000","2501600","672300","5882600","6075700","5045800","4243600","3746400","6836600","8351100","8542700","10363500","7227200","16472200","10563100","9554200","15361000","25493600","25383200","59362100","54735000","49887900","10265100","48208700","49000000","46000000","48000000","44000000","37300000","",
"Gabon","GAB","Net primary income (Net income from abroad) (current US$)","NY.GSR.NFCY.CD","-6675043.23424472","-8606472.81309538","-11456466.1897421","26912167.5883582","-18796113.6589645","-20403088.8089246","-20351806.455037","-25203155.9326819","-27871583.3365157","-22695287.6323469","-16642466.688068","-23968858.6638083","-28568296.6018642","-57427641.0713031","-126295847.324407","-153047250.072208","-178698103.047236","-151416669.624787","-226894174.164145","-361505291.863953","-423609373.845945","-327897264.068286","-313140724.075022","-294961999.709678","-224049677.273947","-243509946.311777","-246602783.878614","-242898898.936629","-277658198.788827","-234476658.552385","-615944504.729712","-553690799.540113","-728016505.505586","-633121471.90481","-498014507.607839","-665417399.112464","-763040350.722212","-716492024.015267","-515113692.13187","-568915065.492218","-780671321.578242","-629713889.609426","-481015767.052687","-714735022.810741","-1193329443.00137","-957972476.958132","-1360620471.09577","-1830832152.11345","-2164656751.67954","-1377437931.97805","-1888128201.45437","-2499084209.53147","-1713493565.52303","-1704773518.92052","-947717622.946478","-1194388866.7778","-1089015280.4239","-943758941.922229","-1107310145.4542","-1363316000.1722","-642823134.659085","-1152325793.33866","-1531038312.46065","-1358458775.76322","-1076944114.44088","",
"United Kingdom","GBR","Net primary income (Net income from abroad) (current US$)","NY.GSR.NFCY.CD","","","","","","","","","","","504487640.988721","443489900.219031","283379120.879121","825225379.715826","886640953.71669","139699115.044248","314097035.040431","-1225421245.42125","-1069048897.41131","-2451219822.10928","-4779797815.47757","-4198482717.0418","-4604264500.34941","-2607185084.12915","-1842334397.44613","-3593862936.34497","-2438010847.25887","-4023391076.97336","-4201986837.4244","-5754708769.63351","-9131594460.22727","-8637717813.05115","-5315933660.93366","-5891153269.34613","-2064663299.6633","-5411246646.67824","-4858210608.42434","-3154533398.82122","5675912553.82577","-5753114382.78596","4596761991.22409","8911760472.14625","20665467625.8993","23503673469.3878","19928597583.3028","26390909090.9091","-10634774609.0156","-28221288515.4062","-38659926470.5882","-20271070260.1651","1092432885.64479","11120887470.4778","-25211398649.5827","-49352736599.4344","-54748030256.3319","-63813747622.533","-63098603009.5321","-28832593422.8808","-39027103294.0317","-2883418341.79756","-57648749234.4611","187053441.36527","1683713929.54133","-57110973273.5043","-26787588714.899","",
"Georgia","GEO","Net primary income (Net income from abroad) (current US$)","NY.GSR.NFCY.CD","","","","","","","","","","","","","","","","","","","","","","","","","","","","","","","","","-24734108.3353945","-45615763.3844953","-44685717.7881977","-119574000.567054","-71244734.7683298","127400000","190699926.680995","146899976.636403","37400000","19999835.987838","10400127.5234267","9499778.62186284","73799979.1318865","60800860.6065621","161096991.574521","36000172.4042977","-59300291.3887383","-43600339.3022514","-217038088.088594","-425958630.176787","-172313230.276553","-316774340.938468","-228267957.661326","-343444267.104738","-699550264.606154","-791184088.570743","-674227421.582166","-796378405.221339","-756604174.036081","-1174541339.37719","-1737695597.00981","-2389675470.08986","-2516027046.69123","",
"Ghana","GHA","Net primary income (Net income from abroad) (current US$)","NY.GSR.NFCY.CD","-14007250.8052019","-19610151.1272827","-14007250.8052019","-25213051.4493634","-16808700.9662423","-26613776.5298836","-19610151.1272827","-37174205.2107042","-50987820.539945","-48046215.5087943","-44124075.4672601","-45441641.2575148","-27763712.7387025","-22329601.7479103","-19254658.3850932","-22340425.5319149","-20338983.0508475","-11428571.4285714","-8376963.35078534","-14102564.1025641","-18879668.0497925","-12906976.744186","-10504201.6806723","-36155202.8218695","-47782126.5492498","-79372373.9495798","-126502916.105877","-138068027.210884","-131170886.075949","-117865480.822679","-112408020.603385","-121793651.225417","-106235549.95994","-112361455.812304","-111063326.636531","-133112897.576597","-143654729.221569","-133801929.72519","-151863595.857522","-163876043.998905","-146958171.764978","-108081473.673924","-129437530.996937","-164979163.878518","-198180756.980306","-131141427.007465","-572229586.266961","-140565118.231561","-116655627.093678","-94285132.6757141","-534154601.837924","-1222991598.84916","-2096036587.87188","-1751075006.87893","-2857277113.39894","-1486387867.66687","-2202768083.5495","-2973652640.1243","-3027247035.86862","-2810851669.6292","733062159.216389","-2435799781.82868","-1268202650.53114","-5134055632.49628","-3079166165.82931","",
"Gibraltar","GIB","Net primary income (Net income from abroad) (current US$)","NY.GSR.NFCY.CD","","","","","","","","","","","","","","","","","","","","","","","","","","","","","","","","","","","","","","","","","","","","","","","","","","","","","","","","","","","","","","","","","","",
"Guinea","GIN","Net primary income (Net income from abroad) (current US$)","NY.GSR.NFCY.CD","","","","","","","","","","","","","","","","","","","","","","","","","","","-157427277.648241","-124199998.832873","-131200002.973045","-169899994.20819","-148907518.228272","-165909224.588098","-140999791.626694","-83300842.7726291","-73197270.5048126","-80622564.7977656","-88904726.3873728","-110915417.745684","-119609987.938942","-78960006.1599479","-73123874.4550433","-87066702.4547786","-32630812.5326206","-245451491.984924","-268880556.835242","-279135052.737504","-40820000","-63150000.0112918","-91200000.0076494","-168200000.007623","-77109999.9948813","-133389999.999306","-121980000.00122","-405160000.023735","-212259551.959965","-143306686.134455","-102337964.048209","-50626906.5477405","-181850040.085137","-114084977.031001","-146444303.561715","-690175918.033507","-346149012.543839","-1931659699.34805","-2369283640.3141","",
"Gambia, The","GMB","Net primary income (Net income from abroad) (current US$)","NY.GSR.NFCY.CD","","","","","","","","","","","","-1272122.33244654","-1619120.85594951","-1299455.76992549","-1098877.9766758","-405023.329078275","1072304.87138048","1633174.43073956","-606114.362014532","-2671710.04693881","-4099691.86215088","-3711290.99524161","-6435132.40824456","-13775200.6291275","1050010.90942167","25249995.2489474","28553794.6657105","29850107.4296053","5250116.15993804","-16852297.9177521","-25411867.406389","-20140107.6657299","-18597324.6669885","-18927898.7503208","-18032188.4127684","-15363969.8813895","-16103604.5806275","-23753669.9154043","-25301115.2765642","-28879486.0102929","-30234261.6396712","-31224827.3396622","-32947894.6621933","-22717779.8586692","-20628477.783428","-22445360.6704752","-25081507.7821792","-25852989.4124386","-25589322.446699","-27993364.1493598","-29906232.1750207","-31867429.1075274","-29259387.6996617","-29670010.9492887","-28970026.1390505","-33049993.5444724","-27824675.1030975","-28299143.4105441","-29199223.1813814","-30000023.3708047","-26910911.221114","-50380308.4619387","-31194100.7680645","-28400000","-31676560.2913517","",
"Guinea-Bissau","GNB","Net primary income (Net income from abroad) (current US$)","NY.GSR.NFCY.CD","","","","","","","","","","","0","0","0","0","0","2451195.06747222","-7377148.8131957","-5788594.69277283","-6632708.93371758","-1699949.98991943","-5894453.8814226","-1652727.27272727","-7800000.26694037","-4800000.44293012","-4699999.94610103","-5899999.91874998","-16500000.0870613","-17899999.9767445","-19900000","-28049999.9910228","-22280000.0059484","-32909999.4137117","-27780000.2999749","-28980000.1547327","-26270000.1915896","-21089999.9316643","-18650000.1232301","-14299999.9664193","-14100049.4489571","-14300020.9030677","-12430938.9445227","-12010283.0525983","-8757680.49900539","-8831722.7674675","-9634954.22609686","-8817594.04165202","-8833595.97837491","-9899999.9828679","-14700164.1194916","-11110094.1337213","-2320013.96976588","-18508639.8533075","-33032915.9482494","-8022001.65270828","37335318.9511131","25571498.2486696","17622339.9435728","14382218.0660089","-51142823.2025921","26530820.6452846","25141290.5704683","16979583.6812815","9243944.40800849","12010623.6751833","17332947.1419435","",
"Equatorial Guinea","GNQ","Net primary income (Net income from abroad) (current US$)","NY.GSR.NFCY.CD","","","0","0","0","0","0","0","0","0","530000","423210.352819243","-174262.1088827","204256.77995194","364033.491081179","402389.952444824","399085.242814224","398883.652352492","","","-1842946.7594685","-6584629.25851703","-9749826.59748771","-3905446.90789932","-3058130.44289624","-4200377.6305059","-5582088.1991085","-5305018.76174387","-7030208.56404718","-7258726.83331038","7485254.75868734","10322227.1667228","15079215.0906102","12502166.114259","-8453569.34805177","-23845851.4141443","-45019823.4812412","-54964337.069926","-80311649.3716796","-100883694.811313","-370191580.11299","-873522588.513427","-985362311.729237","-1560540571.29702","-2929304038.08703","-4044355397.79562","-2146996089.61807","-2620972285.16559","-5113061413.07394","-5088944766.08068","-6735987572.95209","-7538124121.13006","-7544113036.74777","-6944972313.64566","-6969066346.21505","-3240478480.85712","-2530870520.18567","-3217382768.73557","-3070031747.3264","-3034216723.62387","-2439286704.6863","-3068115449.33921","-4757452006.34563","-3655588378.08842","-3808578273.77514","",
"Greece","GRC","Net primary income (Net income from abroad) (current US$)","NY.GSR.NFCY.CD","","","","","","","","","","","","","","","","","","","","","","","","","","","","","","","","","","","","","","","","","","","","","","","-5556928825.27058","-8682765032.82591","-11107670359.7023","-7881099518.29882","-6570701217.95001","-7841358596.42998","592831043.342578","-1787418444.48157","-453835795.433332","-1496054977.07695","-2183483721.80779","-2351749938.9153","-3960887178.20157","-3040038261.97647","-1933943607.75098","-1558123160.65114","-2878912823.01168","-6874791353.55502","-7286137210.11094","",
"Grenada","GRD","Net primary income (Net income from abroad) (current US$)","NY.GSR.NFCY.CD","","","","","","","","","","","","","","","","","","-1296296.2962963","-1481481.48148148","-1666666.66666667","-2185185.18518519","-4888888.88888889","-5296296.2962963","-4518518.51851852","-4888888.88888889","-5240740.74074074","-5551851.85185185","-6640740.74074074","-6274074.07407407","-9533333.33333333","-11874074.0740741","-6885185.18518518","-5337037.03703704","-8474074.07407407","-8814814.81481481","-13444444.4444444","-15400000","-16944444.4444444","-23244444.4444444","-26300000","-33748148.1481481","-41444444.4444444","-47596629.6296296","-50492592.5925926","-65193370.3703704","-28282148.1481481","-28884851.8518519","-41092111.1111111","-42711703.7037037","-63044222.2222222","-39877629.6296296","-31772703.7037037","-34282296.2962963","-25687333.3333333","-82700000","-116400000","-96500000","-120600000","-113400000","-121400000","-71500000","-98800000","-85400000","-138800000","-132900000","",
"Greenland","GRL","Net primary income (Net income from abroad) (current US$)","NY.GSR.NFCY.CD","","","","","","","","","","","-6848333.33333333","-8714752.81626018","-10451913.6625717","-13806380.6926192","-16738519.0897308","-20804148.8287912","-23718892.8085492","-27806057.1775815","-35067896.729152","-41437319.9710015","-47551944.2889937","-40289935.9249636","-27002888.228925","-36850770.3451244","-27808375.5737409","-28311523.3940005","-49437695.6496805","-58476822.0537148","-66849636.5979477","-61558033.8363993","-72714839.2242587","-70351435.1223755","-74551041.2046918","-61690894.9945396","-55026670.6411645","-49086395.0897897","-34490655.791533","-30282571.2143871","-29847062.1611332","-28668738.4608328","-24742847.5850486","-29076693.6242861","-30653422.0239011","-169042998.946669","-222615141.201294","-187613287.509734","-355641929.125318","-207631591.081141","","","","","","","","","","","","","","","","","","",
"Guatemala","GTM","Net primary income (Net income from abroad) (current US$)","NY.GSR.NFCY.CD","-10399900","-12399900","-11900000","-14200100","-16999900","-11700000","-16200000","-19400000","-31400000","-35700000","-38200000","-41900000","-45600000","-45900000","-48000000","-66000000","-44000000","-26300000","-17500000","2700000","-44100000","-85700000","-113600000","-112700000","-206600000","-170100000","-214400000","-179300000","-176300000","-179400000","-195701832.332462","-102800404.86152","-140999181.917871","-118400784.474753","-129999977.396026","-159100006.883971","-229900003.283425","-238700001.649158","-183700003.127737","-204500006.770206","-209601104.395775","-84430762.6059779","-318372016.313589","-317861161.833042","-410100212.722689","-484997204.590445","-680397220.383312","-842699559.407525","-634000032.804111","-729300078.232641","-1033700089.01966","-1303300054.02407","-1025000213.82237","-1236179372.45301","-1517555096.95582","-1486548218.34362","-1425715647.37971","-1501714603.23772","-1502141900.0647","-1404392247.16885","-1403823781.18666","-2136899584.03949","-2074183763.44369","-1931771734.68656","-1591341577.49823","",
"Guam","GUM","Net primary income (Net income from abroad) (current US$)","NY.GSR.NFCY.CD","","","","","","","","","","","","","","","","","","","","","","","","","","","","","","","","","","","","","","","","","","","","","","","","","","","","","","","","","","","","","","","","","","",
"Guyana","GUY","Net primary income (Net income from abroad) (current US$)","NY.GSR.NFCY.CD","-13941281.8134621","-12774676.3966423","-20940914.3143809","-16041218.2302878","-16741216.4802921","-14705882.3529412","-19235294.1176471","-18823529.4117647","-21000000","-20500000","-21250000","-18000000","-10571380.952381","-15095238.0952381","-22409090.9090909","-13750041.6666667","-24320000","-26880000","-25839960","-30840000","-41999960","-62499964.2857143","-61666700","-69666633.3333333","-73157921.0526316","-68604627.9069767","-87906953.4883721","-92142867.3469388","-94699980","-123492632.352941","-107316455.696203","-135000000","-110311750.59952","-91490015.3609831","-82942877.80188","-85936619.7183099","-52129629.6296296","-73454540.347329","-56172310.472432","-68629984.6065686","-43970289.9742367","-51310363.3272867","-54991739.4382818","-42939300.4941919","-31871714.3829658","-20452782.9893684","-68998851.1967878","-11163710.9397013","-14792519.7492102","-16885732.2873253","12779877.498279","-9329000.20831546","23967045.6697256","28500000.1971818","26700000.1990805","24700000","-46006448.9104116","-82707830.0242131","-98965365.1625365","-83133727.5779376","-105950940.527578","-1601297798.56115","-5804864567.86571","-3426050000","-8575010000","",
"High income","HIC","Net primary income (Net income from abroad) (current US$)","NY.GSR.NFCY.CD","","","","","","","","","","","","","","","","","","","","","","","","","","","","","","","","","","","","","","","","","","","","","","","","","","","","","","","","","","","","","","","","","","",
"Hong Kong SAR, China","HKG","Net primary income (Net income from abroad) (current US$)","NY.GSR.NFCY.CD","5980492.96558892","141020286.573369","109810701.956272","37845465.6817254","58516518.8017373","-6457225.13089005","-7321978.34765782","-7481461.50500218","-8874168.04982663","-10502724.1696206","-13981856.4637376","-19292439.0612156","-34565925.5467199","-46827688.7204897","-52667579.9643969","-63220150.4022052","-79514251.3456206","-106821814.671815","-105045982.13323","-155716460.839788","-366352470.406945","-505963555.937712","-579415270.422973","-634258854.614078","-703377513.430545","-830857889.163431","-1020588433.17336","-1318499176.0972","-1416092006.14912","-1627837809.04335","-2144744093.1994","-2935334345.53652","-3590817965.52017","672347514.078771","291133358.875433","1268383120.47326","-1379965023.12957","-143501432.366457","3300955556.07486","3371189171.76926","1379125874.21114","3904856547.52364","1075790394.99972","4138568722.50939","3592449922.9584","959712024.674783","4571802715.12016","6769411249.26408","12907301338.0408","6419453671.75154","4839128828.09701","6786485097.63618","3797500830.60258","5224213512.11965","6010639813.88902","5724642822.58845","8063770169.73171","14827285325.6685","17199081456.9114","18340801721.1004","20121048832.0528","25566140288.811","23720994553.093","32277708787.3007","38545929929.5615","",
"Honduras","HND","Net primary income (Net income from abroad) (current US$)","NY.GSR.NFCY.CD","8500050","-1000000","-4300050","-6000000","-7000000","-13100000","-15500000","-21200000","-23100000","-18600000","-22600000","-24500000","-27499876.2505569","-32999983.5000082","-13500000","-29000000","-58000000","-69000000","-93500000","-129000000","-163000000","-159500000","-214500000","-169000000","-186500000","-192000000","-210000000","-237500000","-244635193.133047","-255172413.793103","-276264591.439689","-281941806.007486","-338129103.839648","-229930479.888277","-219191561.221577","-264054014.59854","-259222212.837838","-213832699.619772","-210087740.029542","-162748850.174216","-222726468.730259","-258418635.605171","-298423233.6468","-366627456.160187","-455179855.8188","-456974496.321275","-532457753.309728","-400008467.803822","-407083078.40166","-288820911.241539","-728866213.991987","-941574578.231744","-1281570075.24773","-1303713674.00619","-1587713781.92321","-1430268840.41708","-1519079161.66302","-1416455103.57948","-1896118300.8065","-1939222080.92453","-1657196208.8662","-2372890812.64647","-2506481900.54396","-2598525212.55996","-2902547743.11611","",
"Heavily indebted poor countries (HIPC)","HPC","Net primary income (Net income from abroad) (current US$)","NY.GSR.NFCY.CD","","","","","","","","","","","","","","","","","","","","","","","","","","","","","","","","","","","","","","","","","","","","","","","","","","","","","","","","","","","","","","","","","","",
"Croatia","HRV","Net primary income (Net income from abroad) (current US$)","NY.GSR.NFCY.CD","","","","","","","","","","","","","","","","","","","","","","","","","","","","","","","","","","","","0","0","0","0","-500405963.366309","-403336319.639427","-481846906.150085","-458253950.242546","-1165187886.65829","-724697141.392895","-1093866960.93775","-1305621321.09207","-1392606292.51118","-2295489791.17579","-2341207673.07019","-2037883226.96794","-2040591404.95914","-1918142409.84877","-1117621371.79513","-868634927.045457","-83272847.0987133","-966918523.306886","-170618205.562415","-655329735.219784","-200982249.209633","944529830.280422","-339342040.37028","-278756260.082471","-294016520.096495","346511371.151663","",
"Haiti","HTI","Net primary income (Net income from abroad) (current US$)","NY.GSR.NFCY.CD","","","","","","","","","","","","","","","","","","","","","-14300000","-13060000","-14020000","-14199988.6","-18060000","-19799641","-15336982.4","-20900622.4","-27124936.8","-25578170.4","-18200000","-18000114.1393041","-11900045.0095412","-10600026.7441539","-1802482.29689748","7694340.06575857","12903645.0274231","10966926.4369024","8102826.01595739","4446964.992321","-9189328.83240485","-9470370.78707278","-13669857.1429257","-14278376.2538747","-12336101.9151528","-35036389.4003022","6616385.11312807","2204582.50807323","5546104.02724131","12796073.559022","22282608.1563482","37797713.4595636","54543073.9274615","31526825.880091","49095383.4233342","40632925.3339707","47926020.0776078","58507507.0495469","50278529.0189721","49656096.4159006","28603899.911543","23414072.5630011","23701177.154993","4309186.11404898","3619914.55837911","",
"Hungary","HUN","Net primary income (Net income from abroad) (current US$)","NY.GSR.NFCY.CD","","","","","","","","","","","","","","","","","","","","","","","","","","","","","","","","","","-1003585814.63699","-1151491024.21289","-1489969113.09317","-1738144355.56091","-2475223406.92074","-2633612513.33362","","","","","","-6291706166.04635","-7032906191.67512","-7109553686.01169","-10580005641.9087","-10271687312.9502","-5600402685.1608","-6061930085.39952","-6588908507.62229","-5164773345.67329","-3739363865.97823","-6143606021.73959","-5876158341.76116","-3298270125.62606","-5601885096.56262","-6014218483.04107","-3941684442.30372","-3427452678.05928","-5425326512.1547","-4829396463.99696","-6323397827.73905","-4423963776.3229","",
"IBRD only","IBD","Net primary income (Net income from abroad) (current US$)","NY.GSR.NFCY.CD","","","","","","","","","","","","","","","","","","","","","","","","","","","","","","","","","","","","","","","","","","","","","","","","","","","","","","","","","","","","","","","","","","",
"IDA & IBRD total","IBT","Net primary income (Net income from abroad) (current US$)","NY.GSR.NFCY.CD","","","","","","","","","","","","","","","","","","","","","","","","","","","","","","","","","","","","","","","","","","","","","","","","","","","","","","","","","","","","","","","","","","",
"IDA total","IDA","Net primary income (Net income from abroad) (current US$)","NY.GSR.NFCY.CD","","","","","","","","","","","","","","","","","","","","","","","","","","","","","","","","","","","","","","","","","","","","","","","","","","","","","","","","","","","","","","","","","","",
"IDA blend","IDB","Net primary income (Net income from abroad) (current US$)","NY.GSR.NFCY.CD","","","","","","","","","","","","","","","","","","","","","","","","","","","","","","","","","","","","","","","","","","","","","","","","","","","","","","","","","","","","","","","","","","",
"Indonesia","IDN","Net primary income (Net income from abroad) (current US$)","NY.GSR.NFCY.CD","","","","","","","","","","","","","","","","","","","","","","","","","","","","","","","","","","","","","","","","","","","","","","","","","","","-20105846327.348","-24729985942.1895","-25908443685.991","-27274607744.9614","-29868253200.4696","-28555379361.2901","-29831928124.2279","-32180787962.9831","-31058906235.4887","-34021221183.9206","-29079785771.0293","-32212204225.021","-35629885807.6526","-36248728808.5505","-36860471518.7515","",
"IDA only","IDX","Net primary income (Net income from abroad) (current US$)","NY.GSR.NFCY.CD","","","","","","","","","","","","","","","","","","","","","","","","","","","","","","","","","","","","","","","","","","","","","","","","","","","","","","","","","","","","","","","","","","",
"Isle of Man","IMN","Net primary income (Net income from abroad) (current US$)","NY.GSR.NFCY.CD","","","","","","","","","","","","","","","","","","","","","","","","","56812982.1761107","54663757.7002053","68157431.8381706","95107043.6345808","117646744.93063","119931282.722513","142157315.340909","147287477.954145","151493506.493506","109929514.097181","98071625.3443526","104675714.060281","104950078.00312","133781925.343811","116911228.883736","95531467.4000971","65737630.5038584","72968187.7069239","72520983.2134293","88047346.9387755","115803734.895643","120118618.613159","155843654.034043","-96912191.9595335","-1571864785.66675","-1653693067.19384","61562566.1524864","126171810.536401","127597161.032277","200843884.495068","-53276948.6449575","-258304623.822655","-740928717.828239","-614451907.842832","-380038477.343195","-353828284.053124","-149600000","-1102856003.24593","-927472137.379176","","","",
"India","IND","Net primary income (Net income from abroad) (current US$)","NY.GSR.NFCY.CD","-151200151.200151","-205800205.800206","-226800226.800227","-235200235.200235","-304500304.500305","-344400344.400344","-326535248.06031","-344000000","-340000000","-361333333.333333","-378666666.666667","-391047353.818839","-390663554.98402","-413339863.679241","-364865393.507954","-294684958.089443","-260674159.314648","-272115262.886701","-190102971.224138","189445531.314232","437114824.236129","44796018.5298731","-658477108.624939","-915428914.326521","-1197964167.57937","-1167730085.52377","-1411645094.43554","-2019508809.80838","-3105687241.40716","-3439476997.84491","-4203693901.99738","-4109941024.36518","-4409092112.08688","-3851507549.56058","-4166856303.2707","-4029621001.65309","-3684985615.96484","-3553713156.59964","-3558538142.64089","-3560933711.84936","-4975983268.89377","-4207684849.52075","-3447920534.12896","-4506402865.5395","-4979798919.83654","-5898790485.94392","-7344611536.03907","-5094798844.2417","-7158167177.84992","-8009501808.98814","-17955017307.6604","-16031234447.2047","-21460193760.2065","-23120556798.8586","-24112058203.1531","-24405494405.6058","-26300103044.4403","-28673186104.4227","-28935364724.9938","-27238633305.4539","-35929571856.8713","-37287774218.3962","-46078999511.5939","-49785143757.7928","-56552597533.7948","",
"Not classified","INX","Net primary income (Net income from abroad) (current US$)","NY.GSR.NFCY.CD","","","","","","","","","","","","","","","","","","","","","","","","","","","","","","","","","","","","","","","","","","","","","","","","","","","","","","","","","","","","","","","","","","",
"Ireland","IRL","Net primary income (Net income from abroad) (current US$)","NY.GSR.NFCY.CD","","","","","","","","","","","","","","","","","","","","","","","","","","","","","","","","","","","","-6195933080.80808","-6424043598.79032","-8165407115.56829","-9360566333.96882","-12638373587.7576","-12851162555.6973","-15939228518.0016","-20780827431.9855","-22704988477.1694","-26597631821.3452","-28382155444.1961","-28571429972.3505","-36582826759.7652","-37013835159.0484","-38919040720.9992","-35378778922.2167","-44446660984.504","-43143952633.3582","-38275618144.0942","-41535211683.8528","-67400268574.3019","-56647698345.5429","-75088003157.5366","-95896120829.3631","-100367472314.039","-117669239601.7","-151987105633.443","-173544010932.89","-144601355743.41","-151497297039.643","",
"Iran, Islamic Rep.","IRN","Net primary income (Net income from abroad) (current US$)","NY.GSR.NFCY.CD","-106059265.654721","-113305260.019835","-128264096.289754","-143545848.220015","-162883622.730012","-203938180.097856","-205851828.252321","-245534199.201579","-329183784.319769","-393382560.369504","-453142086.43624","-528800827.873888","-531568125.18763","-638121093.199043","-163468914.943564","22487314.0050258","-469427714.124097","-870434205.364393","-1148733252.99744","815691994.810898","877390178.75408","892219353.296782","433968957.621841","636146240.335264","419588696.21775","85024230.2522601","152049771.721155","-66314010.6576425","-83824220.7714767","-70830365.2301726","-52601681.438625","233135568.189884","65134543.5","18558993.9339339","-325958122.570694","-490826549.193942","-549969353.250223","-247072473.466451","-77617804.1172801","273147408.4372","197844901.413366","298028226.499399","361702272.555919","284683843.395315","-304600000","-407135320.846725","111424230.560087","953700000","1335300000","-121700000","79100000","466969159.733625","4208938782.84666","3191683766.273","2379544864.40454","305023835.848546","366217751.158049","996509817.071959","1986936604.95945","427526830.428911","61754817.1196472","-108037587.146544","-871317208.458078","-895138367.585994","-1207734012.10625","",
"Iraq","IRQ","Net primary income (Net income from abroad) (current US$)","NY.GSR.NFCY.CD","","","","","","","","","","","","","","","","","","","","","","","","","","","","","","","","","","","","","","","","","","","-1156500000","-361700000","50800000.0046794","502300000.018383","895799999.990867","1482999999.99203","3485800000.00268","3095100000.03299","1593200000","-237400000","1059199999.98628","-1060430000","-1303600000","-1516206684.98464","-1561200000","-1440700000","-1754000000","-1166200000","-1806899999.99807","-2064200000","-946200000","973300000","1331000000","",
"Iceland","ISL","Net primary income (Net income from abroad) (current US$)","NY.GSR.NFCY.CD","","","","","","","","","","","","","","","","","","","","","","","","","","","","","","","","","","","","","","","","","","","","","","","","","","","","","","","","","","","","","","","","","","",
"Israel","ISR","Net primary income (Net income from abroad) (current US$)","NY.GSR.NFCY.CD","","","","","","","","","","","-146666666.666667","-92500000","-152500000","-185000000","-290000000","-423333333.333333","-406250000","-385000000","-440000000","-473600000","-661372549.019608","-471578947.368421","-656790123.45679","-854270462.633452","-1401582537.51705","-1450357960.81093","-1505982658.95954","-1586158911.32572","-1592087059.85365","-1368427259.44479","-1283744172.20514","-1020529595.01558","-1336028221.70713","-1423444754.60231","-1745076882.20252","-1653392554.71059","-1705874612.27559","-2088153012.11805","-2008785031.97284","-2995322849.48185","-5960146175.16494","-2786323323.10911","-1860371269.36553","-2359785687.62214","-1999349174.47568","630256033.157297","1361918622.91844","1978838635.86573","-1355093645.48495","-2233189227.67846","-1497915605.21266","-369386874.225696","-3512667946.42708","-2670617944.98386","1283872635.67571","434376227.434501","261998055.842454","1607262875.27588","3244784957.7249","1511492121.14267","-406650191.810362","-3859741649.02324","-459906648.5941","-2929108103.69829","-4235654991.11072","",
"Italy","ITA","Net primary income (Net income from abroad) (current US$)","NY.GSR.NFCY.CD","","","","","","","","","","","529222428.748451","623676654.182272","800863213.811421","586240451.677184","-358931229.532599","-165759193.357058","-342802977.436613","-113399166.11806","-38767967.1457906","1002423677.46446","1587255256.61316","-1372730369.61335","-1736685755.18969","-1378744263.13106","-1372525898.1706","-1945932461.21083","-4445244836.99182","-4164914849.11861","-4227588515.32282","-5981433813.1527","-15262302844.2146","-18110163883.2527","-21144848389.6308","-14663145071.9823","-16823342939.4813","-14255438012.5995","-12699460409.0852","-5684743065.02956","-6981264637.00234","-2440201755.05792","-4377554037.33334","-3575084385.15748","-5695285106.00001","-7605922476.86273","-2988599705.86873","2919631051.20622","7713269132.82352","1704463537.37255","-22304006683.5937","-1567735442.1875","-4679779833.33334","-5919985690.66149","-2651289903.28125","-3701464975.29413","1328500.78431372","-12763836293.75","5111678575.09729","10631429551.7647","22615278862.7451","16098043450.9804","24278520491.8289","24170480976.7438","19483505902.7238","-11241949919.608","-6281053860.15625","",
"Jamaica","JAM","Net primary income (Net income from abroad) (current US$)","NY.GSR.NFCY.CD","-15764413.6942345","-19088712.3645151","-33554626.5781494","-18616912.553235","-21377011.4491954","-22539990.9840036","-74059970.3760118","-76221301.3682552","-58559953.1520375","-61439950.8480393","-61079904.4319618","-89216884.6856756","-32835587.5224767","-30363475.177305","56870056.8700569","21670241.6702417","-73200000","-93500000","-142500033.25649","-167000031.732037","-212000000","-162200000","-175200000","-154885923.785993","-266337222.950976","-281770598.237888","-280676019.878664","-343259463.532232","-335200010.239491","-350099873.934703","-430000638.360807","-438800004.126817","-293900641.54214","-195899998.196288","-352000002.538843","-370699995.108434","-224700003.162753","-291899996.686859","-308100000","-332499997.374724","-349899999.302093","-437800001.087045","-605299996.021971","-571399998.205777","-582543023.210212","-676215655.199206","-615632149.241987","-661594846.537676","-568261572.14389","-667914289.374534","-494617268.978838","-518400000.9407","-199699995.950413","-333600056.088832","-298399954.272123","-440000030.09324","-594999800.231891","-420999861.821097","-595999963.001907","-441499944.074851","-454399894.558278","-418599978.056916","-353399960.712214","-289100015.132449","-349799926.211746","",
"Jordan","JOR","Net primary income (Net income from abroad) (current US$)","NY.GSR.NFCY.CD","","","","","","8399996.64000134","11759995.2960019","12039995.1840019","14839994.0640024","18759992.496003","18759992.496003","14839994.0640024","11479995.4080018","20086982.7221514","28252797.3374067","42527642.9679292","6024404.86410449","24296391.6821303","27945030.6748466","36763192.8559299","35662331.1236049","86609085.6542779","92624229.7697536","45634696.5811848","-60572223.7394821","-88697370.9217612","-150000000","-220679609.642527","-307473042.437455","-194709316.086993","-215021876.958681","-362488066.668037","-348034326.834535","-309978624.552754","-314972949.763847","-278396118.721461","-300987306.06488","-208513681.241185","-137929055.007052","-154412834.978843","100423131.170663","161639982.905091","68970380.8180536","129901269.393512","273624823.695346","337094499.294781","454160789.844852","575740479.54866","411601497.603806","375492957.746479","-214647887.323944","-264507042.253521","-388028169.014085","-338591549.295775","-416681690.140845","-433154929.577465","-305647605.633803","-206816901.408451","-199718309.859155","8028169.01408451","-123802816.901408","-231690140.84507","-502253521.126761","-342112676.056338","-1219042253.52113","",
"Japan","JPN","Net primary income (Net income from abroad) (current US$)","NY.GSR.NFCY.CD","","","","","","","","","","","-328167355.555556","-208638869.822632","112090087.326522","214343336.828588","-534021894.498986","-252332315.208693","-252386687.011575","-72764235.9688652","597649814.651754","1583528059.68787","296287280.454157","-1203019926.92343","1224192423.45832","2120705152.63038","3201727091.11768","5720613388.01136","7775540025.56376","14913720494.3393","19339782796.4826","22829608522.1985","23154795455.5657","27356367047.8157","35548979631.4763","41343795416.8158","41563364048.5364","47119060680.6748","59363425510.9667","58962285593.3793","50613687910.268","56921096896.7612","71875507467.6033","68013451944.3523","61046511627.907","73021171619.9373","94459900363.2398","107136570911.156","122965486464.665","140341476049.544","137182358660.791","132942040245.762","153405322119.677","181249720017.308","173173594859.003","179278466980.83","182026899407.216","174840516749.234","174116141695.326","182413336169.474","192796477397.602","200500568636.519","185419596878.769","240500775519.517","263015126170.479","250634381710.838","","",
"Kazakhstan","KAZ","Net primary income (Net income from abroad) (current US$)","NY.GSR.NFCY.CD","","","","","","","","","","","","","","","","","","","","","","","","","","","","","","","","","","-45200413.7162861","-96599788.2291541","-141100000.200892","-213399895.06909","-305500000.6628","-297499875.260738","-551699847.593775","-1138999735.55113","-1094399753.73977","-984800212.281947","-1604199646.3426","-2720700000","-5555500000","-9350097700.89295","-12945703485.5453","-19375305315.2895","-12417502777.8763","-19375600000","-27745093755.5375","-28117100000.3353","-25147705454.7995","-22701104180.8099","-11617898271.0342","-13450300000","-18148498719.5884","-22061297887.8718","-22692622312.6359","-15072696630.59","-24188943146.1057","-25515195068.7253","-26614560911.0738","-23527575449.8494","",
"Kenya","KEN","Net primary income (Net income from abroad) (current US$)","NY.GSR.NFCY.CD","-26305877.477649","-22651878.9392484","-23085864.7656541","-27677862.9288548","-29735848.1056608","-26039989.5840042","-34439986.2240055","-38499998.6000006","-39600006.1599975","-26500001.3999994","-22900000.8399997","-24597486.1610055","-34045900.3816398","-102356855.803983","-101035789.585684","-92921240.1199315","-142023414.199228","-158261794.965324","-187548191.103999","-224530036.149676","-221900094.970652","-214600047.438529","-254399415.875283","-190399756.842139","-203800352.091301","-209299781.641039","-239599378.56771","-279900139.123104","-323700001.690417","-244135547.768773","-365754615.789896","-373553961.853894","-354491439.304416","-360174344.613769","-362323683.566136","-320154986.69809","-225900533.043349","-172194658.904109","-129907101.100441","-172862631.015685","-129780093.983447","-147499812.252826","-121585883.437308","-166075493.0171","-141587434.226979","-6194236.23935529","-70082406.1191524","-144182204.95086","-31658698.986488","-5370358878.8913","-5553130083.73061","-4907546686.06071","-6209363200.36145","-7174667256.53702","-7705965238.75368","-6925310790.95329","-1010322028.60155","-1561053014.16435","-1390700010.24861","-1604803578.43862","-675795893.651507","-1529017191.49701","-1759735796.21853","-1847405650.47431","-1871319934.07954","",
"Kyrgyz Republic","KGZ","Net primary income (Net income from abroad) (current US$)","NY.GSR.NFCY.CD","","","","","","","","","","","","","","","","","","","","","","","","","","","","","","","","-3023223.85598461","0","-5676198.634413","-33380450.5849545","-39438349.5513233","-39400000","-64600000","-79200001.9261514","-74000000","-82000000","-59100001.0321089","-57800000.8521753","-62000000","-102100000","-88099955.3762804","-48100000.249048","-50500059.5316942","-206700044.664886","-181399965.243421","-305100258.220185","-658899985.504043","-169300076.701201","-423000358.0449","-308800242.099116","-260699968.111499","-357800174.288247","-371600172.379474","-251000711.501632","-779306626.001054","-256424382.955094","-622256101.199017","-270421190.793795","-194118662.823808","-239975964.266439","",
"Cambodia","KHM","Net primary income (Net income from abroad) (current US$)","NY.GSR.NFCY.CD","461091.428571429","465245.714285714","477594.285714286","527214.285714286","566534.285714286","628560","3857145.71428571","-2085682.85714286","-1571342.85714286","-1408408.45070423","-432093.986316169","-628104.109971391","-300825.659914058","-432848.101265823","-373007.149518185","","","","","","","","","","","","","","","","","","","","","-60768968.2552636","-85253660.0642636","-39684994.3658147","-54376614.1640043","-96090604.8908756","-120130751.401142","-141366156.804281","-187586522.593822","-176867047.273184","-214084031.272564","-287327089.260843","-318686428.17279","-325405021.134453","-425713134.600147","-450674746.372256","-399298628.997049","-532914763.237649","-679137802.28118","-825088063.517288","-931184175.20743","-996196998.193104","-1048938839.9974","-1140161373.96676","-1325725762.27358","-1644688973.6263","-1105757174.72419","-1489862325.31981","-1550402497.17441","-952107752.937397","-357891866.298677","",
"Kiribati","KIR","Net primary income (Net income from abroad) (current US$)","NY.GSR.NFCY.CD","","","","","","","","","","","","","","","","","","","5150751.03673172","5886159.92336591","-440652.028365693","-2799308.2169349","4204438.14201365","7648545.28992851","-3168880.90501343","-1095052.36068287","-816190.655719952","3412735.0894145","2883801.02319854","4296230.3405749","8481277.57000664","28576458.4547219","29572694.264597","25766170.7104776","29499302.1390589","35058223.1865344","26306810.6674972","44418055.7823331","49153300.4822129","42804606.6002129","42056333.7656472","45094241.2547157","44619227.921022","43721958.5528116","47054021.6157064","46894819.5189973","44341564.173368","56624203.3952766","64292999.8708247","50323626.2360697","72489609.3138707","71152895.9846843","97751193.0511565","119373013.091752","158418479.79426","181111194.584889","139642242.79557","171066895.163701","170307349.306492","194937181.397101","156638668.763355","161522779.036436","177421492.957794","200966436.955532","195993290.034434","",
"St. Kitts and Nevis","KNA","Net primary income (Net income from abroad) (current US$)","NY.GSR.NFCY.CD","","","","","","","","","","","","","","","","","","-1296296.2962963","-1296296.2962963","-1296296.2962963","-1244444.44444444","-1044444.44444444","600000","1100000","100000","-1300000","-1688888.88888889","-1762962.96296296","-4122222.22222222","-9166666.66666667","-4459259.25925926","-7007407.40740741","-10688888.8888889","-11900000","-13007407.4074074","-10959259.2592593","-15588888.8888889","-19601082.5640455","-25380936.4920476","-28484039.5951507","-30137544.9523598","-34619804.9901754","-38101138.1752122","-43801245.6901346","-38901629.6296296","-35138333.3333333","-32339814.8148148","-30944481.4814815","-34138407.4074074","-33901259.2592593","-29184481.4814815","-29645666.6666667","-23777185.1851852","-14600000","-58600000","-63000000","-56600000","-45400000","-43700000","-16100000","-23300000","-27400000","-30100000","-17300000","-12400000","",
"Korea, Rep.","KOR","Net primary income (Net income from abroad) (current US$)","NY.GSR.NFCY.CD","36435643.5643564","30450743.1183324","32307692.3076923","36153846.1538462","36942351.6939939","43918787.0306696","84765283.0884047","148604503.89939","169169874.749227","198500281.787113","163577688.776059","75472241.626398","23670494.499537","13556881.2846501","70214909.542676","-176239669.421488","-132438016.528926","-109917355.371901","150619834.710744","-116528925.619835","-595127853.712141","-993791300.596466","-724540347.062623","-915374226.408231","-1379321810.90301","-2221213305.44125","-2511418063.4683","-1791950204.69445","-1545931655.54816","-726332247.036961","-283851599.162546","-336263571.732751","-471657750.174598","-524249792.069177","-1168342656.09454","-2079677852.19584","-2139962630.52187","-3060057866.73495","-4961408531.68752","-5487473384.24839","-3855317286.4586","-3706367168.3832","-2327973173.43628","-2451968095.04284","-1374725927.93345","-6603056077.49586","-3075858002.35759","-2973234646.63662","266050431.43816","-1462805322.13982","1708403230.5484","7757933279.93302","13380822105.5129","8736030027.87716","7184757418.03123","4585692148.87451","5482493264.15497","6615910439.67431","6920790758.97187","14252965291.7667","14355918810.8306","20467297701.4676","21724009761.2177","26557016074.2152","27068634821.6742","",
"Kuwait","KWT","Net primary income (Net income from abroad) (current US$)","NY.GSR.NFCY.CD","","","","","","","","","","","","","","","","1151597065.15143","1508274991.7062","1765736339.97055","2606770331.5361","3158854562.42808","4846520679.10484","7586491382.24797","6026167808.80203","5029556362.93773","5015841276.48938","4664957623.03285","7739293518.47072","5583805528.54164","7257310172.06097","8417892361.26476","7750000000","5410368348.28982","5241990456.71438","3824503311.25828","3168350168.35017","4880582211.97663","5180205003.8576","6276598900.93589","5866988672.90554","5108158270.78166","6699222824.95306","4900841914.42602","3343050994.68929","3358925143.95393","6128266033.25416","8856164383.56164","13167870533.745","12395589239.0945","10742928563.9889","6928783640.565","8461063407.38363","9250703857.90223","12695401806.1271","13957875658.0826","15642361904.2264","12693616794.969","12777886852.6529","18776556782.5944","18337108717.8264","20205130907.6417","16362051117.9396","24137142250.939","25998367346.9388","32282499145.4661","33083461855.7441","",
"Latin America & Caribbean (excluding high income)","LAC","Net primary income (Net income from abroad) (current US$)","NY.GSR.NFCY.CD","","","","","","","","","","","","","","","","","","","","","","","","","","","","","","","","","","","","","","","","","","","","","","","","","","","","","","","","","","","","","","","","","","",
"Lao PDR","LAO","Net primary income (Net income from abroad) (current US$)","NY.GSR.NFCY.CD","","","","","","","","","","","","","","","","","","","","","","","","","","","","","","","","","","","-1811378.62806025","-6002315.42581615","-7003020.56415713","-42429304.036572","-37000489.5810762","-22793529.1384292","-70789743.5897436","-68993241.7211084","-64293606.4432733","-113368505.135032","-97000000","-65737609.2454134","-190636805.036531","-147579631.5047","-255628707.355332","-165147263.528551","-452169060.913254","-592845042.093657","-608436415.480418","-644725043.110856","-585844404.908508","-641555169.61936","-684092908.655981","-900972344.156975","-785729554.262592","-1084450113.32524","-1128150270.18906","-1072220763.53709","-1157519028.01133","-1157461862.23622","-1047128765.07511","",
"Lebanon","LBN","Net primary income (Net income from abroad) (current US$)","NY.GSR.NFCY.CD","","","","","","","","","","","","","","","","","","","","","","","","","","","","","","690015286.024051","622296748.617803","100926313.498745","242459013.539313","170887006.535122","326780987.262663","492000007.401011","398883199.69454","317944228.645664","146974597.198661","207999448.218781","321000000","-74000000","-870380000","-3321290000","-814470000","-198020000","150900000","745020000","432880000","-219810000","-509670000","-239370000","-204180000","-218450000","-577310000","-508510000","-817790000","-209220000","-1112550000","-1247200000","-1014650000","-1892700000","-995350000","-255120000","","",
"Liberia","LBR","Net primary income (Net income from abroad) (current US$)","NY.GSR.NFCY.CD","","","","","","","","","","","","","","","","","","","","","","","","","","","","","","","","","","","","","","","","","-101400000","-156499700","-163799600","-152899900","-166299800","-155599800","-152000100","-154200100","-159600000","-144600100","-179400100","-124844800","-261970000","-301493500","-333000000","-280000000","-281000000","-302889900","-437000000","-353761800","-288143800","-218049500","-250000000","-273000000","-299397600","",
"Libya","LBY","Net primary income (Net income from abroad) (current US$)","NY.GSR.NFCY.CD","","","","","","","","","","","","","","","","","","","","","","","","","","","","","","","","","","","","","","","","","","","265000000","539843750","-50000000","-492974162.803762","-37302865.773631","832379647.486031","705317752.594474","575173868.439149","-29207705.4663405","55793724.9622596","-1929204381.5291","-414408520.302086","582127346.546139","1236307295.77689","750807879.059444","1282088074.50029","990500136.63334","1829770222.05408","792846665.18323","-537388482.47562","124865603.266035","2179982351.53441","3700068374.54017","",
"St. Lucia","LCA","Net primary income (Net income from abroad) (current US$)","NY.GSR.NFCY.CD","","","","","","","","","","","","","","","","","","","","","-10006150","-11223285.1851852","-11255386.2962963","-11107458.8888889","-12703785.5555556","-15478239.6296296","-17385199.6296296","-19551100.3703704","-26478316.6666667","-28618084.8148148","-58209544.8148148","-62631518.5185185","-62294592.5925926","-69718518.5185185","-70482851.8518519","-79363000","-76610925.9259259","-79683000","-88209111.1111111","-89502703.7037037","-44600000","-46984074.0740741","-36321814.8148148","-50836777.7777778","-68990370.3703704","-72509925.9259259","-54492592.5925926","-67976370.3703704","-71873777.7777778","-45159629.6296296","-39567518.5185185","-19848259.2592593","-37713259.2592593","-97800000","-105700000","-150200000","-110700000","-117200000","-102300000","-125100000","-35400000","-63600000","-201600000","-199100000","-252400000","",
"Latin America & Caribbean","LCN","Net primary income (Net income from abroad) (current US$)","NY.GSR.NFCY.CD","","","","","","","","","","","","","","","","","","","","","","","","","","","","","","","","","","","","","","","","","","","","","","","","","","","","","","","","","","","","","","","","","","",
"Least developed countries: UN classification","LDC","Net primary income (Net income from abroad) (current US$)","NY.GSR.NFCY.CD","","","","","","","","","","","","","","","","","","","","","","","","","","","","","","","","","","","","","","","","","","","","","","","","","","","","","","","","","","","","","","","","","","",
"Low income","LIC","Net primary income (Net income from abroad) (current US$)","NY.GSR.NFCY.CD","","","","","","","","","","","","","","","","","","","","","","","","","","","","","","","","","","","","","","","","","","","","","","","","","","","","","","","","","","","","","","","","","","",
"Liechtenstein","LIE","Net primary income (Net income from abroad) (current US$)","NY.GSR.NFCY.CD","","","","","","","","","","","-1538778.17034267","-1791379.18271908","-2133822.08548799","-2833862.00788478","-3312947.88956952","-4208023.68434612","-4653786.42221566","-5183303.6893729","-7461920.27516394","-8593603.87316002","-9132020.61457008","-8738332.64943933","-8916772.35842435","-8949704.21248301","-8584179.22758091","-9035926.13318411","-13310508.4892744","-17981386.7027184","-19841454.2472494","-19128016.2599141","-24277655.9613809","-25347700.6845226","-27858553.9368718","-28574319.3263207","-33271745.3929686","-41476267.0311019","-42765511.6058932","-39253765.3834838","-42350289.3131735","-88206609.8372006","-49146072.1926194","-250768095.803842","-315730649.227162","-443470505.72123","-596222263.682392","-533177210.950732","-493363204.165115","-480853339.731382","-511776491.334977","-635211213.242389","-796428441.297682","-1207600541.41583","-1648209844.68115","-1281146699.11879","-1283303734.86467","-1106006872.53801","-251371532.605232","274400523.209288","224975789.537194","-166637317.300193","460460865.61956","-1235000207.91249","-1242626975.21658","-479805006.17703","","",
"Sri Lanka","LKA","Net primary income (Net income from abroad) (current US$)","NY.GSR.NFCY.CD","-3441260.50420168","-37301071.4285714","4611028.80658436","-16854067.2268908","-3095848.7394958","-14915966.3865546","-840336.134453782","-3909465.02057613","-30084033.6134454","-11932773.1092437","-154285714.285714","-211129848.229342","-201842546.063652","-253125000","-344210526.315789","-421968616.262482","-534958382.877527","-580721533.258174","-231902626.521461","-6165703.27552987","42528735.6321839","-24155844.1558442","49014896.6842864","-26434339.1415215","-172523584.90566","-25073637.7025037","-26766595.2890792","-28532608.6956522","-17195850.3615215","-50790568.6546463","-59011482.7758362","-74522600.91854","-22130960.5293178","1179635.7615894","-71954674.2209632","-170185365.853659","-195947168.445811","-174402441.09171","-249047840.222945","-284330160.534167","-319791765.637371","-281754371.083259","-251338072.339536","-171311645.254869","-204881905.326613","-298995024.875622","-388841862.254713","-353036147.479074","-969522308.571521","-485406980.149765","-617133401.59071","-651570265.842592","-1213831735.16475","-1751112806.06225","-1808149529.18914","-2021078925.3404","-2195387412.20238","-2314454237.05315","-2396950245.47605","-2468955762.77792","-2280370859.05471","-1988808279.11233","-1901269021.17675","-2544665288.51269","-2464940469.95405","",
"Lower middle income","LMC","Net primary income (Net income from abroad) (current US$)","NY.GSR.NFCY.CD","","","","","","","","","","","","","","","","","","","","","","","","","","","","","","","","","","","","","","","","","","","","","","","","","","","","","","","","","","","","","","","","","","",
"Low & middle income","LMY","Net primary income (Net income from abroad) (current US$)","NY.GSR.NFCY.CD","","","","","","","","","","","","","","","","","","","","","","","","","","","","","","","","","","","","","","","","","","","","","","","","","","","","","","","","","","","","","","","","","","",
"Lesotho","LSO","Net primary income (Net income from abroad) (current US$)","NY.GSR.NFCY.CD","","","","","","","15119993.9520024","14839994.0640024","16379993.4480026","17499993.0000028","19739992.1040032","21671744.3796778","26927704.9660152","42797917.4562186","88450381.6906238","101334535.934703","138575034.643759","165600041.40001","177790044.447511","213652121.141584","263213983.981182","290370370.37037","346282979.80505","382617987.61332","332395136.642136","233008985.159344","268817460.762037","336166309.681621","339702032.313628","319659035.405427","360851668.579198","375308829.307775","380742871.528681","332035638.064449","329246608.790475","337250326.364009","320563810.939749","323661827.072359","263610896.256415","282347903.685483","243233693.976277","368679652.925393","347508577.902496","497042268.02502","561644683.881355","501056400.927897","443277291.503022","662445125.270302","625653731.899018","552179928.092584","637346225.306702","509692530.20014","414963796.882611","351768416.03449","278569927.951278","279417053.04308","286174644.591213","313840442.935306","486528343.894321","433236734.262556","388057634.960302","401394843.574166","472426356.189203","458336475.105949","","",
"Late-demographic dividend","LTE","Net primary income (Net income from abroad) (current US$)","NY.GSR.NFCY.CD","","","","","","","","","","","","","","","","","","","","","","","","","","","","","","","","","","","","","","","","","","","","","","","","","","","","","","","","","","","","","","","","","","",
"Lithuania","LTU","Net primary income (Net income from abroad) (current US$)","NY.GSR.NFCY.CD","","","","","","","","","","","","","","","","","","","","","","","","","","","","","","","","","","","","","","","","","","","","","-529990064.580229","-434607538.251026","-610555904.128498","-1553092501.36836","-1509749743.88995","844785932.721712","-241410792.191422","-1273336081.72643","-1335050163.73483","-1006054255.54469","-565777643.429032","-1476964698.28086","-1507402797.12841","-1704326267.63647","-1632687324.12157","-1703608472.69804","-1538405664.00623","-2247863010.01934","-2798053430.28406","-2442167378.45298","-2097469343.75781","",
"Luxembourg","LUX","Net primary income (Net income from abroad) (current US$)","NY.GSR.NFCY.CD","","","","","","","","","","","14774505.8491327","3890218.73710277","33865823.4808908","-67817222.1072242","-189792874.896437","114706592.080728","310872518.286311","389338210.467079","363013961.829128","-141049807.374794","-909562698.303214","-1624149282.92047","-477858025.781388","488518343.195266","298454342.362469","508037230.790135","537132020.949973","820209616.423555","626883159.626989","330686936.936937","604693384.838242","848073242.764324","716412797.992472","480124766.791045","-329479141.548107","531923918.992885","554776547.23127","1491892196.66216","414901089.130918","-433904236.3417","-882230088.760786","-181210931.051969","-3027723286.72471","-6688755007.6941","-2721312463.88186","-2586333046.78599","-8804739844.93764","-4930471537.74551","-7267876399.84219","-19547058300.0789","-18010788918.3334","-18927946724.7082","-13860685628.7891","-18423786251.804","-18825121813.8823","-21413487837.7734","-20991089251.2841","-18681085742.8236","-20208847858.1176","-21969799202.3529","-22594009670.3503","-27873877435.6585","-28517610169.2608","-28570793450.5887","-32274312579.1406","",
"Latvia","LVA","Net primary income (Net income from abroad) (current US$)","NY.GSR.NFCY.CD","","","","","","","","","","","","","","","","","","","","","","","","","","","","","","","","","","","","42160581.8596691","38178917.8152118","48532542.9470119","46808054.3309901","-71585395.14773","-9847045.19119351","25266398.0299978","16316507.5034106","-57263559.2178084","-297814491.99948","-175823273.179838","-539253824.931026","-922382710.98345","-454863324.075428","1839557964.97081","240432042.518237","-29381866.4616076","-197397228.656521","-67936501.6496286","36329182.447843","-134912329.448437","-38069718.7599223","-83700337.727059","-548847427.476862","-467444417.890195","14645238.5089495","-714873080.957353","-666969415.933855","-988178967.507861","-905758706.239844","",
"Macao SAR, China","MAC","Net primary income (Net income from abroad) (current US$)","NY.GSR.NFCY.CD","","","","","","","","","","","","","","","","","","","","","","","","","","","","","","","","","","","","","","","","","","","-81658737.9268614","-207349461.261668","-616840503.649199","-845730249.348869","-1626947496.60873","-383941768.976888","-2600862082.93901","-2325982182.74578","-3332264046.32616","-5306397638.9737","-6837788478.00163","-8754007726.62783","-8776244880.98289","-4803054742.91668","-4426868878.09779","-5546174240.44677","-6468659612.18739","-6446935556.41741","4825622832.81817","-88076595.0345336","4466333531.96434","-1179801547.48809","","",
"St. Martin (French part)","MAF","Net primary income (Net income from abroad) (current US$)","NY.GSR.NFCY.CD","","","","","","","","","","","","","","","","","","","","","","","","","","","","","","","","","","","","","","","","","","","","","","","","","","","","","","","","","","","","","","","","","","",
"Morocco","MAR","Net primary income (Net income from abroad) (current US$)","NY.GSR.NFCY.CD","19761090.3291974","15808745.7933915","13832988.5050657","31617491.5867831","41498748.1449425","-29048570.395357","-40904912.370146","-35964896.6799658","-47030781.604153","-43078832.286992","-11492503.6903541","-28243734.2560603","-36791014.6061555","-55553807.8282977","-43747115.1207833","-55257796.0151384","-86992319.1664223","-113525676.241621","-202767173.12214","-290044840.726171","-448760340.655472","-577793072.940914","-625546245.721832","-558505808.272244","-459058359.219008","-643734711.318692","-477085591.846266","-578535211.099115","-921267349.648561","-910049975.436401","-861228677.48026","-990371662.713704","-921950304.520965","-1042988665.4479","-1011988753.66728","-1229779648.71194","-1048862156.82738","-975030250.86596","-797019829.211896","-759088784.35326","-763653952.56917","-732914573.375594","-651486035.749932","-691997886.44344","-571769438.421239","-273970852.592575","-378929014.711134","-282581286.673772","-196378861.531613","-1281726675.85111","-1284043854.23203","-1709915171.74246","-1984019136.70424","-1456545615.82506","-2392956646.87247","-1710815714.47474","-1546779212.10309","-1826145651.28883","-1915811270.74903","-1941650455.9182","-1160174529.50437","-1958728524.18717","-1914344146.93534","-2252178013.35023","-2381908399.37284","",
"Monaco","MCO","Net primary income (Net income from abroad) (current US$)","NY.GSR.NFCY.CD","","","","","","","","","","","","","","","","","","","","","","","","","","","","","","","","","","","","","","","","","","","","","","","","","","","","","","","","","","","","","","","","","","",
"Moldova","MDA","Net primary income (Net income from abroad) (current US$)","NY.GSR.NFCY.CD","","","","","","","","","","","","","","","","","","","","","","","","","","","","","","","0","0","0","","","","59177391.3043478","62856277.0562771","29184171.3221601","33859105.6802417","63880917.5285923","111309960.518544","165687836.145288","230839943.769455","355429621.277873","403842177.842595","401483718.981365","410189667.251375","594256144.412014","306384177.612555","505598903.60467","577440722.974743","810141042.718548","894410195.923398","822330005.849399","449480003.028938","445969991.308899","555839999.221581","535789991.603407","614959994.523563","390190005.850997","266520000.09502","59720000.6985166","266750002.119584","93556738.75","",
"Madagascar","MDG","Net primary income (Net income from abroad) (current US$)","NY.GSR.NFCY.CD","-4.59336493302289","-4.76013986296095","-5.09465791800181","-5.17770298812451","-5.42899302048993","-5.67802777793667","-6.17812173976415","-6.34509800299976","-5.51021668681563","-4998575.81464702","-3001872.46025073","-6620927.87136798","-2148758.74344487","-4943802.9136877","-14321656.8084211","-12792827.3386916","-12266150.2006794","-1274271.78785304","-865024.041124726","-12398557.4802769","-43875685.5575868","-88327570.0660892","-95267624.7917232","-118132416.402759","-146025963.10539","-128831639.617949","-155090570.651408","-174698531.981927","-179282783.796636","-189318261.547457","-160907898.556264","-161194534.042368","-147068080.748107","-150941917.380894","-155336756.596136","-166739666.210725","-162747855.715561","-94959898.0743987","-78281348.6122037","-42471285.1749148","-41733402.2638573","-82355709.8801802","-132039289.814876","-77150646.590536","-74146280.6068887","-122400000.020369","-147012931.069152","-85968692.9972323","-99818328.3195868","-146856609.695019","-179338079.475586","-211858428.708458","-371133504.370433","-423374493.159434","-299222499.449685","-376088471.230533","-407356085.59238","-353934256.043593","-397472732.378436","-454792728.005017","-383880293.608018","-259951703.600571","-369372708.081368","-345273487.121795","-452308703.833659","",
"Maldives","MDV","Net primary income (Net income from abroad) (current US$)","NY.GSR.NFCY.CD","","","","","","","","","","","","","","","","","","","","","","","","","","-13116370.8086785","-21703258.2855545","-22573999.7831508","-10358565.7370518","-17599712.4211923","-21199434.6733668","-31500048.7662148","-35999431.1756073","-45500369.6300961","-42400880.3918607","-19963474.9362787","-21878674.5964316","-27443296.5165675","-28160178.4197111","-31027043.3305013","-29998020.3908241","-24396150.557058","-22663976.5625","-35406250","-33882812.5","-30900000","-40700000","-280616437.5","-281948437.5","-255343226.5625","-311252914.0625","-294663864.038425","-272147745.159645","-363698917.985698","-355098699.032027","-332463513.899317","-352910574.732269","-375584411.718773","-492400374.32662","-559826712.214152","-305792467.071965","-535271128.07394","-710493672.26406","-756848892.628315","-750084487.844589","",
"Middle East, North Africa, Afghanistan & Pakistan","MEA","Net primary income (Net income from abroad) (current US$)","NY.GSR.NFCY.CD","","","","","","","","","","","","","","","","","","","","","","","","","","","","","","","","","","","","","","","","","","","","","","","","","","","","","","","","","","","","","","","","","","",
"Mexico","MEX","Net primary income (Net income from abroad) (current US$)","NY.GSR.NFCY.CD","-373832000","-384656000","-385696000","-429720000","-602056000","-605360000","-753296000","-358792000","-420488000","-494576000","-622560000","-704600000","-812520000","-844472000","-1256312000","-1908048000","-2252087384.93453","-2231285163.69114","-2934163482.23306","-4073326024.99452","-6451095812.81861","-10108594737.9156","-12260824084.2523","-9123753892.78399","-10074772981.8624","-8997530676.7573","-7519912941.56493","-6801287927.65547","-7245920052.08734","-8302312070.86164","-8625911052.3754","-8607948436.77011","-9594855210.09093","-11587252220.0258","-12624255692.4693","-13330414951.4949","-13961797488.4492","-12787549599.2908","-13437808188.7102","-12956875540.1187","-15110437162.9892","-13980205712.8716","-9869113142.37282","-8532457214.13597","-7332885520.57613","-13392230901.1688","-15290766917.5526","-17583955699.1678","-15614093332.2923","-14370609114.236","-12186663541.207","-18390865408.4152","-26349055974.8169","-38451898889.3823","-32453317710.4296","-30331630581.4383","-29073736697.5606","-30162555846.9104","-32478466657.8883","-36682057636.7916","-36017262671.8313","-34020329405.3671","-33942222796.3443","-44629117858.0074","-51083770821.9315","",
"Marshall Islands","MHL","Net primary income (Net income from abroad) (current US$)","NY.GSR.NFCY.CD","","","","","","","","","","","","","","","","","","","","","","","","","","","","","","","","","","","","32624100","24392400","24681800","29725700","33742200","35008900","35878100","33526000","34355500","36000000","41100000","38300000","41300000","42700000","40000000","36300000","36100000","28500000","35400000","41600000","58500000","53600000","47400000","47900000","49700000","45400000","24884342.1936035","36901920.3186035","53167675.0183105","52567790.9851074","",
"Middle income","MIC","Net primary income (Net income from abroad) (current US$)","NY.GSR.NFCY.CD","","","","","","","","","","","","","","","","","","","","","","","","","","","","","","","","","","","","","","","","","","","","","","","","","","","","","","","","","","","","","","","","","","",
"North Macedonia","MKD","Net primary income (Net income from abroad) (current US$)","NY.GSR.NFCY.CD","","","","","","","","","","","","","","","","","","","","","","","","","","","","","","","-55000000","-29000000","-72000000","-56691000","-46639656.6336786","-39796959.7926263","-51295771.8120386","-54178607.4974752","-53665901.5239196","-72127682.7872735","-70016575.810339","-27244309.3685326","-45751568.2412773","-59939653.0976308","-35289339.4937411","-109165613.698148","-27463392.8726392","-389252714.805428","-119753068.255533","-66821858.8986652","-131084051.092868","-187276579.173009","-211075486.137575","-256314812.810303","-212603134.332308","-317088179.382872","-424541917.552346","-447652722.492511","-532077454.768743","-581671333.571137","-468693038.467097","-614404311.237934","-597983089.606803","-802759880.500364","-866840000.000253","",
"Mali","MLI","Net primary income (Net income from abroad) (current US$)","NY.GSR.NFCY.CD","","","","","","","","-646749.159956455","-1981317.25519795","-2712341.29526118","-5648266.57520895","-1467206.92298855","-801492.687148937","-2341981.75512178","-4823350.57997296","-11035255.4605906","-7830088.85514169","40679.7978377431","10777509.611317","-13703393.9997192","-19282569.4847758","-35682235.5047724","-26679385.4954428","-30152256.60258","-21638323.7416957","-25931376.408609","-24553344.8947495","-20130733.3781239","-26171210.3774574","","-15852231.321224","-2669231.33031102","-7276281.29289883","2210743.74379109","-23227546.6920763","-47340735.0782671","-49848375.4636841","-53146567.711283","-50780421.8404123","-44616025.2830054","-30153258.472905","-166166552.90311","-241310088.210268","-160200745.571166","-195189790.52131","-207031329.72402","-257726638.121934","-291828583.626864","-313869926.303437","-459192047.854771","-419406642.189395","-462401348.20043","-459950494.23909","-432651878.269095","-384828474.343864","-295739851.886354","-374738265.009521","-500896269.611952","-510180406.98353","-695443661.169072","-738775780.345806","-823179366.948456","-782486571.699828","-925177261.147626","-715144965.486831","",
"Malta","MLT","Net primary income (Net income from abroad) (current US$)","NY.GSR.NFCY.CD","","","","","","","","","","","19289430.0583264","20339131.3975989","24101886.1768495","22487704.6556431","35694947.6073329","52363149.1101234","47106028.4762193","50030496.6067442","48548627.4955386","40017365.0614963","97664386.5239589","117735029.213862","139311628.546489","97336042.7900919","108862942.432451","91282780.5061505","78906104.9172735","98083076.2234104","94732765.0972052","113434486.904526","191194350.032151","169758231.600421","144564755.038417","102721856.944733","56887787.2680244","84497361.8040394","61904259.1000519","66908729.3587056","-1603796.03246182","98594496.8402378","-108990745.591628","63705437.0500209","74504706.8712577","28231116.449696","32252750.8188424","-276334266.291649","-251016195.788014","-203899901.400546","-229456425.44721","-585824591.525309","-534572868.32602","-403110082.140381","-465312590.690494","-811989810.602907","-887648470.698449","-786452515.32664","-1337155254.09933","-1047841680.30745","-1483992602.34082","-1538957829.33642","-2475581769.56514","-2551327508.25119","-1646135799.49051","-2734333248.82247","-3045257624.89716","",
"Myanmar","MMR","Net primary income (Net income from abroad) (current US$)","NY.GSR.NFCY.CD","","-1402941.03372968","-774730.903269313","-159682.132629526","424109.339407745","480389.977619097","39094.1305271451","102635.897435897","449583.365978952","576776.902370026","357075.119825608","-225154.780015858","-1045075.79825664","-1226661.87116459","-1836908.9469517","-1107355.93220339","-3976235.739733","-3505868.85087016","-3103597.6379811","-6350506.75036041","-8546082.09747899","-9704263.30738865","-13650233.9707292","-16742912.2772964","-15281322.1654501","-14106733.1992669","-21773532.945041","-11886210.9422673","-9481877.69670966","-8109037.63602133","-18584207.4319453","-18569698.6149585","-6568673.30678913","-3759991.50326264","-3736240.30082425","-4743757.44823253","-1199610.31237013","-310626.645092147","434597.276777492","-630177.325643345","-4294709.38988149","-7453732.0380693","-4596694.42418275","-6225994.34012759","-7306583.01642079","-6274294.91168817","-5940503.04869522","-6503140.69694421","-11337191.8328554","-10336125.267018","-12108971.3778274","-12749097.4820419","-2381375340.49291","-1904826692.34227","-2995980000.0001","-2107709999.99998","-1644409999.99995","-2095000000.00001","-1876260000.00003","-2423829999.99995","-1496800467.09549","-1047343933.54786","-1308975174.04861","-1677200000","-1368500000","",
"Middle East, North Africa, Afghanistan & Pakistan (excluding high income)","MNA","Net primary income (Net income from abroad) (current US$)","NY.GSR.NFCY.CD","","","","","","","","","","","","","","","","","","","","","","","","","","","","","","","","","","","","","","","","","","","","","","","","","","","","","","","","","","","","","","","","","","",
"Montenegro","MNE","Net primary income (Net income from abroad) (current US$)","NY.GSR.NFCY.CD","","","","","","","","","","","","","","","","","","","","","","","","","","","","","","","","","","","","","","","","","49768865.9422465","57993462.2962565","71827368.0234205","99430057.6727355","107079711.944375","24887576.1721179","45460419.0189437","42784560.6350944","67079244.1775304","7467490.96971381","-28818561.0936632","36564849.7941298","69156202.0613153","87050714.195592","60979929.0048995","88813109.1228631","38261784.9264075","99746047.8125996","64883622.8835827","62279861.1888503","75907803.6411294","121027896.42964","124826377.934539","72881443.9121454","-23091477.7355747","",
"Mongolia","MNG","Net primary income (Net income from abroad) (current US$)","NY.GSR.NFCY.CD","","","","","","","","","","","","","","","","","","","","","","-10900000","-20400000","-31100000","-39000000","-45000000","-1700000","-11300000","-34200000","-287639866.666667","-43600000","-4910315.78947368","-26900000","-26930833.6145798","-19413161.4654003","-26808122.8684158","-14359547.9966375","-11996025.2661426","399655.06252749","99991.6819002063","-5198868.52992388","-2008757.14848581","-4499999.59470782","-11500025.1190538","-11057000.2024838","-51790434.0323722","-42664510.9261148","-97546992.4328053","-173626265.99704","-195835988.718837","-579865154.526625","-857817476.551477","-949368902.606108","-710609005.349664","-993971901.829377","-967436969.245954","-921244647.70878","-1608722927.40144","-1234457722.29169","-1571998429.6636","-1259963949.64403","-2231749566.72475","-1641585635.46595","-2229109277.2206","-2669372681.38854","",
"Northern Mariana Islands","MNP","Net primary income (Net income from abroad) (current US$)","NY.GSR.NFCY.CD","","","","","","","","","","","","","","","","","","","","","","","","","","","","","","","","","","","","","","","","","","","","","","","","","","","","","","","","","","","","","","","","","","",
"Mozambique","MOZ","Net primary income (Net income from abroad) (current US$)","NY.GSR.NFCY.CD","","","","","","","","","","","","","","","","","","","","","","","","","","","","","","","","-107600030.115694","-136200017.961069","-131799990.552979","-132400008.081359","-108900004.022458","-92400001.7708988","-85400001.022213","-129300001.524264","-123799893.104655","-192910548.229484","-225839368.060913","-603175831.428362","-165505925.065933","-171443492.089908","-359842764.602435","-634452644.149221","-591577123.537186","-641874552.120886","-281811089.347816","-359775279.21812","-255200033.714514","-75466595.2654116","-58589659.0668298","-201912652.592977","-300133128.330178","-235498857.028139","-379656864.475855","-286846756.553967","-276446310.727418","-286719481.753401","-339857954.632246","-1421896361.16415","-1842338940.77894","-2515577244.34708","",
"Mauritania","MRT","Net primary income (Net income from abroad) (current US$)","NY.GSR.NFCY.CD","","","","","","","","","-9999997.97447474","-15200008.3940474","-11300000.5401328","-13799991.8089471","-16500000.9901637","-10013903.82225","-5411876.86852036","-30089844.9688836","-58570984.3466286","-43411499.4862579","-27078308.1505551","-31399854.006646","-26854354.916836","-50542891.5912616","-45606151.3058834","-62286414.553689","-39104394.7079251","-52391543.1017708","-70272880.6722689","-77713475.6565288","-71899694.7017459","-60242721.9419393","-59018624.4712129","-61225287.4856475","-66587710.10063","-68698058.6946838","-74707327.5338863","-74317662.8688988","24169571.7593293","16872313.5673087","25940281.0429327","29661521.223123","13780910.3866081","-32225402.9146987","55850729.9481337","57700000","65517670.2483295","64582567.7710843","-74300000","-60799997.927194","-23000249.4087719","51883349.2913311","-68906697.0860602","-155313660.976856","-190643476.501922","-196140586.155451","-252808783.549426","-180468080.260899","-116512419.60068","-96648144.8768952","-38469904.0011212","-96227065.7632657","-105704198.752287","-146174109.863889","-57360917.8286178","8580001.29189027","-104293463.747081","",
"Mauritius","MUS","Net primary income (Net income from abroad) (current US$)","NY.GSR.NFCY.CD","","","","","","","","","","","","","","","","","5836990.80673948","-2875603.80112445","-7788067.2207552","-16803770.6393105","-23164137.9583181","-45543343.2752848","-45803422.3802144","-41431036.544737","-45361224.2545162","-45329497.8534216","-54134904.1812196","-41387716.9487049","-44129493.6456878","-19803581.2612744","-22807599.3306272","5686062.40050988","10987451.9443549","3513140.98886419","-24665420.2556106","-19095476.0574077","-43960165.7381823","-17666117.7822868","-26549797.542164","-16556943.4977031","-16647899.3665341","13491589.7960738","13216741.205527","-29855052.4658643","-14182583.0098401","-8102729.59262289","31821555.0635742","197996682.342043","137104073.765858","-39643552.2124669","-79001052.4811268","-204138863.197351","430150151.221439","518674125.098961","542100699.646266","547798281.07038","530303923.402145","772300249.456171","867821443.72672","826926746.507824","1005923384.16821","1185163637.46609","1449501530.85676","1748859135.94217","1530421143.74387","",
"Malawi","MWI","Net primary income (Net income from abroad) (current US$)","NY.GSR.NFCY.CD","","","","","","","","","","","","","","","","","","","","","","","","","","","","","","","","","","","","","","","-36609886.5682117","-24998665.1739599","-17280092.331347","-30406488.8380295","-44368710.0059596","-41513377.632963","-45853590.7442266","-39856418.553748","-37806846.3792197","-20930848.1944136","-22369940.9419261","-56307608.2282745","-107156116.7864","-115281275.01749","-134720293.369088","-159428991.131627","-160810334.439644","-219775904.617991","-23080708.9087123","-208144699.547087","-321134872.198969","-266413687.308068","-329142097.087635","-371913695.085983","-374477552.170018","-199758562.25991","-191689905.442353","",
"Malaysia","MYS","Net primary income (Net income from abroad) (current US$)","NY.GSR.NFCY.CD","-81666786.4446201","-61740090.5521328","-46386734.7005442","-55860081.9281202","-74153442.0917151","-89506797.9433036","-91140133.672196","-37566721.7645253","-39526724.6391961","-91140133.672196","-60433421.9690189","-118928269.544534","-134063661.087065","-269713874.098055","-414197028.998362","-302298467.688208","-431622124.076606","-518428803.189231","-734010868.542108","-945878392.025011","-881076291.192499","-872782509.629469","-1237051424.34332","-1900269251.48088","-2290452210.70454","-2218246811.77362","-1850128726.50247","-1976871280.71572","-1941359784.29675","-2179159951.00489","-1872175239.15153","-2473086994.47192","-3143676129.89359","-3211225692.91343","-3586343545.19128","-4137958532.69537","-4690754431.98982","-5357370998.65143","-3903383611.90379","-5496315789.47368","-7607631578.94737","-6742894736.84211","-6595000000","-5930789473.68421","-6421578947.36842","-6322185993.89716","-4714603466.51756","-4068136523.22324","-6904683178.08475","-4032972875.892","-8112633406.05206","-7058857785.43354","-11603652355.7199","-10782667128.7555","-11190160899.0302","-8222243332.08552","-8338941313.4228","-8989373880.49272","-11172424135.0341","-9534166813.51947","-6784899043.22179","-10173727064.7682","-12938358710.4608","-12204642874.4494","-14445915679.2153","",
"North America","NAC","Net primary income (Net income from abroad) (current US$)","NY.GSR.NFCY.CD","","","","","","","","","","","","","","","","","","","","","","","","","","","","","","","","","","","","","","","","","","","","","","","","","","","","","","","","","","","","","","","","","","",
"Namibia","NAM","Net primary income (Net income from abroad) (current US$)","NY.GSR.NFCY.CD","","","","","","","","","","","","","","","","","","","","","-337735670.245521","-114880734.384027","-147216275.133172","-84441796.966161","-112673386.082749","-274672878.279695","-238268336.723512","-96230509.0339891","-250219560.160952","-117792296.9546","51935071.0638533","112549491.81821","35618443.6682288","23247673.7759591","21400597.8374439","120855590.646483","28236553.9527031","14099400.1252615","40978611.0843799","-66937355.1023294","19627662.2417731","-11676383.6188367","45851465.7452645","233760512.08044","81073264.6272818","-119448082.887612","-69725938.7329875","-271975302.761741","-249668530.596327","-280217815.23017","-595424630.810682","-512611367.769288","-522226481.555318","-31307625.8387756","-71893943.0061385","-18110963.4191981","-210756904.368667","-233657497.181511","-505270553.550862","-307754747.930567","-43883446.7059302","-468302293.676531","-555572174.813452","-593873814.749271","-445749192.330393","",
"New Caledonia","NCL","Net primary income (Net income from abroad) (current US$)","NY.GSR.NFCY.CD","","","","","","0","0","0","0","0","0","0","0","0","0","0","0","0","0","0","0","0","0","0","0","0","0","0","0","0","0","0","0","0","0","0","0","0","0","0","263442155.936859","253997005.999597","271084906.104789","338983076.553566","413495467.170083","482688265.954167","422868462.76153","399567154.235832","468800356.989284","483074662.131832","404748986.518321","395541201.475076","293220386.374044","326107934.670522","510196819.158194","494586615.59168","506398129.780588","543998822.035651","377310233.467808","360009229.475923","385538779.41383","374612573.963085","290506136.949854","287592329.847767","275908880.347166","",
"Niger","NER","Net primary income (Net income from abroad) (current US$)","NY.GSR.NFCY.CD","1223879.67286508","1632119.9279286","1637137.24086562","-2449144.30221026","-2449303.33933887","-2040227.26853722","-1632296.28491979","-6097497.07539733","-999999.62030127","-2399999.31681948","-1499999.25652074","-1304978.65898965","-1085706.36980207","357640.953800795","-6090458.53651662","-9434835.70051079","-3787418.4097732","-504722.63911668","-29815364.8657739","-57342772.3226885","-32923319.5327395","-69388616.9298186","-71709106.2171602","-40728020.9564518","-54412718.3540896","-42302618.4332938","-17498980.6122393","-61556569.2802462","-45660840.4296015","17867872.7728021","23978875.7259349","23327435.4156282","24964520.9070907","23116271.6596108","9198529.36546488","18662663.277636","52358676.1184968","53640589.5219734","97850205.1290548","101802174.540623","94713222.7156046","113291309.889476","140707605.247954","161095587.618628","231184434.844631","274205706.245005","295364951.518219","335819859.435812","395946001.269538","403967948.324891","432494373.388671","554322027.243428","319669833.772586","401495728.411407","488586118.20507","476364051.916984","335742853.195881","410736000.571766","568682664.099372","589682115.94275","-588361168.892562","273305941.280886","-1375204740.74358","-196185187.276484","-237488441.77563","",
"Nigeria","NGA","Net primary income (Net income from abroad) (current US$)","NY.GSR.NFCY.CD","","","","","","","","","","","","","","","","","","","","","","","","","","","","","","","","","","","","","","","","","","","","","","","","","-15154630044.3204","-14562839994.9265","-19674599936.0465","-22972329941.4125","-22264910047.7971","-25729769933.9202","-19162069967.8233","-12707749983.1531","-6261239997.97832","-8345659995.16119","-11252380018.2872","-9161019995.0582","-4766982077.17866","-8582958809.24588","-12872572338.8022","-10940239021.392","-6631999998.46","",
"Nicaragua","NIC","Net primary income (Net income from abroad) (current US$)","NY.GSR.NFCY.CD","-5800990.17366056","-6601241.76815605","-7559753.18450151","-7626013.2725436","-10482098.3724523","-21341938.5393963","-31451415.3066622","-37141081.7554872","-48359249.9355943","-50135603.8749155","-61585529.939169","-63007693.07086","-71244264.8912521","-97083219.0345669","-125754184.449822","-117911808.622077","-143429051.21039","-142037119.00867","-192977084.534231","-141471290.192857","-125263213.073775","-180324425.715625","-158615133.867368","-176960572.899346","-182154243.948457","-168792675.49369","-65489446.4299407","-20779926.2298224","-367044104.954101","-212312188.395585","-21677419.3548387","-330066597.938144","-495400000","-431700000","-474308035.714286","-370517928.286853","-324300000","-264700479.451758","-185303201.678864","-196812498.676885","-201889219.443865","-241591318.598301","-205880856.692272","-198192204.873693","-192012648.106665","-150000125.498033","-215600001.775754","-195499998.753287","-219199999.834812","-249900002.369775","-244199997.855449","-268699999.210677","-415800000.373726","-534199998.835082","-447899999.614776","-488999999.81656","-634199999.986024","-711699999.677215","-652200001.064868","-466400000.966133","-800000000","-745900000.56012","-1191200000.1338","-806216868.195921","-988900000.819128","",
"Netherlands","NLD","Net primary income (Net income from abroad) (current US$)","NY.GSR.NFCY.CD","","","","","","","","","","725623889.282274","600451086.625677","337782581.453634","680700357.044768","1184034368.5953","1051368964.66924","-439963401.882189","334543257.209535","158783334.829846","-734891016.500306","660009886.850489","-1050065395.6994","-2295766139.71562","-2228826442.18866","-1268090494.94248","-981760302.197802","-2443207935.24416","-3157918690.41194","-1667067014.79547","-2910210725.83343","-3134060064.42897","-7781539392.47247","-6799906883.5455","-8979007518.79699","-6827783578.5477","-5289956411.1878","-3096349162.77793","-460130718.954248","-1803704540.32076","-8265940902.02177","-2837096904.24711","-3309303763.13726","-10838012912.9921","-13620043941.9608","-7147802518.0392","-9316828351.35138","-9545904659.92217","-5213246315.29411","-10680135359.6079","-46965634383.5937","-31332392325","-4276761966.66668","-949313482.490274","-7419654580.07813","-4773256232.94119","-7804942107.84311","-11490115495.3125","-23372259227.6265","-14703930192.9412","-4600998770.19608","-19690437152.9411","-26821049030.3503","16917917395.3486","-11942624605.0584","1972233976.47062","-10795662795.3125","",
"Norway","NOR","Net primary income (Net income from abroad) (current US$)","NY.GSR.NFCY.CD","","","","","","","","","","","","","","","","","","","-1396333670.33554","-1827570545.60534","-1912860382.24814","-1888492028.92238","-1960489618.84103","-1768406337.37185","-1611591006.55517","-1123389010.37547","-1218169770.24085","-1315324675.32468","-2445603805.43195","-2720544572.38033","-3375401377.0628","-3856607382.49857","-2745353608.49626","-2729310271.9161","-2121401042.84743","-1845719156.45915","-1856491674.16044","-1701727599.17437","-1757564512.06743","-1400271822.75105","-2347474380.24041","80185059.5549229","533329993.236304","1302788056.83455","507654877.759316","3392627085.75863","263047105.234435","-1211082109.2857","-2042730496.4539","2202821112.22429","4650765200.60664","4778568512.31685","4323850451.22475","5570553191.48936","15763290134.8849","16032778753.746","16136428571.4286","14634293773.9271","17781371042.115","12491250000","15201416054.5181","11928405122.2352","17434064314.8132","","","",
"Nepal","NPL","Net primary income (Net income from abroad) (current US$)","NY.GSR.NFCY.CD","0","0","0","0","0","0","0","0","0","0","0","0","0","0","0","0","5312076.09761199","5895944","7113434.41323524","8291666.66666667","12516691.6666667","10083325","12368265.4118443","13265122.6849335","40949529.1704619","159997.750470995","-10180.633600685","-944197.224447459","-3270573.56608479","6611288.10713236","12675449.4997039","12594235.0332594","13207126.9487751","7750000","12020408.1632653","5463855.42168675","7800000","7700000","6800000","12000000","20000000","23142857.1428571","-7967865.13894376","-8693885.21499361","-22821304.039669","22573629.0327464","68517394.4724278","105437134.24366","122230886.7161","152832066.182353","122316732.853923","104455768.96466","151708742.615887","148697841.652677","333478403.333707","344182824.287514","319734181.213264","291821320.54305","216672656.402084","353610927.528472","395092346.307731","197542668.929475","238658388.423738","480751859.959064","704320182.534538","",
"Nauru","NRU","Net primary income (Net income from abroad) (current US$)","NY.GSR.NFCY.CD","","","","","","","","","","","","","","","","","","","","","","","","","","","","","","","","","","","","","","","","","","","","","","","","","","","","","20611139.6404479","24175080.0990222","22635038.057703","31698991.0402511","36032284.9272949","43440584.8188731","44724521.7499147","51780527.8037833","62678020.6616252","88292213.6417814","97633350.3362737","96851485.4150682","89489301.2754028","",
"New Zealand","NZL","Net primary income (Net income from abroad) (current US$)","NY.GSR.NFCY.CD","","","","","","","","","","","","-98095787.6514714","-157997083.130773","-198970363.155698","-191671263.099835","-286875988.253897","-426734216.679657","-455218722.227708","-609322742.474916","-528899128.518481","-594479830.14862","-657730413.787362","-747997086.671522","-1008806519.45321","-1173390023.8515","-1473145780.05115","-1568969159.27334","-2194367069.01888","-2027697262.47987","-1979641356.45381","-1896850534.87121","-2875872158.4515","-2694598043.38579","-3368729605.6634","-3752365834.30002","-4015674814.02763","-5223393922.57527","-3960158860.24081","-2574872361.70325","-3516529140.06954","-2989065999.20959","-2725598526.7035","-3356498595.29794","-4193843898.86405","-5853445378.15126","-7411814405.40731","-7489138188.18494","-9784669655.32446","-9660504674.21101","-4974701730.27672","-7283292710.11456","-7629102854.72627","-7334618718.50075","-7524963093.59801","-8109946630.53399","-5956170784.00948","-6178103409.2689","-7870494822.0429","-7779232086.53587","-5427983200.19764","-4199581727.88544","-6903380959.11727","-8205767665.98685","-8804167604.8554","","",
"OECD members","OED","Net primary income (Net income from abroad) (current US$)","NY.GSR.NFCY.CD","","","","","","","","","","","","","","","","","","","","","","","","","","","","","","","","","","","","","","","","","","","","","","","","","","","","","","","","","","","","","","","","","","",
"Oman","OMN","Net primary income (Net income from abroad) (current US$)","NY.GSR.NFCY.CD","","","","","","","","-9941922.60213254","-46079963.1360295","-55919955.2640358","-43679965.056028","-48123195.3801732","-75565503.5659101","-178797522.499401","-290966994.788651","-295309785.755646","-214823393.167342","-159525188.187609","-113202084.539664","-149102489.866821","-256803705.848292","-238563983.786914","-152866242.038217","-183265778.80718","-215404013.352751","-325714037.551209","-71207543.8109649","-89466840.0520156","-314694408.322497","-250195058.517555","-305107932.379714","-181558387.516255","-396598959.687906","-386094148.244473","-419442912.873862","-396552925.877763","-486162288.686606","-536748764.629389","-501950585.175553","-657997399.219766","-837451235.370611","-951885565.669701","-964889466.840052","-540962288.686606","-390117035.110533","-1022106631.9896","-665799739.921977","-803641092.327698","-2759427828.3485","-2923276983.09493","-3581274382.31469","-4137841352.40572","-4505193758.12744","-3235364267.88036","-4286495737.94538","-2247827036.63355","-2066510650.66056","-2922632705.03935","-4990580352.22642","-5900277805.47204","-5231830095.8922","-5976592977.89337","-9335203955.44515","-5837971391.41743","-6166449934.98049","",
"Other small states","OSS","Net primary income (Net income from abroad) (current US$)","NY.GSR.NFCY.CD","","","","","","","","","","","","","","","","","","","","","","","","","","","","","","","","","","","","","","","","","","","","","","","","","","","","","","","","","","","","","","","","","","",
"Pakistan","PAK","Net primary income (Net income from abroad) (current US$)","NY.GSR.NFCY.CD","-5459457.37085258","-5459463.25073499","-5250085.25829483","-12179985.7202856","-13860216.7156657","-24989248.2150357","-30449609.4078118","-49998948.3410332","-65998615.7076859","-74998424.1915162","-93998024.3595128","-63186419.151617","-134719041.157224","-78645758.0629906","-73600000","-95299995.1515151","-144199990.30303","-180851663.737374","-181257615.757576","-233625437.575758","-282136714.444444","-262143573.131313","-322353240.379147","-422942853.622047","-444853853.9626","-508493051.055409","-643665639.243645","-698366307.311389","-833892084.249502","-889052632.293093","-972439399.616697","-1168818479.91542","-1276195149.99455","-1510938647.8369","-1610043849.34399","-1785362246.61812","-1967114465.01435","-2186298172.1697","-2338772568.38394","-1808000038.74814","-2020000000","-2160000000","-2319000000","-2211000000","-2207000000","-2386010000.40433","-2667000000","-3582000000","-3923000000","-4407000000","-3281998396.46486","-3017001480.84248","-3244998874.02477","-3668998408.34229","-3954999500.81804","-4598999546.59239","-5345002407.59183","-5013998804.04944","-5436999110.66578","-5609999712.26997","-5459000000.18958","-4400000000","-5248000000.06749","-5764999989.31389","-8986000000","",
"Panama","PAN","Net primary income (Net income from abroad) (current US$)","NY.GSR.NFCY.CD","-60177500","-63174500","-66136400","-71533000","-72152100","-90918300","-97978900","-114489600","-124208300","-133403500","-145694500","-163988100","-179343600","-208277700","-249896600","-228372800","-284841900","40200000","67100000","37400000","-396700000","-516800000","-324400000","-85000000","-305300000","-151500000","-415600000","176600000","-87900000","-266400000","-255400000","-432400000","-401000000","-285600000","-222300000","-465900000","-249200000","-399600000","-517300000","-691100000","-560200000","-590100000","-272300000","-808700000","-1020400000","-1166900000","-1301000000","-1254300000","-1507100000","-1448000000","-2311300000","-1914000000","-2738300000","-2907400000","-4354100000","-3450900000","-4137150900","-3812801200","-5320857700","-4319533500","-1754755400","-3992118100","-3468899500","-4032633400","-4402500800","",
"Peru","PER","Net primary income (Net income from abroad) (current US$)","NY.GSR.NFCY.CD","-138295868.225662","-145113279.67432","-138550233.427985","-143143924.326739","-178950852.489894","-190702840.637237","-248698163.480563","-267284411.35161","-275061645.459304","-308096884.271527","-278102534.916747","-275929372.048474","-308435738.560941","-399531402.697662","-461669284.404694","-583903497.701012","-712280612.395655","-351163920.14701","-518511327.247741","-891656920.445689","-823817206.1304","-916786041.303887","-931228826.391413","-1049666856.18664","-1095709581.24676","-817191119.479677","-1477814701.77451","-2167587383.73509","-1445895889.4","-1582092586.09453","-1610780325.7971","-873403265.201183","-1069093410.10877","-1178381529.33488","-1731203287.19723","-2230094423.26447","-1634275883.14387","-1543265202.7027","-935001740.970847","-868983867.631851","-1160298948.39394","-848809441.007953","-1192952014.10012","-1863548976.77627","-3373432597.10586","-4724571328.90466","-7160000305.38081","-7894215404.28252","-8305820431.32028","-7515437221.96401","-10835980708.8182","-12678551977.0524","-12132684962.6894","-10365302329.9539","-9090736177.38929","-6499103923.79945","-7957483447.71148","-9708055971.98947","-10979117343.9567","-8257788275.65478","-5356885853.00868","-17498274730.8761","-16721244707.8769","-14276304507.7415","-16549486093.5035","",
"Philippines","PHL","Net primary income (Net income from abroad) (current US$)","NY.GSR.NFCY.CD","-94883965.1453748","-52357378.5716619","-14518682.6086443","-16430933.4309869","-21676815.4123509","-31006558.1646041","-22025846.1538462","-24146153.8461538","-97746153.8461539","-78641666.6666667","-130073386.570918","-101301116.28202","-127228090.192996","-114499999.481964","-54800007.3660755","-125699995.86087","-253300019.972426","-140999996.622911","-136000001.62916","-222999749.239246","-438999815.34815","-526999943.035451","-1044000000","-858999783.761253","-1475000029.94244","-1316999854.1436","-1320999875.25559","-1220999913.69953","-1212000004.74053","-1486999994.43337","-744000102.836223","-208000004.9493","585999917.217024","924000276.255297","1850000039.74688","2329997670.18309","3281947600.90174","4681000071.32518","10398864105.2697","11455861962.4358","7888278650.66839","7557246724.03447","8037546094.43956","8191315690.86351","8861714333.0173","10483937102.713","11741226192.5644","14008865771.7232","17014268379.6383","20322530403.303","23378553136.6405","25278610219.3429","28903198795.9874","33385184418.8117","34282791135.2667","35020954584.3732","35385673967.1372","36237960708.0589","36975043366.6537","37728885787.8642","27414644288.9358","14016713806.0897","23759752529.2236","47898119169.2026","60148926722.8661","",
"Palau","PLW","Net primary income (Net income from abroad) (current US$)","NY.GSR.NFCY.CD","","","","","","","","","","","","","","","","","","","","","","","","","","","","","","","","","","","","","","","","","-10741315.8416748","-10860158.9202881","-12961686.1343384","-8358643.53179932","-7069433.68911743","-8727002.14385986","-8764831.54296875","-10724972.7249146","-9435749.05395508","-1752520.56121826","-2115567.20733643","-3069788.93280029","-7891171.4553833","-5271289.82543945","-9074575.42419434","-13143974.3041992","-15742460.2508545","-5871496.20056152","-7459144.59228516","-1977491.37878418","6002802.84881592","8947626.1138916","3275329.58984375","1388319.01550293","","",
"Papua New Guinea","PNG","Net primary income (Net income from abroad) (current US$)","NY.GSR.NFCY.CD","-2463776.39420422","-2799776.44796423","-2127776.34044421","-2239776.35836422","-3024000.48384008","-3136000.50176008","-2128000.34048005","-1904224.30467589","-3696336.59141385","-7056001.12896018","-19712003.1539205","-35116759.0664712","-43470664.2444245","-82089263.9544165","-107799146.219279","-72392468.5787145","-50958177.7153834","-33737339.0210865","-27365377.1555524","-53389007.7652907","-59766359.7368492","-87225673.7700363","-119302654.991889","-142678431.757133","-81019239.8436596","-88672156.94272","-74221701.5608175","-143738455.488992","-140821841.340725","-133908246.069793","-123400968.367904","-123844537.815126","-398762388.554841","-433657399.836468","-405285373.134328","-266091079.179763","-461003262.518968","-323739348.720452","-265743893.556063","-285281606.931863","-218556315.104167","-249461814.302226","-225865638.993257","-406680698.989785","-368192258.745383","-338289909.735654","-824352127.35157","-720191201.971035","-644053082.714341","-855602957.813805","-1068327220.22701","-1711947641.68252","-1097568255.29072","-1719808421.4372","-401725045.045777","-1418898523.77464","-944669998.266853","-1079891482.28104","-1330096102.49151","-1736811690.37809","-744240534.755463","-1589925421.20149","-1863443821.51778","-2294323387.1635","-1905997173.9659","",
"Poland","POL","Net primary income (Net income from abroad) (current US$)","NY.GSR.NFCY.CD","","","","","","","","","","","","","","","","","","","","","","","","","","-2557028963.36822","-2672949169.94695","-2915027491.70062","-2954971402.85681","-3213009302.17207","-3386000000","-2894100444.10848","-4165603990.90309","-3394235586.0719","-2834960256.43564","-612787800.986646","-356069878.713698","-452003603.216792","-574610116.821085","-810666107.40116","-765288219.830537","-876181636.092723","-1578173509.87112","-2458939465.03989","-8033864440.533","-6048246892.34961","-8916400647.34055","-14692461930.3094","-11149979952.2007","-13618610947.8351","-15862434915.2655","-18722526434.0256","-18959988847.0654","-18916876040.3428","-20758005441.0434","-18051200424.4595","-18484150367.7054","-22492591286.1395","-25158950268.1074","-24886081719.0298","-22424562310.5597","-30284185313.594","-27356574960.3396","-33005947188.7003","-30751736467.5357","",
"Pre-demographic dividend","PRE","Net primary income (Net income from abroad) (current US$)","NY.GSR.NFCY.CD","","","","","","","","","","","","","","","","","","","","","","","","","","","","","","","","","","","","","","","","","","","","","","","","","","","","","","","","","","","","","","","","","","",
"Puerto Rico (US)","PRI","Net primary income (Net income from abroad) (current US$)","NY.GSR.NFCY.CD","-15500000","-31200000","-47000000","-62500000","-82600000","-117600000","-151100000","-225700000","-258200000","-293800000","-347200000","-398300000","-561000000","-699400000","-873200000","-1023800000","-1418800000","-1729200000","-2168300000","-2713000000","-3371500000","-3744100000","-4070600000","-4228100000","-4979600000","-5287000000","-5955000000","-6725300000","-7704300000","-8109800000","-8984800000","-9478077000","-10933989000","-11789519000","-13049719000","-14194985000","-14983884000","-15844333000","-18975800000","-19559800000","-20283200000","-25161900000","-26552200000","-27348000000","-28495796000","-29052641000","-29421845000","-28881421000","-30936200000","-32767700000","-34086700000","-34631000000","-33479100000","-33505100000","-33648300000","-33773500000","-34351500000","-34396000000","-33357000000","-34361300000","-32777600000","-33069400000","-35201600000","-36575825000","-40591820000","",
"Korea, Dem. People's Rep.","PRK","Net primary income (Net income from abroad) (current US$)","NY.GSR.NFCY.CD","","","","","","","","","","","","","","","","","","","","","","","","","","","","","","","","","","","","","","","","","","","","","","","","","","","","","","","","","","","","","","","","","","",
"Portugal","PRT","Net primary income (Net income from abroad) (current US$)","NY.GSR.NFCY.CD","","","","","","","","","","","168221757.322176","116925795.053004","154432913.269088","349713818.47915","495872138.910813","106337254.901961","-165072944.297082","-222860136.196962","-398923357.664234","-500532786.885246","-721842210.652783","-1153257328.99023","-1566773461.15035","-1292455664.13319","-1400595727.19803","-1296534886.45723","-1162960729.12478","-1018635263.98178","-796243732.590529","-572164502.164502","-233037547.461679","-74046066.3244068","413613008.613009","443716494.202718","172038647.342995","918845694.573438","720096178.840655","-158403659.233848","-361590605.520926","-415651748.895368","-1922386840.05334","-2085462607.36693","-2040908363.19726","-1656814019.87333","-2379508009.71661","-2619993153.19533","-5929373337.49764","-6909036164.87336","-8862465066.79453","-8379345089.82343","-7637181944.75001","-4352670523.0253","-4859454908.84414","-3264095783.20981","-4722258332.40351","-5156406793.04804","-4689412747.99845","-4933414850.22824","-5764039381.04078","-5697344981.16862","-3301120368.67238","-2544471807.72089","-4641241318.30936","-7549550552.90405","-5904845468.73047","",
"Paraguay","PRY","Net primary income (Net income from abroad) (current US$)","NY.GSR.NFCY.CD","","","","","","","","","","","","","","","","","","","","","","","","","","","","","","","","","","","","-896039500.005094","-478058500.007293","-825229500.013775","-748303499.994498","-735205000.01603","-1113609499.99283","-923291500.001218","-598055499.994752","-1147937271.89096","-1282102287.64198","-1374192839.93872","-1320738129.04668","-994424609.146961","-1202049609.72591","-1182848364.33891","-1436610787.16593","-1452830568.04265","-1489618684.62329","-1616540862.78713","-1570165056.18381","-1439204666.61849","-1308307260.11785","-1329832272.13451","-1389445555.51319","-1151426245.30189","-1202987581.26978","-1463338886.46948","-1344452731.1536","-1515378782.46698","-1432320236.38514","",
"West Bank and Gaza","PSE","Net primary income (Net income from abroad) (current US$)","NY.GSR.NFCY.CD","","","","","","","","","","","","","","","","","","","","","","","","","","","","","","","","","","","362700000","439800000","424400000","520300000","718700000","753800000","505500000","319000000","218900000","244600000","228200000","349000000","422600000","552600000","671300000","532100000","599100000","749500000","857500000","1160300000","1482600000","1712400000","1895600000","2129000000","2786200000","2658000000","2492700000","3627300000","4527500000","3675200000","909800000","",
"Pacific island small states","PSS","Net primary income (Net income from abroad) (current US$)","NY.GSR.NFCY.CD","","","","","","","","","","","","","","","","","","","","","","","","","","","","","","","","","","","","","","","","","","","","","","","","","","","","","","","","","","","","","","","","","","",
"Post-demographic dividend","PST","Net primary income (Net income from abroad) (current US$)","NY.GSR.NFCY.CD","","","","","","","","","","","","","","","","","","","","","","","","","","","","","","","","","","","","","","","","","","","","","","","","","","","","","","","","","","","","","","","","","","",
"French Polynesia","PYF","Net primary income (Net income from abroad) (current US$)","NY.GSR.NFCY.CD","","","","","","0","0","0","0","0","0","0","0","0","0","0","0","0","0","0","0","0","0","0","0","0","0","0","0","0","0","0","0","0","0","0","0","0","0","0","0","","","","","521628477.107465","593541610.707579","594673107.113466","673939783.496983","624750301.794335","601424412.440811","677934255.389553","572413487.705174","644138649.364034","644045959.260372","545813434.117657","529929387.767096","584873613.168784","597119224.590755","577320718.865619","587056088.911259","618436380.736391","555561592.161162","627011996.528665","641074488.870025","",
"Qatar","QAT","Net primary income (Net income from abroad) (current US$)","NY.GSR.NFCY.CD","","","","","","","","","","","-14007014.007014","-31992667.1711637","-62927812.2234083","-104747048.140102","-42052743.5780514","-109903867.411467","-266940301.501249","-448091028.656861","-416054038.020068","-465902089.00638","540994764.240421","534999972.527472","547994505.494506","459010989.010989","368681318.681319","568406565.934066","623901126.373626","478571428.571429","300989010.989011","197994505.494505","220989010.989011","200000000","222802197.802198","208516483.516484","214864038.461538","237108461.538462","263955439.56044","329175879.120879","-80769230.7692308","-118956043.956044","-1399450549.45055","-703846153.846154","-897252747.252747","-416483516.483516","-2241758241.75824","-5715659340.65934","-3280494505.49451","-4239010989.01099","-6762087912.08791","-9412637362.63736","-12943681318.6813","-13271153846.1538","-12124725274.7253","-10363736263.7363","-9300549450.54945","-3565384615.38462","-1109340659.34066","-419505494.505494","-3745329670.32967","-4409615384.61538","-3044505494.50549","-2762912087.91209","-8288736263.73626","-6073901098.9011","-7218131868.13187","",
"Romania","ROU","Net primary income (Net income from abroad) (current US$)","NY.GSR.NFCY.CD","","","","","","","","","","","","","","","","","","","","","","","","","","","","","","80000000","-139812750.780205","15001963.6078021","-90112500","-144999671.074271","-129000839.833483","-240989927.604658","-308141420.694129","-322268322.558504","-497460334.986559","-441057364.454335","-234341315.379258","-225683885.400225","-461346290.155657","-1351570945.48295","-3148266499.81907","-2892598535.24081","-4074090694.0341","-5647369957.96165","-4709267731.64664","-2208052503.42289","-826639478.901161","-968906563.257723","-1728077965.51525","-2787173177.69644","-940894817.3804","-1868697522.7846","-2484819432.87602","-3007455856.79133","-3557168415.90647","-2602180265.10615","-2757061017.08014","-5033443138.0316","-8937438186.19061","-8664998906.93658","-8993095381.00209","",
"Russian Federation","RUS","Net primary income (Net income from abroad) (current US$)","NY.GSR.NFCY.CD","","","","","","","","","","","","","","","","","","","","","","","","","","","","","1765316718.58775","88417329.7966401","-1033948635.63403","-1417777777.77778","-4500832929.78208","-4459241755.45408","-1840000000","-3371600011.07542","-5434500000","-8691600000","-11789700000","-7715900000","-6736500000","-4238100000","-6583000000","-13170689271.8874","-12771200000","-18526372491.2798","-28803444490.6281","-28828449286.9567","-46482546755.657","-39739452585.8845","-47104676732.0048","-60399315718.2404","-67660731986.5015","-79604289982.7949","-67962187602.98","-37748830973.9545","-35496582530.5868","-42053299278.5177","-40391868730.1567","-53520550000.4341","-35004709999.7687","-43015990000.5838","-47134250000.533","-26848869999.6365","-28485822152.5776","",
"Rwanda","RWA","Net primary income (Net income from abroad) (current US$)","NY.GSR.NFCY.CD","","","","","","","","","","","100000","-297.871772380072","100000","-2619999.52336694","-2849999.73112064","-3279999.61247227","-3579148.53869065","-3764499.39960969","-4627065.42013548","-2709462.27258246","1801485.12941782","9075183.93837654","10973999.1633567","4025250.91724051","1099331.74431403","-8601471.97278166","-10705995.9196454","-14338215.2046327","-13799505.7486201","-9878757.28122198","-11939961.4102526","-10997868.9761313","-10254737.4269295","-15199999.8668858","-4000000","5439999.95911241","-13948151.3591031","-16500000.0646702","-19259999.9618333","-11371954.522628","-15354149.7197047","-22490679.6264221","-19050192.3573707","-30546505.2868475","-33490332.6527538","-27181424.7038395","-29445448.2723995","-17220122.4963662","-37013823.9333841","-36791490.4115268","-51266180.2007062","-57230726.3039797","-102694980.127321","-131784484.201926","-188818096.014158","-162344199.678861","-238356309.967223","-291437434.503679","-347728071.458059","-348021556.965617","-236722854.489666","-226094683.460639","-279868380.949663","-280159780.871195","-350850500.821143","",
"South Asia","SAS","Net primary income (Net income from abroad) (current US$)","NY.GSR.NFCY.CD","","","","","","","","","","","","","","","","","","","","","","","","","","","","","","","","","","","","","","","","","","","","","","","","","","","","","","","","","","","","","","","","","","",
"Saudi Arabia","SAU","Net primary income (Net income from abroad) (current US$)","NY.GSR.NFCY.CD","","","","","","","","","-645000022.222222","-673022688.888889","-1014377777.77778","-354370536.519221","-55491847.1619419","-1842664509.0675","-1225352112.67606","-284283769.784729","-396600566.572238","-90778467.914776","-211791989.673964","2850480401.16197","526040191.875414","1356981269.51954","7849666775.66551","12845151953.6903","10238365493.7571","10662617338.487","10621118012.4224","9861148197.5968","9738317757.00935","9415220293.72497","7978638184.24566","6766355140.18692","5433377837.11615","3908411214.95327","1472363150.86782","2803471295.06008","2446194926.56876","2784512683.5781","2764800000","2920560000","479466666.666667","-519566666.666667","-210506666.666667","-1300533333.33333","477786666.666667","431833951.589229","3834926568.75834","6396566057.37158","9164889493.33333","8639590000","14707744400","16128687866.6667","19888938506.6667","21187350213.3333","23027579413.3333","21363487866.6667","15352861413.3333","11882322506.6667","8174475066.66667","8154622506.66667","11215351306.6667","11710900613.3333","8601165706.66667","7711174773.33333","6101609573.33333","",
"Sudan","SDN","Net primary income (Net income from abroad) (current US$)","NY.GSR.NFCY.CD","6031016.67441418","-574382.540420398","-4882251.59357338","287191.270210199","-1723147.62126119","0","0","-9477311.91693657","-12636415.8892488","-14933946.0509303","-14072372.2402997","-17805858.7530323","-22113727.8061853","-24698449.2380771","-41355542.9102686","-53130384.9888868","-51407237.3676256","-52555071.6914023","-54841434.6594549","-77825242.8997869","-55200000","-396164800.971322","-151527880.002387","-181230769.230769","-408769230.769231","-262887772.494615","-329520000","-368700000","-545977777.777778","-1083733333.33333","-2711111111.11111","-6210785729.09041","-840600420.807745","-856600173.242778","-899699940.264287","-910693713.26656","-357359417.073342","-345011464.432969","-367680136.492732","-457519568.371303","-616874019.193186","-584715238.105914","-781782474.977763","-869208692.966679","-1112701576.16176","-1345803219.79198","-2013979386.91238","-2253136600.36705","-3013102997.23036","-1533048730.76923","-4166955758.62069","-3781164526.31579","-2024453266.66667","-2800133356.16438","-948000640.449438","-1163020656.56566","-866501233.333333","-1651309180.95238","-1812341931.20393","-1620113578.5124","-1473207009.9734","-1344422051.64919","-1078546779.11155","187049940.871464","-1584442766.41601","",
"Senegal","SEN","Net primary income (Net income from abroad) (current US$)","NY.GSR.NFCY.CD","","","","","","","","","-13361315.5678814","-10389975.5199033","-14970448.7615855","-16453853.4863557","-21861956.4274991","-40141666.2736836","-49935896.5485455","-75916285.4872478","-61016956.9266511","-54339331.2773148","-76046680.1083739","-79399386.3642761","-99900210.4107991","-109299415.552016","-115604836.040658","-102801069.36636","-126600965.96398","-127099161.744165","-165097185.29084","-198302268.460767","-218201304.739042","-204701091.49104","-196796539.110302","-194902135.487933","-132599097.771071","-191098259.491414","-142109749.014083","-154863755.896127","-72915302.1519221","-72064886.4199782","-55897924.8769952","-92774122.7021026","-90818467.3909964","-77887426.6606954","-102180059.628588","-94286196.2280895","-90318770.5225099","-89595544.2626142","-63492291.3668333","-73939629.9698217","-48094165.9823749","-170425517.517816","-150123002.032712","-281844853.591149","-301318363.028528","-322846975.886744","-388391763.216963","-462305297.619466","-498449546.415452","-586982761.157947","-601543166.92033","-610372363.661306","-408279558.499689","-701831327.906252","-888483175.670882","-1033022170.98693","-980212689.469887","",
"Singapore","SGP","Net primary income (Net income from abroad) (current US$)","NY.GSR.NFCY.CD","12870685.5436721","14569354.7017202","16039356.8577234","22050032.3400474","28289374.8244164","31392712.709312","34692050.8816746","31948046.8571354","28485375.1118835","27668707.2474373","18358693.5927506","-3266692.80020907","-6752548.59540433","-79608888.8888889","-142671115.813461","50679141.5322746","-34284991.354953","-75805407.1555771","-17627285.3980487","-34696569.9208443","-610181182.746252","-815383896.880254","-810479481.232546","-494485981.308411","-125272124.940842","158407950.869626","6045179.76455616","-547671534.858088","-345821462.488129","-185251441.065395","-363379992.821617","-686830680.173661","31124019.0869428","-1279559051.88233","95715456.6714066","635047182.291207","-691752934.843739","1961737762.37434","1264577838.69761","977369927.378689","-587309588.430842","-600427633.066049","-1841517981.80263","-2595307152.00412","-6958114526.56091","-7231327621.95558","-4031069906.66063","-4759730927.30286","-7122183733.94984","-10070504601.1901","-2591037236.30518","-9599086005.77527","-13122121253.829","-16566690641.7326","-10952922141.9833","-21015620169.8398","-18957385421.839","-22450314101.0555","-47465455553.7268","-45543038269.7605","-44777139494.1953","-65565623085.6661","-101972702617.819","-92972645291.402","-88990093793.5225","",
"Solomon Islands","SLB","Net primary income (Net income from abroad) (current US$)","NY.GSR.NFCY.CD","","","","","","","","","","","","","-12898602.6513794","-17431972.7891156","-27367817.7389311","-25135265.6941588","-30185155.9912646","-33155285.3849506","-42808513.1710578","-53928338.8223991","-14942873.6351071","-3907300.44612177","-8855900.0889709","-8358306.67671985","-8793175.86744287","-5064942.69523835","-5914441.5733563","-7737264.4626944","-8547349.1933079","-7892756.19406936","-5259446.93554172","-9024772.07846026","-9904033.33219494","-3921281.98942634","-2916729.20417651","-6752987.46293197","-7066032.06969127","-8474708.510383","-7890940.55650651","-16927985.9913165","-4205205.37613892","107294.734638314","-7504920.89523842","-3430574.48869856","2197336.34176399","1620253.09058997","-13826359.2492396","-33614388.3951908","-55858858.5809579","-55859957.0306399","-43907936.7712894","-73848105.3972912","-57167327.6726693","3810899.1411416","-15277264.9957392","-24200622.4123273","-42846394.6277833","-29618974.0839492","-20587500.4165354","-16590343.870402","35905012.9343307","17952223.0287706","8297180.9676601","25161298.9497943","1658672.03101278","",
"Sierra Leone","SLE","Net primary income (Net income from abroad) (current US$)","NY.GSR.NFCY.CD","","","","","1563036.22595457","1084999.56600017","1126999.54920018","1249642.71264984","2250000.90000036","3099601.2398405","-8764803.5059214","-8932547.35261056","-7937241.34658371","-10453951.8976115","-13289910.3524299","-13066053.7022329","-14684051.615686","-23773222.8521587","-37200106.9682152","-29349934.2460051","-30079062.6786054","-28205504.2705547","-23808178.258588","-31729723.7088467","-29786250.7221259","-28613270.5143306","-39586626.8953517","-29186881.2971831","-56999969.244018","-48400013.3750186","-69804167.8221941","-60391272.5499756","-74683747.0617209","-44003179.0843039","-113432184.613287","-52278950.657825","-32503269.1380337","-17299433.6121971","-35057731.4919629","-24414988.4020297","-19774870.0483958","-20770242.3880525","-6001427.32323535","-35216500.237229","-181069241.923417","-147113014.035219","-468181061.605877","-617315738.449798","-545214832.056857","-169272872.269727","-49108629.3487297","-218063019.956488","-181835656.133763","-436204347.652475","-380988440.279937","-112618065.405831","-95905445.838911","-99666920.8952022","-68792878.9434507","-69745126.1184382","-26641347.3874221","-70118871.4895696","-66965214.822408","-53969291.0660119","-57200001.0551868","",
"El Salvador","SLV","Net primary income (Net income from abroad) (current US$)","NY.GSR.NFCY.CD","","","","","","-7800000","-7400000","-9080000","-9000000","-9400000","-9600000","-10640000","-12680000","-16080000","-34760000","-40320000","-13960000","-25560000","-51840000","-39960000","-62040000","-71840000","-91520000","-114560000","-96160000","-89440000","-102080000","-91980000","-105460000","-101300000","-131680000","-120810000","-97240000","-111580000","-94630000","-66710000","-90350000","-163200000","-162990000","-282200000","-253100000","-265700000","-323400000","-423040000","-457930000","-490300000","-437520000","-456250000","-389050000","-555970000","-538210000","-618240000","-870560000","-990200000","-1035440000","-1091850000","-1246380000","-1387620000","-1470090000","-1341100000","-1377390000","-1688000000","-1947290000","-2138970000","-2256260000","",
"San Marino","SMR","Net primary income (Net income from abroad) (current US$)","NY.GSR.NFCY.CD","","","","","","","","","","","","","","","","","","","","","","","","","","","","","","","","","","","","","","","","","","","","","","","","","","","","","","","","","","-112620783.61318","-147910778.022325","-136574315.095441","-150042141.841484","-183241237.134198","-158044098.519086","-177345416.832314","","",
"Somalia, Fed. Rep.","SOM","Net primary income (Net income from abroad) (current US$)","NY.GSR.NFCY.CD","","","","","","","","","","","","","","","","","","","","","","","","","","","","","","","","","","","","","","","","","","","","","","","","","","","","","","-32000000","-30651491.089705","-29235075.7657106","-30315736.1631504","-32562257.6329714","-34000000","-37000000","-37000000","-39000000","-39000000","209000000","243000000","",
"Serbia","SRB","Net primary income (Net income from abroad) (current US$)","NY.GSR.NFCY.CD","","","","","","","","","","","","","","","","","","","","","","","","","","","","","","","","","","","","","","27683388.8672767","11286268.2936555","15116966.0849805","-229761.627713687","6034308.98862803","-69401914.336248","-135228912.189548","-216192119.407894","-322924873.114708","-413631235.311814","-1344935637.72914","-1442955293.54761","-667385088.324164","-876600798.416033","-1903662055.76177","-1415085756.70118","-1884609327.97394","-1781504486.13334","-1839647239.249","-2237324463.04453","-2852599565.60412","-2576568910.9791","-2775331798.54304","-1623635450.67949","-2434156092.6099","-3156869046.70313","-4237285964.26369","-5648290826.24515","",
"Sub-Saharan Africa (excluding high income)","SSA","Net primary income (Net income from abroad) (current US$)","NY.GSR.NFCY.CD","","","","","","","","","","","","","","","","","","","","","","","","","","","","","","","","","","","","","","","","","","","","","","","","","","","","","","","","","","","","","","","","","","",
"South Sudan","SSD","Net primary income (Net income from abroad) (current US$)","NY.GSR.NFCY.CD","","","","","","","","","","","","","","","","","","","","","","","","","","","","","","","","","","","","","","","","","","","","","","","","","","","","-6357159953.16159","-445316610.169491","-1013097423.72881","-2008000000","-1475000000","","","","","","","","","","",
"Sub-Saharan Africa","SSF","Net primary income (Net income from abroad) (current US$)","NY.GSR.NFCY.CD","","","","","","","","","","","","","","","","","","","","","","","","","","","","","","","","","","","","","","","","","","","","","","","","","","","","","","","","","","","","","","","","","","",
"Small states","SST","Net primary income (Net income from abroad) (current US$)","NY.GSR.NFCY.CD","","","","","","","","","","","","","","","","","","","","","","","","","","","","","","","","","","","","","","","","","","","","","","","","","","","","","","","","","","","","","","","","","","",
"Sao Tome and Principe","STP","Net primary income (Net income from abroad) (current US$)","NY.GSR.NFCY.CD","","","","","","","","","","","","","","","","","","","","","","","","","","","","","","","","","","","","","","","","","","-3149022.47868693","-3341935.94529245","-2517880.82544974","-3096141.87538198","-2927532.47073064","3032250.18180696","4474506.63028178","-71935.0438326741","-284209.744397553","-369069.011560386","-424923.70557443","-909172.300031804","3067084.40834452","8129598.27728634","3296799.03869155","2846679.21610264","-389949.290118703","1811155.93535494","-456734.720238249","4777878.01607911","2730084.4715315","10516735.5946343","6764702.59696654","-700001.801586422","",
"Suriname","SUR","Net primary income (Net income from abroad) (current US$)","NY.GSR.NFCY.CD","-21000000","-25250000","-32250000","-51750000","-53250000","-33100000","-37550000","-44650000","-60150000","-70400000","-67950000","-76250000","-66050000","-69650000","-62550000","-12600000","-35300000","-40800000","-37400000","-44800000","-15500000","11500000","6500000","-10000000","1500000","0","-2500000","-4000000","-8000000","-2400000","-1500000","-2000000","-933333.333333333","-7470588.23529412","-5500000","-2857466.06334842","-7298924.23781476","-26612500","-28777500","-36837209.3023256","-48014393.9393939","-106515137.614679","-43344680.8510638","-49211841.5993849","-63463423.5552304","-40400495.3751684","-54500018.2235667","-2600000","20400000","4800000","-104299346.875174","-262116585.067319","-192489030.30303","-131249909.090909","-70322121.2121212","-13402525.4117831","-169108184.171784","-397280272.170441","-390744860.246893","-392112737.822955","-328855470.874463","-381224365.482234","-304249079.458436","-320452930.697572","-364891590.712536","",
"Slovak Republic","SVK","Net primary income (Net income from abroad) (current US$)","NY.GSR.NFCY.CD","","","","","","","","","","","","","","","","","","","","","","","","","","","","","","","","","","","","134766013.071895","218001267.427123","61259771.1566784","56513032.7777156","-131780060.450579","-121937175.946667","13438921.0610236","-94313414.5278433","-2267088625.36666","-2205003441.5251","-1603519148.87471","-1969770878.3647","-2403447081.23569","-1806100952.42422","-494895304.147265","-1959796342.6","-3478141228.45331","-1655176543.72383","-808599433.933728","-1181888766.25764","-2204934967.53906","-2392649668.52569","-1771587484.88353","-1734041563.97098","-2579672281.41176","-997100652.837357","-3482037147.96118","-3266912805.92608","-4803140133.13342","-4584514477.73047","",
"Slovenia","SVN","Net primary income (Net income from abroad) (current US$)","NY.GSR.NFCY.CD","","","","","","","","","","","","","","","","","","","","","","","","","","","","","","","","","","","","","","","","","","","","","-480792227.204783","-340231314.51312","-495326809.685108","-1104814982.74785","-1460027778.36094","-838607352.022656","-638605672.633335","-700223089.980546","-721830249.942188","-640398596.739218","-446862494.816469","-1293847362.27344","-1019673613.03308","-716313888.782354","-617930904.391372","-658506251.95294","-96250581.7089497","-552648420.027123","-981804632.519459","-714051420.001973","-774678101.952344","",
"Sweden","SWE","Net primary income (Net income from abroad) (current US$)","NY.GSR.NFCY.CD","","","","","","","","","","","78128624.4490837","136376441.210324","196063329.413741","335949671.421702","371410100.464027","452109484.128896","497533460.364104","374994421.63513","511477924.089853","641002542.511255","-896026811.045962","-1565021132.04566","-2127016840.16172","-2319638976.92739","-2345355545.34684","-2487849928.52079","-2215566005.95205","-1706121380.35455","-2126084508.42146","-2756284725.99234","-5336897513.00939","-7980703100.45473","-12887005048.2503","-11238768918.4675","-7494226931.05236","-8324424600.11495","-8627121383.83537","-7716783585.90158","-5244215147.36034","-403635747.482572","192530178.341446","226641236.893824","815745961.323187","5685789545.28029","2229449305.33821","5427466513.22744","11115448212.3011","14941409717.7014","18129750724.4618","10489822049.1782","14526347408.4779","12933462624.1554","12862552965.7434","13430515893.6573","12093805592.2172","3576119644.22565","1332867450.0384","7614698761.52115","9966041678.37054","15442229656.1794","19382628688.0418","23879602034.2458","23717919736.89","25126573720.0995","26796909768.4047","",
"Eswatini","SWZ","Net primary income (Net income from abroad) (current US$)","NY.GSR.NFCY.CD","-5318877.87244885","-6448397.42064103","-6994677.20212912","-8128536.7485853","-9804336.07826557","-10639995.7440017","-8959996.41600143","-8959996.41600143","-9519996.19200152","-13579994.5680022","-14699994.1200024","-12583593.5107806","-15089921.6234674","-30117053.0247464","-33900043.7100888","","","","","","","","","","","","","","","","59018575.5845525","69749376.6556876","83274486.0298722","47919633.802179","-16522201.4882288","80543742.4267697","132075693.320082","138108582.492651","56893983.7388962","87719159.2612404","34202692.0551921","102334018.654679","3263336.08045047","-41957056.3411952","2602405.72171651","178287831.670265","14000002.0674738","41099999.7870941","-5200004.89031709","-75551643.8324155","-226150771.005168","-292332628.025492","-315328230.837412","-197373935.480022","-187131242.342888","-159520229.399904","-205153820.859029","-295102712.800276","-320277037.182499","-481892802.337482","-386712750.548625","-362520618.516603","-376766640.694333","-308472231.314099","-429082864.010069","",
"Sint Maarten (Dutch part)","SXM","Net primary income (Net income from abroad) (current US$)","NY.GSR.NFCY.CD","","","","","","","","","","","","","","","","","","","","","","","","","","","","","","","","","","","","","","","","","","","","","","","","","","-30893854.7486034","-33296089.3854749","-32888659.2178771","-30818826.8156425","-22586089.3854749","-43117094.972067","-41594581.0055866","-35764357.5418994","-26228603.3519553","-28435754.1899441","-49773798.8826816","-31024804.4692737","-40889998.5698324","-47170377.1061452","-49625069.6871508","-59537106.9273743","",
"Seychelles","SYC","Net primary income (Net income from abroad) (current US$)","NY.GSR.NFCY.CD","","","","","","","","","","","","-91145.0239465321","-112390.426358702","-146997.133372153","-175343.480343645","-182518.085883056","-2129700.65709353","-3872630.74478932","-5508835.92831149","-8890432.91513032","-5334835.22242821","-2311983.11935613","-4028970.74143134","-4817039.67201575","-5836630.72274913","-5915058.9130056","-8483368.06549419","-13964265.7653346","-17386242.2442221","-14913960.4411627","-13153703.4608106","-10795363.0229134","-9293426.26759601","-10846210.9572592","-3856956.3669449","-19635019.6350196","-15030483.5107346","-12255433.4742841","-20961213.203854","-24857276.5559195","-31633757.2589392","-17435521.5890898","-68008787.5383232","-42993828.4120423","9436909.09090909","9808290.90909091","10350577.5322246","-71264113.4387694","-78653049.3083449","-55371162.5473735","-54179844.6886194","-73964020.123686","-3640045.7646367","-82985930.0262265","-87785133.9994178","-83221138.7701223","-109166395.940512","-112911623.683803","-85111785.0565127","-74679778.3834821","-49101641.4763893","-62291218.7761572","-63407342.4301267","-59351791.4075584","-68930155.6474731","",
"Syrian Arab Republic","SYR","Net primary income (Net income from abroad) (current US$)","NY.GSR.NFCY.CD","","","","","","","","","","","","","","","","","","","","","","","","","","","","","","","","","","","","","","","","","-1728867490.05652","-1684770413.46354","-1752318015.45344","-1897642755.53749","-1905108910.89109","-2477509578.54406","-2321485826.00196","-2316659991.99039","-3215207379.7918","-3170060845.58183","-3982463964.3182","-4562449583.74751","-1690164688.21594","-921170690.654827","-822830567.000124","-620143189.727923","-466440039.709847","-593532242.965923","-789137471.809867","-858857650.803","-501923711.922087","-521415258.12951","-804703829.91407","","","",
"Turks and Caicos Islands","TCA","Net primary income (Net income from abroad) (current US$)","NY.GSR.NFCY.CD","","","","","","","","","","","","","","","","","","","","","","","","","","","","","","","","","","","","","","","","","","","","","","","","","","","","","","","-51500000","-63000000","-41100000","2100000","-2800000","-28000000","300000","5200000","-16200000","2800000","-23500000","",
"Chad","TCD","Net primary income (Net income from abroad) (current US$)","NY.GSR.NFCY.CD","-2121175.74078285","-3084695.77330601","-3440128.37053853","-3297600.73849112","-3093011.10035203","-3429762.9013362","-3250855.10048242","2180036.80945314","680099.400603545","2292079.49048458","3129237.63958583","2730044.56910193","3847683.33354184","3755714.33630317","3957638.24571944","7628225.83241606","8191012.15166352","6089352.02689346","5928727.04480176","-2264738.51433754","5053865.71833702","-3479471.32936429","-2081474.99859049","-5728667.45857141","-7485404.74262956","-5475183.80677198","-8807392.72640296","-10682196.4643357","-13350117.7658544","-9435736.96808433","-17836547.4128076","-2509748.52941301","2829618.05832437","-40056507.2547951","-7868155.89182264","-5146749.67641789","-10208190.9766317","-16584714.1624557","-678078.9836593","-1623974.43816306","-17510990.7277203","-22548345.3290998","-60024424.9054804","-458387393.152526","-695716908.011672","-1024910787.23772","-1211948832.71662","-1199664750.73952","-1668833927.3045","-386992441.525171","-355703397.384992","-316181293.226731","-299673098.95583","-591213246.195952","-604166018.153087","-331914948.002264","-186080754.567268","-130886276.616951","-164149380.893163","-173952743.571318","-153825838.764096","-174085951.151395","-183916970.775898","-192723091.944496","-211208148.100457","",
"East Asia & Pacific (IDA & IBRD countries)","TEA","Net primary income (Net income from abroad) (current US$)","NY.GSR.NFCY.CD","","","","","","","","","","","","","","","","","","","","","","","","","","","","","","","","","","","","","","","","","","","","","","","","","","","","","","","","","","","","","","","","","","",
"Europe & Central Asia (IDA & IBRD countries)","TEC","Net primary income (Net income from abroad) (current US$)","NY.GSR.NFCY.CD","","","","","","","","","","","","","","","","","","","","","","","","","","","","","","","","","","","","","","","","","","","","","","","","","","","","","","","","","","","","","","","","","","",
"Togo","TGO","Net primary income (Net income from abroad) (current US$)","NY.GSR.NFCY.CD","-475367.572698771","-1216257.3429901","122237.987271993","3624701.35717595","3174465.73601401","-5599979.06479863","-1399997.91678909","-3400000.04390227","-5199981.38345204","-5199983.1328269","-4499828.81344795","-4604043.1149214","-7713937.64700249","-12755698.8712189","399994.735457312","-4852717.68521634","-3933869.24740988","-13228606.8892623","-20473653.9968428","-21859552.7590037","-39947073.9135171","-27784785.0024193","-42360727.6882829","-43142128.7831593","-38813917.5338728","-37973306.0701912","-41986000.9086071","-47182279.2728959","-49622589.8198169","-39842223.6657862","-32468392.4973802","-28960651.9349726","-27201447.0142201","9182004.23651319","-44866335.2083751","-33617255.1608928","-26448901.826153","-28834817.8050364","-23340890.87197","-38393214.0008876","-29146391.8603663","-29355635.8867449","-21348879.3691402","-23383445.7475243","-34759488.009012","-34537147.7777774","-37823565.7946526","-30273671.609571","-15134527.7566914","-19115725.5456664","-23492592.5636543","233851079.705854","5975834.14976625","25256143.9487956","46158302.0954848","140641669.103104","43605729.2504729","4997789.14134728","19339397.7858438","22122813.3836085","42754687.8941228","18644595.2696846","10959348.590556","9807610.74880506","31924053.940631","",
"Thailand","THA","Net primary income (Net income from abroad) (current US$)","NY.GSR.NFCY.CD","-7053115.57001788","-7270258.38571138","-7509334.29118774","-7681521.84349496","-7937576.92307692","-3086572.11538462","-3702153.84615385","6442533.65384615","6105798.07692308","5721009.61538462","9615360.57692308","-4808072.11538462","-28846041.5127306","-43919923.285639","-4908338.37747961","0","-44117713.5233092","-58823080.4520938","-177026227.68974","-308535944.282307","-263426109.131836","-551548426.399959","-561823049.066361","-291345943.646545","-484405472.074995","-648113897.303671","-853155474.321856","-870591377.391478","-979287818.182724","-920863043.354603","-1245981018.4393","-1513199443.73892","-2107784653.68363","-2166028538.11617","-2615114335.00947","-3272262656.30233","-4609456701.96009","-4474955533.88763","-4411960941.29732","-3883570528.06531","-2492109367.40989","-3364182040.3809","-4721406148.12127","-6224066139.9863","-7511955709.27305","-8489281362.34269","-8244314982.13808","-8948646511.81938","-10626476193.3979","-9871820306.57963","-14289377496.887","-8943735667.63162","-18215658854.0162","-26866168280.3994","-20957558494.8359","-20701321492.4662","-19417400360.8245","-20443572888.4878","-24489274695.8811","-19998804416.6755","-11094862530.199","-17584275093.4239","-15792923271.7461","-12915653092.9707","-16076342360.4627","",
"Tajikistan","TJK","Net primary income (Net income from abroad) (current US$)","NY.GSR.NFCY.CD","","","","","","","","","","","","","","","","","","","","","","","","","","","","","","","","","","372612.948299953","-212349306.811332","-48523184.4166843","-76297461.928934","-23596160.993575","-33068211.8139385","-29518045.0350301","-36129608.6694762","-50686285.0899084","-41128411.6936486","-70301796.5503646","-57538407.5720382","348172556.534161","630379595.247162","1010138786.45152","1487976914.50058","973890266.946162","1327528592.93071","1793868508.0397","2111451718.84802","2664307224.26884","2183810467.78707","1526565210.42842","1089376473.62863","1100793450.84331","1225673044.3612","1330473422.48205","1364142522.79271","1821104710.02799","3497393653.837","3029971344.98745","4454261950.46952","",
"Turkmenistan","TKM","Net primary income (Net income from abroad) (current US$)","NY.GSR.NFCY.CD","","","","","","","","","","","","","","","","","","","","","","","","","","","","","","","","","","22527449.3362536","91401388.866987","18399708.6643222","16800030.6936771","84799996.4711422","32640003.4258435","-5700020.65047783","-177280060.595848","-105000004.901918","-122299986.635611","-77999989.9378157","-107000000","-563000000","-626000000","-364446529.080675","-1035839501.36346","-1256842105.26316","-1894000000","-2827000000","-3329000000","-3415000000","-3921000000","-2094000000","-954000000","-1574000000","-1716959314.28571","-581482182.001495","-227766966.243222","-250843141.142397","-552564396.58591","-378755785.703735","-471459099.637942","",
"Latin America & the Caribbean (IDA & IBRD countries)","TLA","Net primary income (Net income from abroad) (current US$)","NY.GSR.NFCY.CD","","","","","","","","","","","","","","","","","","","","","","","","","","","","","","","","","","","","","","","","","","","","","","","","","","","","","","","","","","","","","","","","","","",
"Timor-Leste","TLS","Net primary income (Net income from abroad) (current US$)","NY.GSR.NFCY.CD","","","","","","","","","","","","","","","","","","","","","","","","","","","","","","","","","","","","","","","","","148339412.660579","155464629.822863","290027872.151294","171597229.980627","240416508.933146","382724503.554901","847243150.212115","1426587361.85391","2615035282.79399","1796668024.76726","2442230673.24931","3538537784.2852","3157726832.07027","2756233448.0363","1890199766.73355","1198177002.80029","579993170.422682","672765631.04477","679780061.197972","836933726.100807","205995171.428742","-161279009.936058","-151779666.153057","213920855.54446","261676940.637491","",
"Middle East, North Africa, Afghanistan & Pakistan (IDA & IBRD)","TMN","Net primary income (Net income from abroad) (current US$)","NY.GSR.NFCY.CD","","","","","","","","","","","","","","","","","","","","","","","","","","","","","","","","","","","","","","","","","","","","","","","","","","","","","","","","","","","","","","","","","","",
"Tonga","TON","Net primary income (Net income from abroad) (current US$)","NY.GSR.NFCY.CD","","","","","","","","","","","","","","","","","","","","","","3861181.33762353","3050005.07150827","1569369.36936937","2042123.73848179","2644737.76101683","3745320.85561497","3370676.37585772","7322054.17414338","4309098.13269766","2941040.28399444","2315286.13296313","1509910.17741816","1070086.70520231","8830480.23026814","3680069.24226926","5012582.19011283","5055797.38820736","7878686.32707775","6456496.20564752","2597142.71595117","675047.018772254","3399864.11553758","871098.390164627","2316954.12286143","-636706.728474839","5177135.85974484","4670673.99156924","5794589.10033692","9789192.87451971","11935875.6955241","12015565.0179006","13858786.0751936","11301018.068686","3163470.63970732","4515158.38671165","6628116.26439173","18489641.9508529","23488204.7333347","32681180.0325938","35756296.6208594","26132240.6020578","25619997.011427","45533950.2956803","","",
"South Asia (IDA & IBRD)","TSA","Net primary income (Net income from abroad) (current US$)","NY.GSR.NFCY.CD","","","","","","","","","","","","","","","","","","","","","","","","","","","","","","","","","","","","","","","","","","","","","","","","","","","","","","","","","","","","","","","","","","",
"Sub-Saharan Africa (IDA & IBRD countries)","TSS","Net primary income (Net income from abroad) (current US$)","NY.GSR.NFCY.CD","","","","","","","","","","","","","","","","","","","","","","","","","","","","","","","","","","","","","","","","","","","","","","","","","","","","","","","","","","","","","","","","","","",
"Trinidad and Tobago","TTO","Net primary income (Net income from abroad) (current US$)","NY.GSR.NFCY.CD","-51974461.7305123","-66674249.9810417","-66265859.3353517","641.66506250401","699.998250004375","0","-68424828.9379276","-68638207.6049753","-68349950","-71650000","-65100000","-66940962.3692829","-70786105.7284176","-91975279.9709681","-285306378.093843","-83417949.504977","-108589219.249967","-193375000","-77875125","-254624958.333333","-314958333.333333","-343416666.666667","-214708333.333333","-105041666.666667","-230625000","-348081632.653061","-258000000","-483000000","-301974659.902439","-377647058.823529","-396776470.588235","-442070588.235294","-448094117.647059","-325821247.493738","-412053545.28299","-390060721.652188","-514018930.016756","-381194984.770489","-341281722.011689","-399899998.412421","-628500331.042413","-539298551.61468","-479801311.732408","-680900001.588537","-397300504.588671","-793005287.037598","-956199993.663065","-968800006.320913","-1228000000","-1017100001.5808","-1079498653.28379","-2819853771.88558","-2296251277.10062","-1566855487.10006","-1723145483.09863","-239643057.514282","-425140580.242787","48999819.3088749","-700005065.907755","-606997573.555441","-1055607354.88227","-391698268.706361","-1722000000","505100000","180472644.720696","",
"Tunisia","TUN","Net primary income (Net income from abroad) (current US$)","NY.GSR.NFCY.CD","","","","","","-24380952.3809524","-26666666.6666667","-36952380.9523809","-49904761.9047619","-55809523.8095238","-59047619.047619","-56605541.6060293","-75458568.0059864","-120257307.944098","-125999981.67273","-135730745.997062","-191708938.254329","-199067599.067599","-215776687.947983","-266445571.787769","-293405779.204742","-302346680.059295","-294402957.91172","-267396617.690607","-254237397.226946","-351709295.191349","-421647068.306069","-486084796.937714","-497782710.269479","-478447227.018048","-408181818.181818","-556739130.434783","-727245591.243203","-923743352.375411","-888237306.164575","-857248598.921434","-1037694368.65117","-897814284.732546","-851390809.897034","-881620265.969778","-942887596.913364","-940562850.269651","-978313086.915757","-1067477558.44583","-1273498213.92297","-1662744819.96373","-1581262560.8084","-2028004663.802","-2497439418.50858","-2122012182.70352","-2067206930.27805","-2160418189.45107","-1904510683.19705","-2061307672.13777","-1703924484.95737","-1180144013.25432","-956549550.216407","-992467218.450665","-1036206201.52051","-1092272340.17611","-1396728297.03757","-1230109355.37976","-1183689908.49336","-1274593413.68317","-1011315487.69826","",
"Turkiye","TUR","Net primary income (Net income from abroad) (current US$)","NY.GSR.NFCY.CD","","","","","","","","-66666666.6666667","-88888888.8888889","-100000000","-81818181.8181818","-86666666.6666667","-121428571.428571","-135714285.714286","-176071428.571429","-169214285.714286","-301000000","-341055555.555556","-445166666.666667","-978451612.903226","-1118565789.47368","-1428810810.81081","-1483920245.39877","-1468977777.77778","-1501681198.91008","-1552950191.57088","-1875642962.96296","-2085521586.93116","-2513611111.11111","-2326647973.6098","-2507655423.53392","-2662871524.44871","-2635695576.25146","-2747746927.62858","-3263007869.22895","-3201854073.50856","-2926820219.88821","-3013694399.63125","-2984725226.67649","-3537143580.3268","-4001996740.34218","-5000000326.37395","-4554001257.94008","-5557000769.54597","-5609000958.93688","-5370000439.12434","-5986001709.54172","-6277999525.68478","-7602998258.96143","-7654998903.1975","-6519998416.34123","-7249998059.64936","-6587999783.96449","-8620001071.55914","-8205001548.97644","-9682998328.31435","-9179999238.44464","-10729998933.7012","-11074000335.517","-11843000649.1219","-8604000510.80065","-10687999457.2002","-8816000219.95473","-11420000058.1333","-15875000214.1386","",
"Tuvalu","TUV","Net primary income (Net income from abroad) (current US$)","NY.GSR.NFCY.CD","","","","","","","","","","","","","","","","","","","","","","","","","","","","","","","","","","","","","","","","","","11763580.1849758","17862251.9305234","9879150.19903834","15054877.6541605","15562061.9898234","14928240.2578968","21143830.6645959","18952119.566038","20284918.9940017","19095930.0432322","19031154.3607131","11729745.5687041","20507354.8790695","12408652.5330302","20169860.7907805","18908441.3334979","17476574.1999666","21519532.1022226","18054899.9761558","18660229.7869705","20979414.433634","20529610.2281808","","","",
"Tanzania","TZA","Net primary income (Net income from abroad) (current US$)","NY.GSR.NFCY.CD","","","","","","","","","","","","","","","","","","","","","","","","","","","","","-180599985.851846","-179100103.679869","-186450079.338019","-185449645.083196","-187099952.87565","-164099987.688083","-153800041.25535","-129469609.861402","-71970411.1820761","-121538245.204187","-104997719.413777","-161601146.416568","-114994701.576138","-313893162.024431","-81528905.4656328","-171825089.900056","-196544393.762918","-319561597.209375","2609698.72103335","-258104443.820061","-290562615.953287","-264609659.613783","-577087339.45729","-643712054.319771","-570273313.370767","-703124792.680447","-533080806.613035","-729701793.548977","-957216691.22852","-935451849.84985","-638680515.71997","-1013737740.74938","-1264599387.95734","-1191540223.54424","-1393277846.20211","-1497498613.47773","-1743172818.3063","",
"Uganda","UGA","Net primary income (Net income from abroad) (current US$)","NY.GSR.NFCY.CD","-1223667.25581805","-1097840.28863881","-4396603.94485438","-3820945.57000939","-2905554.38378047","-18759624.8075039","-17359652.8069439","-18899622.0075599","-16799664.0067199","-17600447.9910402","-15100097.99804","-22466750.6649867","-16829063.4187316","-14305114.169315","-15995152.5520388","-3885555.55555556","-6927000","-10858235.2941176","-7133478.26086956","-10996250","-7400000","-12400000","-26300000","-45700000","-47000000","-53000005.1190595","-43999995.5777353","-47000002.5704004","-57000000","-65999998.254785","-76999996.3737527","-58199999.2183949","-86999999.3016355","-48899997.986387","-61089998.636082","-58070000.4609089","-45809999.9802532","-16530000.0094511","-8499999.9565086","-14000000","-107655788.045759","-180715676.204343","-134003705.998253","-137092135.448917","-214708013.391366","-272139756.858205","-248714778.733361","-228571500.088287","-262111933.171247","-404359775.166137","-442406931.897919","-431222936.457381","-576824948.171908","-642001573.219511","-746835180.352879","-627975626.259313","-512078223.697322","-723710598.705699","-925549370.618836","-938864727.94737","-769693566.726066","-886368802.138573","-969745709.065616","-1230849614.63867","-1296193004.67369","",
"Ukraine","UKR","Net primary income (Net income from abroad) (current US$)","NY.GSR.NFCY.CD","","","","","","","","","","","","","","","","","","","","","","","","","","","","","","1348020749.38269","1852068994.06631","1603928263.18115","-69053401.4312361","-1585504394.00867","-491829678.748696","-565404374.730813","-570999836.564599","-644000133.214586","-870999884.876438","-868999927.852758","-2056161932.77016","-1966642467.56389","-2168915589.13946","-2458047423.73827","-2981387478.84941","-4080996282.9254","-5853267326.73267","-6673267326.73267","-9770427327.80721","-6768627330.18108","-5250742882.83527","-8328895548.11176","-1988980392.88807","-2782184411.35994","-1526333009.13234","3802387197.113","968207765.590634","1627350497.27774","1273653432.44527","1912086429.91266","3422309853.08591","-5799783912.65999","8481000001.17493","5070000001.09368","83000000.2739584","",
"Upper middle income","UMC","Net primary income (Net income from abroad) (current US$)","NY.GSR.NFCY.CD","","","","","","","","","","","","","","","","","","","","","","","","","","","","","","","","","","","","","","","","","","","","","","","","","","","","","","","","","","","","","","","","","","",
"Uruguay","URY","Net primary income (Net income from abroad) (current US$)","NY.GSR.NFCY.CD","-8567511.99451679","-8791981.71267804","0","-13216150.1354655","-17692852.0877565","-20664121.9183193","-22266893.4591","-28581636.2986781","-24584419.0852727","-22580645.1612903","240322580.645161","-20161290.3225806","-37677141.4352793","-299947208.824585","-63733122.1035572","-84979500.5590758","-73883421.6502649","-68220946.9153515","-77199778.6386276","-57933234.1058899","-381471479.746487","-73934527.4861028","-187730991.337825","-287207582.846477","-364909351.145038","-351654869.706196","-292774409.973982","-302187813.162352","-328788559.219206","-366843320.272128","-338098682.837901","-263183197.59048","-231329087.559822","-243105971.644407","-320637314.21433","-303839344.778705","-284126875.211761","-191713971.217241","-209904767.19783","-45031774.4481582","-66211373.0777038","-68090031.7941497","77538211.3544232","-490571137.262948","-590911001.330834","-499861854.84464","-436655181.217344","-518071975.978893","-906792770.380056","-1038160924.7047","-1502509033.85092","-1630014707.3077","-3852055611.4241","-3064924897.49828","-3737581139.14099","-2447924840.32582","-2660199999.33693","-3556799999.30256","-3666799998.8804","-3047499999.64544","-2889099999.59061","-6099400001.03319","-6564700000.72624","-5372899998.73016","-5003900000.76344","",
"United States","USA","Net primary income (Net income from abroad) (current US$)","NY.GSR.NFCY.CD","","","","","","","","","","","6393000000","7594000000","8558000000","12619000000","15520000000","13004000000","16847000000","20292000000","21581000000","31931000000","34185000000","32935000000","36510000000","37085000000","36290000000","25365000000","16957000000","17488000000","22657000000","24790000000","34692000000","31587000000","31077000000","31158000000","22966000000","27952000000","30869000000","23300000000","17411000000","30904000000","38481000000","50364000000","45794000000","58496000000","76713000000","74800000000","46460000000","95664000000","145214000000","150243000000","205633000000","237932000000","232690000000","230238000000","235158000000","220128000000","231365000000","292949000000","290308000000","281895000000","211597000000","152652000000","149272000000","100045000000","","",
"Uzbekistan","UZB","Net primary income (Net income from abroad) (current US$)","NY.GSR.NFCY.CD","","","","","","","","","","","","","","","","","","","","","","","","","","","","","","","","","-71264126.9750479","-48683870.0089425","-43084663.0528834","-34127996.875473","-73000000","-175000000","-101000000","-168000000","-219000000","-205000000","-145000000","-116000000","-49100000","-24300000","-89000000","931000000","1722017879.89081","897000000","854753624.06921","1134143879.37843","793062273.963614","1222104499.27227","1114895844.74924","1426648123.1112","852686386.72973","1212894203.79252","1507553062.65386","736218151.619013","160076149.508608","357361131.907493","1013645892.05313","992326575.454703","1134794800.42053","",
"St. Vincent and the Grenadines","VCT","Net primary income (Net income from abroad) (current US$)","NY.GSR.NFCY.CD","0","0","0","0","0","0","0","0","0","0","0","0","0","0","0","0","0","0","0","-600000","-900000","-700000","-2700000","-2300000","-3000000","-2900000","-8444444.44444444","-4259259.25925926","-11259259.2592593","-6851851.85185185","-11044444.4444444","-11359259.2592593","-8270370.37037037","-8214814.81481481","-10914814.8148148","-11437037.037037","-8996296.29629629","-12629629.6296296","-13714814.8148148","-19459259.2592593","-19174074.0740741","-16483333.3333333","-17602851.8518519","-23833000","-29584962.962963","-29602222.2222222","-25697814.8148148","-22006296.2962963","-22842481.4814815","-13011333.3333333","-12278925.9259259","-12942370.3703704","-3819148.14814815","-3720777.77777778","-31903703.7037037","-19681481.4814815","-7966666.66666667","-4618518.51851852","-1755555.55555556","-1803703.7037037","-7892592.59259259","-16703703.7037037","-10407407.4074074","2255555.55555556","-6459259.25925926","",
"Venezuela, RB","VEN","Net primary income (Net income from abroad) (current US$)","NY.GSR.NFCY.CD","-525468341.990438","-584327578.660927","-634958702.548002","-611792218.313799","-700068965.517241","-696177777.777778","-665533333.333333","-644755555.555556","-703111111.111111","-608177777.777778","-540711111.111111","-738000000","-469090909.090909","-688000000","-637000000","100000000","208000000","88000000","38000000","-3000000","329000000","574000000","-1530000000","-2113000000","-2062000475.05938","-2233000000","-1602000000","-1619000000","-1771000000","-2368000096.08455","-773999999.999999","-598000879.894413","-1746000000.00851","-1715000458.66722","-1882951515.15152","-1943000235.57904","-1725206805.6554","-2463497510.07888","-2496205637.04574","-1465032811.9196","-1393450659.33922","-2029963495.67374","-2749341028.51236","-2187677547.9691","-3489065562.2751","-2200237348.96519","-1003171401.95622","2431074988.35585","679455376.293948","-2664501538.74849","-4850923011.48447","-7989045531.90497","-11098999999.0955","-8706999999.65447","-7424999999.8486","-7661000000.00683","-6917999999.99971","-7566999999.99855","-7973001343.40687","-4038788789.29687","-1154402135.75236","-1028866781.00875","-986707027.875481","999999999.999804","999999999.999514","",
"British Virgin Islands","VGB","Net primary income (Net income from abroad) (current US$)","NY.GSR.NFCY.CD","","","","","","","","","","","","","","","","","","","","","","","","","","","","","","","","","","","","","","","","","","","","","","","","","","","","","","","","","","","","","","","","","","",
"Virgin Islands (U.S.)","VIR","Net primary income (Net income from abroad) (current US$)","NY.GSR.NFCY.CD","","","","","","","","","","","","","","","","","","","","","","","","","","","","","","","","","","","","","","","","","","","","","","","","","","","","","","","","","","","","","","","","","","",
"Viet Nam","VNM","Net primary income (Net income from abroad) (current US$)","NY.GSR.NFCY.CD","","","","","","","","","","","","","","","","","","","","","","","","","","","","","","37410768.941822","-412013340.285474","-512206724.678997","-336987371.462974","-502304303.371124","-412054960.23177","-19477637.307876","-215905596.719018","-429929907.302387","-616596321.977691","-519894995.124577","-446576044.926891","-437346492.955658","-569783042.63883","-628965961.918791","-851073288.454211","-1058016783.38562","-1426137518.17059","-2170923851.87945","-2949470165.16125","-4566517401.60594","-4566933357.12983","-4833859993.41776","-6228999903.97542","-7336800888.41467","-8845664365.42463","-12141458253.3272","-14142890276.6798","-16997499636.911","-15820436199.3713","-16797862495.0527","-14817403148.1147","-18749176001.8181","-19914502950.8024","-22462999999.9991","-15693000000.0013","",
"Vanuatu","VUT","Net primary income (Net income from abroad) (current US$)","NY.GSR.NFCY.CD","","","","","","","","","","","","","","","","","","","","-19197723.9012188","-17571545.7154572","-16560016.3960558","-21110620.2706636","-17208817.8927242","-19122537.3576539","-13486146.1917157","-8145116.30991072","-20717069.6046391","-17609017.8499607","-5757326.12330018","-1400630.01025115","-24297558.2020057","-29950417.1370114","-28526871.7974026","-37419851.3809544","-36713042.431162","-31728284.3562868","-30275928.1953914","-8284982.8454918","-5091769.12647686","-12966379.5630407","-4001494.02150538","-11529435.4854092","-14392114.6463008","-18717695.6793989","-26010862.1259723","-20113105.9814056","-24740995.2410006","-2234435.89367049","-22147209.5875437","-21499992.6784593","-19021320.4958083","-43113334.232897","-313367.004257345","12168148.920323","13029768.362208","17459187.8312975","2311413.23124447","26576851.0870059","133923256.270019","103673998.959958","137000689.796944","157315923.654331","154698358.27474","166231938.552346","",
"World","WLD","Net primary income (Net income from abroad) (current US$)","NY.GSR.NFCY.CD","","","","","","","","","","","","","","","","","","","","","","","","","","","","","","","","","","","","","","","","","","","","","","","","","","","","","","","","","","","","","","","","","","",
"Samoa","WSM","Net primary income (Net income from abroad) (current US$)","NY.GSR.NFCY.CD","","","","","","","","","","","","","","","","","","","","","","","-26877163.9194898","-24196823.9623007","-30692584.4385974","-27614305.4380261","-28149029.4301816","-29321613.7241964","-40624963.9249639","-38217755.4438861","-36875990.4741286","-37813180.3962461","","","","","","","","","","","-19852330.2565444","-24367258.9178782","-28315628.658828","-34770431.3175663","-35052891.0157234","-36851639.5322174","-40648324.6350503","-30228248.1324154","-19869719.8041896","-27914929.2647937","-26840564.3170261","-27481423.5158289","-29794247.3294432","-16319889.0487631","-18681417.0634518","-25910748.4288202","-29127556.0511077","-35817666.4592551","-26526813.6033604","-14058433.9559764","-21450618.7283396","-11732340.5686469","-15357191.4255946","",
"Kosovo","XKX","Net primary income (Net income from abroad) (current US$)","NY.GSR.NFCY.CD","","","","","","","","","","","","","","","","","","","","","","","","","","","","","","","","","","","","","","","","","","","","","","","","","240207997.656364","85853153.6537927","89415080.5571722","154811571.043994","197358345.603067","161407938.162814","151148754.928739","102783880.101543","82469966.9367881","143898110.44514","133541155.015394","179816612.39079","186882773.04526","179059257.583555","121473880.560248","215086330.944347","266118306.86868","",
"Yemen, Rep.","YEM","Net primary income (Net income from abroad) (current US$)","NY.GSR.NFCY.CD","","","","","","","","","","","","","","","","","","","","","","","","","","","","","","","-80328149.0343531","-485595337.218984","-417235636.969192","-408076602.830974","-531890091.590341","-556419753.08642","-569913287.203293","-613503402.938902","-357357635.807293","-695599850.918948","-777110477.639752","-690912990.692987","-818353464.960355","-1026552041.08884","-1346454387.47399","-1612460082.24106","-1234317167.42821","-1350182721.24314","-1915322469.72001","-1172115699.09601","-1818983764.74339","-2337424542.09542","-1569642999.74918","-1815600000","-2426941571.03634","-1007356259.60081","-396123287.897536","-736228759.905919","-609796349.319297","","","","","","","",
"South Africa","ZAF","Net primary income (Net income from abroad) (current US$)","NY.GSR.NFCY.CD","-330399867.840053","-372399851.04006","-323399870.640052","-323399870.640052","-375199849.92006","-415799833.680067","-433999826.400069","-449399820.240072","-516599793.360083","-599199760.320096","-663599734.560106","-655745039.617347","-702461868.678656","-925126700.568766","-1249490416.89417","-1538860972.43032","-1501900375.47509","-1737650434.41261","-1952700488.17512","-2339603550.02179","-3325483992.73786","-3579164952.67093","-3127601729.9432","-3356969751.36882","-2993336166.69954","-2570585661.8843","-2945691788.99902","-3116845355.64993","-3172246101.55058","-3369458000.35612","-4267348349.89551","-3208254038.38389","-2945637714.26087","-2662388891.16705","-2421709148.19711","-2874760310.27671","-3112099064.3002","-3221380731.87235","-3163368596.83764","-3208290585.58792","-3173565684.91323","-3737405451.22701","-2789176137.13715","-4609406075.46926","-4311350400.08867","-4941559862.92891","-5135457190.07571","-9767840275.13124","-8942380565.20203","-6627467613.22184","-8131292836.08665","-10719816138.861","-10883811008.6603","-9691301734.67907","-9453635055.88138","-7943171747.43347","-8291430980.09355","-10575832463.2499","-11317956591.264","-9718151325.40034","-5625822303.21758","-8023180422.49787","-8464431662.47581","-5137167833.66117","-7887211382.30633","",
"Zambia","ZMB","Net primary income (Net income from abroad) (current US$)","NY.GSR.NFCY.CD","-72519971.0210195","-64399974.2657703","-68599972.5874509","-68039972.8112268","-96739961.3427114","-63699974.5454901","-81199967.5524929","-70839971.6923473","-72939970.8531876","-66499973.4266106","-46759981.3147114","-50259979.9748935","-89036038.0209585","-188382323.926214","-188201287.085757","-170700993.556505","-249934437.444214","-111557420.650103","-176477935.054121","-288151260.504202","-289856297.548605","-112582654.528031","-236016150.740242","-250595710.881652","-276805222.565483","-266590932.652425","-306800487.348913","-343905519.99979","-410705266.437012","-406900518.71829","-280246492.471444","-383889417.817866","-315453478.625314","-254998089.508197","-236399844.032681","-242000002.314496","-206000000","-250799925.142526","-222700018.098148","-163907531.723994","-156116732.308017","-164945893.515115","-150508400.97804","-143067215.040085","-398687306.11284","-631728329.786042","-1168287002.85865","-1544526495.94004","-1398610006.14037","-418707001.446662","-1363000000","-1156978048.42924","-431975967.983214","-1148846688.28161","-551956133.22502","-412002271.357716","-647104977.30535","-1146813764.11873","-406804000.216861","-404586982.156711","-508976006.608776","-1921845242.35023","-1613634116.18156","-1668300499.57696","-2177309548.14479","",
"Zimbabwe","ZWE","Net primary income (Net income from abroad) (current US$)","NY.GSR.NFCY.CD","-191096480.355855","-235294070.26994","-268702942.48561","-312939843.460915","-447166936.230897","-253091813.814425","-185997601.295893","-126965443.004874","-128515987.278628","-153023086.741626","-135334255.777408","-195912446.039463","-226201541.17049","-248112801.925078","-339624536.19331","-406002766.331715","-470447649.844667","-483198070.639408","-382490051.32299","-506186204.944107","-960228765.943837","-837783486.668917","-1457532532.00173","-1277323370.66252","-790074294.714077","-812005533.66394","-1185785858.23918","-1379120508.77804","-1546677206.31192","-1372676021.02705","-1752901478.6826","-1959000000","-1807000000","-1598250000","-1907500000","-2101000000","-2055750000","-2610000000","-2481250000","-2289750000","-2326750000","-2127000000","-1738750000","-1417000000","-1827250000","-1769750000","-2016000000","-2336500000","-2857250000","-395000000","-608250000","-877000000","-856250000","-917500000","-964000000","-541500000","-1776750000","-1989641434.26295","-712867647.058824","-386980585.715467","-430860714.940873","-644413503.207063","-638546598.238421","-351563270.597348","-434434235.404595","",
