"Data Source","World Development Indicators",

"Last Updated Date","2025-06-05",

"Country Name","Country Code","Indicator Name","Indicator Code","1960","1961","1962","1963","1964","1965","1966","1967","1968","1969","1970","1971","1972","1973","1974","1975","1976","1977","1978","1979","1980","1981","1982","1983","1984","1985","1986","1987","1988","1989","1990","1991","1992","1993","1994","1995","1996","1997","1998","1999","2000","2001","2002","2003","2004","2005","2006","2007","2008","2009","2010","2011","2012","2013","2014","2015","2016","2017","2018","2019","2020","2021","2022","2023","2024",
"Aruba","ABW","GDP deflator (base year varies by country)","NY.GDP.DEFL.ZS","","","","","","","","","","","","","","","","","","","","","","","","","","","43.3093890853516","44.8650493772939","46.2596521538462","48.0927107683793","50.8675976148706","53.7237419188531","55.7772433722674","58.7336124436987","62.4267675229417","64.534193745572","66.6376770289244","69.1060950189652","73.6622256573217","75.2754730834044","76.0554028642542","73.8988500811783","77.1760336164623","79.5291665376124","81.7638643095843","85.9072458683573","88.9005517213754","93.4939480775572","97.4790799341006","99.1394220436433","97.9265438600509","101.849162176143","102.036597940594","100","103.958897410193","111.060627987948","109.946912346958","106.452616082952","110.138037089452","116.765941637385","115.654945180086","109.973251540577","113.445414349983","121.056990382611","",
"Africa Eastern and Southern","AFE","GDP deflator (base year varies by country)","NY.GDP.DEFL.ZS","","","","","","","","","","","","","","","","","","","","","","","","","","","","","","","","","","","","","","","","","","","","","","","","","","","","","","","","","","","","","","","","","",
"Afghanistan","AFG","GDP deflator (base year varies by country)","NY.GDP.DEFL.ZS","","","","","","","","","","","","","","","","","","","","","","","","","","","","","","","","","","","","","","","","","39.9399610071484","35.2372159072264","37.3956793300657","41.7542348404138","46.460535051461","51.5306680318869","55.240747969765","67.6852489958384","69.1041272562327","67.6091255076128","70.1881637052383","81.8347290794015","87.8101017027032","92.0449945365142","92.5668386097134","94.8324703031589","92.7485016686198","94.9778567679371","96.9451792533578","103.267439582288","110.457895899583","113.593791422896","124.278695318734","127.95939969937","",
"Africa Western and Central","AFW","GDP deflator (base year varies by country)","NY.GDP.DEFL.ZS","","","","","","","","","","","","","","","","","","","","","","","","","","","","","","","","","","","","","","","","","","","","","","","","","","","","","","","","","","","","","","","","","",
"Angola","AGO","GDP deflator (base year varies by country)","NY.GDP.DEFL.ZS","","","","","","","","","","","","","","","","","","","","","4.28705632307566E-08","4.197015014741E-08","4.197015014741E-08","4.1975507032029E-08","4.19760057471834E-08","4.99662248029275E-08","4.54627380223814E-08","4.99286843265394E-08","5.10339927831256E-08","5.93421546631015E-08","6.76544712697346E-08","1.39577927680422E-07","8.04688737806164E-07","8.18998894556242E-06","0.000186402424825001","0.00358916964763739","0.175888394344964","0.343779182409549","0.479088428283886","3.15001174865776","16.3176590936026","33.6718363717297","100","193.926566906731","258.782582133226","368.439758532296","431.500673863193","450.091587891221","537.255305596086","447.199817555747","591.513296595688","779.445707940429","836.000339188437","859.74044251697","890.354809013781","859.02869588617","1046.0756278831","1282.64054748492","1643.92310662772","1959.34269601225","2170.22881322863","3012.79241091361","3425.86414711837","4029.48557284815","",
"Albania","ALB","GDP deflator (base year varies by country)","NY.GDP.DEFL.ZS","","","","","","","","","","","","","","","","","","","","","2.70973210396316","2.65175543496619","2.65128556777898","2.65084134033152","2.65008955489768","2.65939726165219","2.59511164024236","2.59510369678934","2.59508868205726","2.59518415952619","2.58398934443231","3.50167370157163","11.6600362298122","26.3109666908969","35.7414684041477","39.3051296551283","54.3087066224655","60.4128121686322","64.4791139204194","65.8350129603178","69.5530265332017","72.2035931737441","74.83720210148","78.7277153097625","81.2095033428414","83.8949539363895","85.9740293615007","89.7454601747404","93.4403574357268","95.7000592931679","100","102.314743796998","103.381594575105","103.680104757091","105.287060398773","105.880870312261","105.211011366062","106.737340734897","109.903729197689","111.003415842992","111.048999392741","114.873969805373","126.202351522151","133.857848604236","",
"Andorra","AND","GDP deflator (base year varies by country)","NY.GDP.DEFL.ZS","","","","","","","","","","","4.331394991372","4.67123065479081","5.06912971028128","5.66979288017057","6.57385277442445","7.67706329662311","8.94300007196306","11.034150056031","13.3106101239855","15.5643212394939","17.6429073666931","19.8220134120956","22.5143086113766","25.1899620231978","27.9267844909878","30.3272211310375","33.6264634739686","35.6252873188482","37.7400489048485","40.3426808440353","43.2982839562958","46.3010841835154","49.408242969283","51.6500096524339","53.653956850034","56.3007714892205","56.7495887009687","58.0140605105971","58.8840125846456","60.4927117521632","77.8792564996033","80.2783543933462","82.8789971882537","85.5124642419289","88.1141159753295","91.1065613447548","94.2562828855088","97.2830664124349","99.4956124705714","99.6270821248032","100","100.196764152031","100.371664523226","100.821823609818","100.737113802681","101.402572054216","101.755245516619","102.911703389108","103.953662239379","105.382768858012","106.556507462058","109.283140047975","113.913086675585","121.084599898998","",
"Arab World","ARB","GDP deflator (base year varies by country)","NY.GDP.DEFL.ZS","","","","","","","","","","","","","","","","","","","","","","","","","","","","","","","","","","","","","","","","","","","","","","","","","","","","","","","","","","","","","","","","","",
"United Arab Emirates","ARE","GDP deflator (base year varies by country)","NY.GDP.DEFL.ZS","","","","","","","","","","","6.16947210870813","6.16947210914607","6.16947210936258","9.51658513908018","22.6745481250346","26.9829199679505","30.1599783741969","31.7451132746913","30.5828892833333","32.7392950898459","35.8547585644971","38.3841267643714","38.8880599614618","37.481083256062","35.195686503467","35.4563221378579","34.854101719377","36.1386791953995","36.9991576738418","37.64711526789","38.9029855720888","39.2184299337221","39.927038770888","40.4373208243503","40.3311829968387","41.9071158085909","44.3264320008857","43.9043110726747","42.0364261673541","45.5857202994423","50.8096322341048","49.6159576427597","51.486895795801","53.5836516399235","58.1390240203789","67.747257577712","75.8512856667249","85.3584559810152","101.178240015817","85.8163681846663","100","113.16721937658","118.463134166644","117.338533639722","116.554654321473","97.5947016728099","92.198223523747","96.7954234609874","104.47783233038","101.140382624486","88.9718744148615","101.288936375555","114.081621357055","112.593768666088","",
"Argentina","ARG","GDP deflator (base year varies by country)","NY.GDP.DEFL.ZS","7.18895053077512E-11","8.64907652859395E-11","1.11462242080893E-10","1.39986716490085E-10","1.8026735845815E-10","2.18543409373263E-10","2.74498089074849E-10","3.54152666315735E-10","3.90542952635561E-10","4.20989017432552E-10","4.48218059324916E-10","5.88380614997062E-10","9.66384481466911E-10","1.59970732849673E-09","2.0897047438501E-09","6.22099594917571E-09","3.34890383211041E-08","8.6879666954123E-08","2.27079272547969E-07","5.6174199204415E-07","1.09983703145184E-06","2.25770549426669E-06","6.64973964305643E-06","3.19292920206385E-05","0.000227079944709636","0.00160647138692226","0.00284814905360172","0.006480676022766","0.0311880164525857","0.981203426102591","21.3737192502697","51.4043032052253","59.6659994934379","57.5412362252407","59.180781521562","61.0539262799835","61.0219489829064","60.7388601486823","59.7030927427165","58.6066105825432","59.214529394292","58.5656756966243","76.4605374112749","84.4856083466432","99.9999998969317","110.317511084538","125.47629818382","144.222363056105","177.640364739783","204.957277170641","247.824346395484","306.567321408416","374.977453364052","464.780047776689","652.007262571679","825.310738210731","1164.67339673925","1467.56277769074","2084.4332574088","3109.88226850322","4356.4191087013","6700.26354104376","11382.1453376826","26790.027581342","",
"Armenia","ARM","GDP deflator (base year varies by country)","NY.GDP.DEFL.ZS","","","","","","","","","","","","","","","","","","","","","","","","","","","","","","","0.00192948040175913","0.0034612197258735","0.0231488900378276","0.345188503355057","14.5231047518872","37.9291093241536","45.360093301755","53.4051569524923","59.1187064708023","59.1505147474781","58.3379783235321","60.6878142866904","62.1184682254049","64.9749957569785","69.054512012036","71.2703032696396","74.5615747892553","77.7512261584953","82.4081843354575","84.4661252560531","91.0280582047478","94.9254700292304","100","103.366824642245","105.753753195239","107.037508479879","107.324984550164","109.633160635444","112.68941468526","113.890258600166","115.94779169987","123.948784902119","133.847184301684","137.42492428816","",
"American Samoa","ASM","GDP deflator (base year varies by country)","NY.GDP.DEFL.ZS","","","","","","","","","","","","","","","","","","","","","","","","","","","","","","","","","","","","","","","","","","","70.6206896551724","71.5846994535519","69.2517006802721","68.3060109289617","70.2279202279202","72.4475524475524","80.4597701149425","101.19940029985","85.6502242152466","85.2017937219731","100","102.24358974359","101.259842519685","102.748091603053","104.192546583851","102.170283806344","103.90243902439","105.718954248366","112.83255086072","118.296529968454","135.038759689922","","",
"Antigua and Barbuda","ATG","GDP deflator (base year varies by country)","NY.GDP.DEFL.ZS","","","","","","","","","","","","","","","","","","19.7629279811098","21.5072930616381","24.7710262377978","27.6785299626918","30.070905064754","33.5310797701664","35.3468179435969","36.831650069752","39.7232458000131","43.0319197373143","47.0453186775647","53.0336381216129","55.7488602082246","56.9187001536951","58.686900903386","60.4071511350467","61.806092344302","64.0244619546043","65.974883182204","68.2262151492262","69.9527617945579","71.8285567996551","73.2729192042225","74.3634050413794","75.9137207908928","76.8950458122033","76.5234550183873","78.3216209951436","81.9845483990867","82.9061117575838","86.5320467513662","90.6313913367686","91.63814755519","93.1094111084549","93.7319830071309","93.9126446421785","94.3604928636029","96.038592508513","98.716312092808","98.2541210267635","98.5607274322443","100","100.718452311458","101.524269981556","106.512929537286","113.435051657703","118.886145582916","",
"Australia","AUS","GDP deflator (base year varies by country)","NY.GDP.DEFL.ZS","5.19348173341127","5.36081405067075","5.35676107020793","5.45264339661155","5.6316566361644","5.79973244314417","5.95536710882717","6.24501715133845","6.38569520324083","6.68941812233094","7.03274171357575","7.39746558977441","7.85526617411084","8.56098122570734","9.9630612608687","11.6059489120644","13.2330877204681","14.7441290917813","15.9584826385672","17.3364068485471","19.0729201202631","20.8895756410766","23.3355847099241","25.7059102938183","27.7271671560492","29.0249944538934","30.9254091578331","33.1000030052453","35.4746832676115","38.7496738242944","41.1113075066436","42.3529411764706","42.9793520807843","43.3521453617111","43.7938180323345","44.7963212243312","46.0109475940257","46.5965707053458","47.1257408884023","47.3497606267338","48.5575418822483","50.8061156773124","52.2491894408351","53.8091125504435","55.548384152084","57.6733768491848","60.6235660364657","63.6462884010158","66.5547856092637","69.8487011354613","70.6545962360798","75.0365778184492","76.3915124953233","76.2665355596392","77.338382412107","76.8559003624732","76.3462246030873","79.1352929841212","80.6143433133086","83.4102120722393","84.9829126135317","87.6003437115981","93.886135821569","100","",
"Austria","AUT","GDP deflator (base year varies by country)","NY.GDP.DEFL.ZS","16.5657534609199","17.4084788038264","17.9899573724075","18.6516758795326","19.2455057388508","20.269639054421","20.902531389029","21.5813959792481","22.1938828926948","22.8005688557666","23.881794070016","25.3635096705393","27.2911191049912","29.4868379238119","32.2887183495451","34.3738512974285","36.3073521999848","38.1948673584082","40.4838919099816","42.1495491974466","44.5017590737378","47.490794681492","50.0340644135651","51.7716391993758","54.3342178487074","55.9441384782171","57.5950485941708","58.998610022516","59.8994332028833","61.6753080672759","63.5253703550268","65.8388827275851","68.1294786679745","70.0078659775229","71.7755247567675","73.0774742285762","73.7793363239564","74.7108330526022","75.0709854823511","75.2356331571104","76.2643405123135","77.7417971288367","78.6002337831185","79.5961008861166","80.9714914297994","83.0216634569751","84.7191409007693","86.6331758466699","88.3084801765474","89.8445115740233","90.6453302579892","92.2950186432963","94.2255210842638","95.8355742414288","97.7587487841363","100","101.814750797392","102.807768092574","104.669082412327","106.21157473831","108.965781866192","111.064603509855","116.345479229881","124.079723454602","",
"Azerbaijan","AZE","GDP deflator (base year varies by country)","NY.GDP.DEFL.ZS","","","","","","","","","","","","","","","","","","","","","","","","","","","","","","","0.00255493308937798","0.00468956723455536","0.0546488977534667","0.462944212848657","6.87966301658957","44.4189812811194","56.1541043212809","61.3441499069767","60.752097047405","62.0656434562818","69.8193639087621","71.5753280506695","74.5917888226914","79.7844706229203","87.1661020060435","100","111.301219143831","134.707118425148","172.125333738561","139.688388111945","158.610321243664","194.336282806762","199.938867545439","200.828724484622","198.248084371587","180.703738380863","207.215507107444","240.727228422171","270.059545007326","269.407869916397","249.48255592103","303.342906315825","416.400509728352","378.064016131239","",
"Burundi","BDI","GDP deflator (base year varies by country)","NY.GDP.DEFL.ZS","2.21203716343248","2.65615751680729","2.56140131653323","2.68145802041822","2.82671843557352","2.79762121988048","2.88580319085215","2.73233657621358","2.81585899997816","2.96684197587824","3.12065824840279","3.16373016479961","3.29947981417492","3.48129575116082","3.91489732115274","4.74042803097296","5.12321514111844","5.85604626997016","6.58850327510876","8.31012580190997","9.67165883781495","9.08523568838561","9.60055221431337","10.217728398768","11.9768324433501","12.5839187948262","12.0481692443371","11.6363875088442","12.0426397111602","13.819794310178","14.646986604034","15.246508387633","16.0700882857693","17.3143382815245","18.4637411844939","21.4369042043135","24.5352038509711","32.4840674819496","36.203673821609","41.6176219844858","57.8255604200099","65.7571495169799","66.4330400161365","74.3689639936029","84.1456264933397","100","102.845666333767","111.354474627567","138.31984452747","152.786435620874","165.867330590054","179.740889117828","205.433180650958","221.771495157498","233.537927858139","283.325287901007","286.082542856796","318.836655594085","309.747071139955","312.385705566925","331.024205972539","359.216609783849","425.067201198312","473.42297986013","",
"Belgium","BEL","GDP deflator (base year varies by country)","NY.GDP.DEFL.ZS","15.1453949169271","15.3446278456838","15.6005289684823","16.0725692592375","16.8187264831595","17.6766014407183","18.398870015246","18.9864252223945","19.483924486507","20.2679237664406","21.1893432530887","22.3247143746973","23.7351495845056","25.3507980042019","28.4355692694748","32.1008353680038","34.5325582226328","37.1149236065957","38.7566095480157","40.5026882367352","42.1740709329456","44.3414794683538","47.6983140197815","50.3755490795125","53.1153327395241","55.5733735430166","57.1276387905597","58.0897318450379","59.3496920767728","62.1969685237783","63.9461981742512","65.7856900809006","68.0385374197912","70.7554738477944","72.237309107567","73.1191603098539","73.4676741081958","74.0242732126007","75.3608699587728","75.8122230994951","77.3395301071591","78.8730323504339","80.1665487239034","81.649723001334","83.2133058260963","84.9466999854438","86.870501817275","88.5485603191583","90.238836832209","90.9443430163576","92.4932202451532","94.6136474540916","96.7005750791051","98.0664607670836","98.8906071252847","100","101.895289226446","103.916039303492","105.700571020087","107.660514074734","109.378901480354","112.378766165302","120.069946166719","125.482822830393","",
"Benin","BEN","GDP deflator (base year varies by country)","NY.GDP.DEFL.ZS","5.68164477289672","5.74081544842967","5.95785048604438","6.10971854581118","6.08749921067279","6.21275684015805","6.28337510991029","6.29223921986982","6.49821724084263","6.72267836992249","7.06197510271352","7.17308001103168","7.55448889192222","7.91882224507885","9.10036674036481","10.3968901439045","11.8561383841403","12.4699172483642","14.0080140732156","15.8297122937028","17.4424148661172","18.7451798086576","21.7722046833348","22.8055591832716","23.2510842447296","22.1171331126069","21.3199934649518","21.9656609076144","21.8315590304995","22.3172969097895","22.8030545081928","22.9755870134883","23.6706294147492","24.2335931600417","32.7226481755414","37.6635886998388","40.2651233760661","41.7418504698559","43.9256191007567","65.160380574224","67.9890289655435","69.3286070003708","71.7926935395801","73.9907733987081","74.560288523362","77.7616568908371","79.3902325471868","79.6999761102808","84.8279938811868","86.9823637072546","87.7485788849948","91.0243062015658","98.0321838636733","99.4019859949445","99.1556851160345","100","100.683591111275","100.313178470008","100.985725781806","100.584253198484","103.479100482781","105.154142621048","109.50624124514","113.213536005662","",
"Burkina Faso","BFA","GDP deflator (base year varies by country)","NY.GDP.DEFL.ZS","11.7455963346818","11.9688341065262","12.2094521447151","12.8379367161723","13.0705879340097","12.9848354639627","13.2838914096829","12.6979378431774","12.6644306904298","13.5399423117567","13.7814173283241","14.246881298102","15.2864256863255","15.6957746072306","17.4246185659956","18.8492825565751","20.1169921245816","23.8712204333708","27.3402638879579","29.4600982236469","32.021467729847","36.371462241459","39.6618125454374","41.807245698906","44.5251703988519","44.862255641653","42.0154418644702","42.5353086609605","43.9851487317312","46.1103441561765","46.9449484954342","45.0822758670813","45.1846395113511","44.5331494029402","51.052340169836","54.5083635831275","54.6984370547377","55.5496540500467","59.9604721355856","70.3880926179316","69.8110699090614","72.5766723855375","74.7953311654444","75.9058389994757","75.9746465721331","78.815631411687","78.2932202663939","80.2445607023743","87.5948023246529","89.7018995608139","93.0922893561271","99.3648522881927","105.151860776668","102.91299766421","102.27453888171","100","102.604299192266","104.057481090869","105.175023984024","105.71446722428","112.549537364313","112.676564275786","119.312047835802","121.69595925351","",
"Bangladesh","BGD","GDP deflator (base year varies by country)","NY.GDP.DEFL.ZS","0.928434133086633","0.986530727934622","0.986749969549731","1.03770632037527","0.946977325845928","1.02208877333768","1.08644141255881","1.24714742922727","1.17519220594159","1.31419060017962","1.32089703372856","1.36003858022981","1.4199077458067","2.29181321892441","3.31264909285842","5.98164239748738","4.92705376222713","4.76888765377568","5.99062352558076","6.74331577728854","7.92710938608682","8.7114723105264","9.57005868424825","10.3823419027849","11.200010127928","13.2714649594592","14.3669454126145","15.9644967526941","17.1611691352872","18.5920628271483","19.8066330770164","20.3472614640624","20.8726606972626","20.9051214777779","21.7342638166172","23.2871636439506","27.7450750082451","28.799452282876","30.1634555596388","31.3039471970264","32.3828876197451","33.4389454404633","34.7406792581351","36.7611334660219","38.438226509463","40.2011422263372","42.5633355388855","45.3177196909814","48.8801302704374","52.1865556504249","55.9151091976241","60.3097297242588","65.233762041541","69.9142540901747","73.877545303475","78.216208822529","100","105.047597582037","111.146176583513","115.212056606306","119.63742472873","124.567892016512","130.857352138425","139.882746030917","",
"Bulgaria","BGR","GDP deflator (base year varies by country)","NY.GDP.DEFL.ZS","","","","","","","","","","","","","","","","","","","","","0.0388095969266881","0.0399043917369752","0.0406691485524523","0.0404067220341582","0.0415125523918652","0.0416076896673795","0.0421675168110304","0.0421944360478382","0.0399202640315747","0.042606771706466","0.0537646333617965","0.175561883139173","0.28015928195133","0.423295611689068","0.731052551720236","1.72495957386929","2.8111018484744","28.482452081216","38.1525379533578","39.4188733728852","42.3283168934215","44.9178500393193","46.6464590090075","47.6677416329269","50.3283442412921","53.6471255981002","57.271780174132","63.6011318338137","68.7550216912712","71.462607070311","72.008674203188","76.4104423015814","77.2602630820128","77.3158532393553","78.3524909583723","80.6621237582597","83.3429771966591","87.3543757943697","91.0715292456321","95.8395673638006","100","106.966624339333","123.993956348981","133.893880873616","",
"Bahrain","BHR","GDP deflator (base year varies by country)","NY.GDP.DEFL.ZS","","","","","","","","","","","12.8956301875887","13.6435314198548","14.3545503823984","16.361330837854","20.4001934771092","23.6450073239982","26.0857329090088","29.0327954646378","31.2645816635844","35.4891231681624","44.0626144979442","52.3956326132809","59.5864061636457","57.387687357218","57.1475313133156","56.104591991335","46.3465164956915","46.6519624983194","47.5893999619817","49.4809170015295","51.8692102217109","50.8927598893956","49.0948953454133","47.6093747517807","51.0997072557658","51.6570365224642","51.7586562449829","52.2409001122211","48.5540450405931","49.8438523860609","56.9827498027634","55.0659481553273","56.9460921114727","61.8449255940694","68.6423537008426","78.0703588968939","84.9736809759758","92.1417485902496","102.613743016968","89.2801735755712","100","109.485963250689","112.698223664654","113.26152201986","111.630061337122","101.854981446854","102.218856104903","106.937109038469","111.442063094942","111.625722066045","105.119227879829","114.799029630654","123.809943688221","118.679567093637","",
"Bahamas, The","BHS","GDP deflator (base year varies by country)","NY.GDP.DEFL.ZS","7.66095352856035","7.74986665323239","7.8343117223479","7.93958639647624","8.05910107402944","8.22122824639126","8.53127695145056","8.93336222262966","9.39463466547266","10.2331408326625","10.8620027083074","11.3597595849802","12.1307077199799","12.8040861534142","14.4984133557948","16.043419125919","16.4268031404278","16.7107737853325","17.0864125572517","18.5480007821378","20.4040742956405","24.0132138226291","24.9005038861423","26.3887987922636","27.2257025144285","29.5291949193797","30.9053696875866","32.9409047801528","33.4298501355158","34.0359905934993","35.7628784083296","36.6771706598951","38.1096215603033","37.7849337782375","38.6099173938507","38.9197370147175","39.3028020512905","68.0840357818682","70.1598644694286","73.6334365087731","74.3128576949265","74.5752940754555","77.5288294501235","78.4241936624699","79.3613608876269","83.3738779592632","84.0643758371505","86.5425648966951","87.8308467674644","86.9205851619645","86.579364875179","85.8359898399277","88.7162443975134","88.5659469480112","91.796984462243","96.6704240796892","98.2214911308714","99.5458217307584","99.9999207343801","104.593324965567","101.837496880919","100.74596445459","105.079094888269","111.745754152327","",
"Bosnia and Herzegovina","BIH","GDP deflator (base year varies by country)","NY.GDP.DEFL.ZS","","","","","","","","","","","","","","","","","","","","","","","","","","","","","","","0.0143648071965301","0.0213277751147925","0.311818211069421","23.8379212612614","35.5466952074619","40.3037126230788","40.964545964079","45.5318036076011","44.420966620012","48.1671305434874","62.7774702239144","65.7444073031819","69.0367993683273","70.0108129774173","71.5244268553461","75.9510849113823","81.8753662655713","86.9496489040778","93.3277110931164","93.5008027598258","94.8156989073914","97.1221172447111","97.8949891680794","97.6755849573476","98.6526701878484","100","101.333305967465","103.135728601171","106.014891285743","108.635054290237","108.702562882766","114.099215119623","127.573008995758","136.200394432569","",
"Belarus","BLR","GDP deflator (base year varies by country)","NY.GDP.DEFL.ZS","","","","","","","","","","","","","","","","","","","","","","","","","","","","","","","6.99905118914914E-07","1.47243732911778E-06","1.6649979868672E-05","0.000192925730610343","0.00394677544119539","0.030054855899495","0.0461986195809799","0.0792997340433575","0.140027824410756","0.583626779072588","1.66503327888748","2.9893103783484","4.33132357260745","5.66040413868195","6.94390771135608","8.26131702938447","9.1492942515291","10.3270556566494","12.51778934007","13.6767691328769","15.2277571344018","26.0031146680815","45.5682915250802","55.2574774675941","65.3100296343187","75.7747390985589","82.0956314923295","89.174690153294","100.00024525894","108.576908509215","121.47334533022","140.090859985965","160.9431916829","172.80185707763","",
"Belize","BLZ","GDP deflator (base year varies by country)","NY.GDP.DEFL.ZS","14.0803775509456","14.3286184153931","14.5230526815449","14.6592294370987","14.9723756606914","15.8124178990908","16.7254164258624","17.2476581314316","17.5373080800306","17.5751767953775","18.8704044703933","19.8259835649008","19.5810860609925","22.4548592926556","27.3299491196711","31.9425042815138","32.3122338000317","33.036834135307","35.4647711996271","36.7363372633894","55.5639503507825","55.6563500533618","53.1089743589744","57.2442406376242","62.1734475374732","60.9073563705745","63.1653655074521","67.9608094496841","70.3002502085071","72.4870848708487","72.4653996424078","70.7464454976303","73.1777812812024","74.550675842947","76.491853612638","80.5319305835505","82.7433628318584","81.4852824555675","83.4717794441202","82.0886335658597","83.274229517786","81.6741529997563","82.239254683009","78.8612742882964","80.550284629981","82.9695674185746","85.6423919478982","88.9021976877409","92.1076328195349","89.7875621493712","91.8064685774389","96.3202150934444","97.0346842840808","98.8980247153839","100","99.6954199340834","101.783320838729","104.870317669651","104.951831765863","104.828161348374","104.144681501874","104.801593315004","112.402274342573","119.719327009408","",
"Bermuda","BMU","GDP deflator (base year varies by country)","NY.GDP.DEFL.ZS","4.55855907196653","4.60136560772072","4.6462999900792","4.70534523721269","4.72703937484398","4.79610723349539","4.92121901628216","5.09249395333116","5.54988213509964","5.89847373522411","6.26827969190629","6.86666293134515","7.52076550208148","8.48434174560088","9.75563107852354","10.3757991974745","10.6646250512393","11.6531399290776","12.2263241159896","13.0106872406251","14.2927716879285","16.8239345549129","18.8779000779874","20.9539746871891","23.1115116887764","24.8712425681425","26.3225135738486","28.0303588394436","29.401888214068","31.0591883086226","32.9331668978271","35.0509642177443","36.0372566755806","37.9098622979926","38.652731816184","40.2678221127342","52.0923463083582","54.1884918471626","55.6740970449702","57.1840627376769","54.7615421805863","54.0117494771894","58.646196471464","60.3027987605569","63.1322920690708","67.4015342392513","80.5981896890988","85.8974358974359","90.2858621135688","91.2280701754386","93.2681323532099","92.1943774011801","98.3697445916743","100","103.011890877215","106.052822570235","110.690728681653","110.58575652825","112.367422425256","115.08598584514","114.614358457867","115.028574784288","116.107803731033","120.875645822198","",
"Bolivia","BOL","GDP deflator (base year varies by country)","NY.GDP.DEFL.ZS","7.34592563804203E-05","7.82694958015811E-05","8.10570412378373E-05","8.17251252626078E-05","8.85785477284393E-05","9.37967322745612E-05","9.69069160101428E-05","0.00010294659944741","0.000107670287935235","0.000111674554844452","0.000116097493871173","0.000119044782307091","0.000141636802058453","0.000202462031393259","0.00032706923319617","0.000348967426478441","0.000378974859358265","0.000426500650412237","0.000486653495245271","0.000582997132719154","0.000729030439093273","0.000943993040521187","0.00243817669100527","0.00890416441965417","0.137426618663722","17.0940300392476","56.4282858606738","64.6578964402286","75.988117594149","86.0082308970452","100","117.689440220317","133.22351000341","141.959186302551","153.248075682186","170.760165006231","190.53454536447","201.404623789907","215.605919124582","220.805397924996","232.277133068375","236.620933002331","243.295435473664","258.696017787212","279.308164996475","295.901297843595","336.332302936693","361.131273781464","398.620967714581","388.974761525541","423.117052785868","484.90210368379","519.331488956214","550.467428639308","561.749245624021","535.793047089662","528.53374496317","560.570289172999","577.7028078123","573.699307579664","563.060704572735","585.336059689315","615.331398076281","612.222433547925","",
"Brazil","BRA","GDP deflator (base year varies by country)","NY.GDP.DEFL.ZS","2.69146380399792E-13","3.62318949375041E-13","5.44382244916524E-13","9.71272829570792E-13","1.84088899420912E-12","2.92578349608475E-12","4.03571158917942E-12","5.10634317312163E-12","6.47007976087584E-12","7.76744619410984E-12","9.03005323678888E-12","1.07804915922626E-11","1.29222617399706E-11","1.6744712855966E-11","2.25393639064755E-11","3.01868431251478E-11","4.26249164687864E-11","6.19758000086914E-11","8.56676678909777E-11","1.32241717973345E-10","2.54091808500853E-10","5.0952745044546E-10","1.02432542606633E-09","2.37114993080777E-09","7.15471449102521E-09","2.49373036870318E-08","6.21386033271774E-08","1.90273814825731E-07","1.38510103243767E-06","1.94526942246867E-05","0.000551867231174729","0.00285137709106891","0.0304815907229757","0.638939939283196","14.9522735330268","29.0041275916166","34.3572000829297","37.0126761209934","38.8353141254346","41.94621730641","44.2977495727329","47.9412812572841","52.638621802997","60.0559413306886","64.7115143945629","69.5203724699877","74.229873069747","79.0095628686602","85.9454590018311","92.2310653168394","100","108.31859221882","116.922475499848","125.696998127234","135.560076726606","145.816789378239","157.633205078013","163.4205261562","170.763883603534","177.977392101691","189.496978107014","214.221162145944","232.580519745323","243.416433970024","",
"Barbados","BRB","GDP deflator (base year varies by country)","NY.GDP.DEFL.ZS","4.06359372623017","4.02507088737864","3.83847984542303","4.54993192051807","4.30526149275747","4.0880512474497","4.23658922747064","4.30638093531751","4.64111773456994","4.85418732178195","5.21068062266491","5.56565616465086","6.11628341230117","7.50921401193294","9.8687137525598","12.7662399968477","13.1519058806736","14.4342608624233","15.4038832270739","17.3106272564278","25.0446869673387","28.1002111646343","30.8668925059967","32.615282397587","34.3058117724426","35.5114302613309","37.1000323743739","39.8223474913051","40.9203910266666","43.7126257242294","45.3423672011811","47.3806348889459","48.3862384466221","50.9000808274617","52.0248925254585","52.5535430590952","53.8875708251863","54.3816651526338","59.1146407714283","61.7354431566691","60.9187825447195","62.2927382186065","62.8582667275353","63.5596846307359","67.2640346634175","71.7490152208241","74.6881208834777","81.1204568519684","82.5862506767706","81.0751664015464","96.3600473897506","99.8935129155699","98.8770546303836","101.589839716774","101.597421913517","100.976493900885","100","103.367271971129","106.729449794009","109.020341160751","114.595556363426","117.264737550552","118.044521056785","121.800850947101","",
"Brunei Darussalam","BRN","GDP deflator (base year varies by country)","NY.GDP.DEFL.ZS","","","","","","","","","","","","","","","39.6482784217001","41.7926208713825","44.0843941009578","47.7097667679641","46.2905538583861","52.4789384603866","102.214522857422","112.749314439314","106.454036183168","92.9190821768497","92.5104763193392","89.7119134475268","56.4468609699582","62.7687785876406","56.1734112128909","61.498248325504","67.4854532536819","65.0334330949465","63.7353843101339","62.36997666596","60.8688911202955","66.3507974157961","65.710250199069","66.1674978021328","56.911333136784","62.8334229107972","64.326797661265","61.1277921281364","61.0450347866142","64.8969584902741","75.6321829142092","91.1395151574222","100.202749564108","104.909161030867","121.716413240674","95.2561580146023","100","120.180768684628","121.64727689293","118.212578769809","116.030356333135","95.5942275902567","86.8287195406291","91.1313158872878","99.5296360487458","96.2115890535326","85.7593934082057","99.0228798202048","123.022784553177","107.157525589286","",
"Bhutan","BTN","GDP deflator (base year varies by country)","NY.GDP.DEFL.ZS","","","","","","","","","","","5.26932095600125","5.50425069721387","5.82888775460524","6.58767470149137","7.7188001634001","7.71286719425189","7.71607748033773","7.71690768430855","6.49161221824635","6.88151039103982","7.74288128030428","8.0109828241786","8.59475509430309","9.20999855586641","10.1460741653649","10.8064430445757","11.5829332960374","11.710481393308","13.4629399248478","14.2179302029575","15.1002029716552","16.4503550506842","17.9182678652851","19.4437307765491","21.8433311852218","23.65291631775","25.5717905613345","28.8723095522968","31.9605689015799","33.9326188310656","39.5407124825772","41.6511310056859","43.8024923154108","45.3900287759157","47.3626256975258","50.4313460796338","53.7472694888596","56.2670371093522","59.4214690030071","62.050333867007","67.2172418349031","73.1862713326357","79.5072184201115","84.408147993687","89.2381753760869","92.1025220203875","95.8316730065494","100","101.150862734546","104.294640044813","109.809088054509","118.185339991343","125.034009303165","","",
"Botswana","BWA","GDP deflator (base year varies by country)","NY.GDP.DEFL.ZS","0.941399754945482","0.959605922987791","0.972663619571896","0.984110185415485","1.00918038136867","1.04799624045407","1.10866203894387","1.19271581777465","1.21855182486442","1.23785801452056","1.31186451185394","1.37305223450491","1.52100440960073","1.67168442007458","1.88560860727246","2.19611709146688","2.44461937725925","2.56531960631777","2.88513316232507","3.51571830294702","3.87397993095923","3.87055832195102","4.01359164533614","4.36459971656391","5.03792586301239","6.19129145262927","7.06186441429776","7.95830241393755","9.76460305337384","11.0973519744721","11.7964871778381","12.4072750666568","13.2310289046051","14.9596232025943","16.3753727265814","17.5470789283699","20.3742985808656","21.3911000551717","23.5232089287947","26.8717867644095","30.6797787760939","33.2301350959883","33.6246999824029","34.7205573246635","38.2199689167591","44.1332503584417","46.4080538912351","49.206087186155","53.8180410074658","61.9493731678004","66.7089815782319","75.1498835423046","77.4132790035137","78.5993441063753","86.148026845571","89.3616216596857","100.000043304224","97.3501228802643","97.4058041896876","97.9002218652352","102.187266537737","110.752040906925","126.941276942142","129.638372509153","",
"Central African Republic","CAF","GDP deflator (base year varies by country)","NY.GDP.DEFL.ZS","7.29868976591114","7.63698538857588","8.0103382726036","8.38477958874905","9.01715723795186","9.471544298079","9.89543483805152","9.81880288570475","11.4067390677559","10.9672730332163","11.4598000714735","12.0257157444262","12.5842184952652","12.8610071556693","13.5530579127557","16.1723511886375","20.3766169930045","22.6939401846356","24.7882263313849","27.4967450920353","32.5191298428693","37.0304261441088","44.7750561372203","49.7463774972253","50.4524781091997","67.6795652287513","65.3588077412064","63.8533648700526","65.5289128839136","67.138437187661","68.3715320082759","68.105009105393","70.0001311133962","67.5970123898827","84.0991801426164","92.4232966901621","89.148697020526","89.8827304541177","89.5104774452601","93.1667257824233","101.09204748249","101.522637610077","99.1146407414101","100.439227266731","95.9799405779417","100","103.334045938691","105.233565076799","112.681018902264","113.482889023764","118.262004495585","123.003264324647","130.606140591353","133.854951069298","149.775395659037","153.831707444311","158.416067824217","168.623933947484","166.559779438768","170.437019697284","173.815355075019","179.352706374979","190.056340390242","196.51816661816","",
"Canada","CAN","GDP deflator (base year varies by country)","NY.GDP.DEFL.ZS","11.1301102828368","11.4021777126026","11.5515319441408","11.8036125267491","12.1378695171914","12.5960779900663","13.2159189726584","13.8045743506849","14.3657487863579","15.0591522622559","15.7702475147616","16.5479478050011","17.5120385432206","19.2507749835436","22.2480205550234","24.6947987944825","26.863848276251","28.6684367073529","30.62551466374","33.7095194873148","37.0993115991617","41.1323619381331","44.7631477745888","47.3703661481296","49.0498304970696","50.6873047360554","52.2750232460218","54.7798339988741","57.266837463424","59.9476431476431","61.9572690229339","63.8511601708573","64.7903154925813","65.6254904427893","66.5807553998355","68.0876947690984","69.2283509111884","70.0204120702273","69.8970184196155","71.2417361518867","74.3579914841635","75.528145920403","76.4779300706625","78.9632616663382","81.5381540552542","84.0794035607059","86.240389416041","89.0867928324805","92.646982994056","90.4930128371262","93.0708309767074","96.090472369214","97.2612806831953","98.9543446636502","100.87524539044","100","100.716978140661","103.306426407978","105.012137614296","106.6356995625","107.777565582849","116.038570940455","124.919954205826","126.837113376493","",
"Central Europe and the Baltics","CEB","GDP deflator (base year varies by country)","NY.GDP.DEFL.ZS","","","","","","","","","","","","","","","","","","","","","","","","","","","","","","","","","","","","","","","","","","","","","","","","","","","","","","","","","","","","","","","","","",
"Switzerland","CHE","GDP deflator (base year varies by country)","NY.GDP.DEFL.ZS","22.2520037946489","23.1550544697278","24.5043152910348","25.6922257453303","27.0566700044207","28.0840770844285","29.4335197105122","30.7442872240688","31.6915512387407","32.5074158864983","34.0394109305652","37.1543995380642","40.7962586104883","44.1172474852913","47.1757281140979","50.5407450616879","51.9204338852072","52.054394719767","53.9349976775603","55.0074242599891","56.49630071695","59.6946171490989","64.0810018604989","65.5977250024981","68.0639619910995","69.6095112892589","71.7218773255937","73.2950838580727","75.3401917334022","77.9458022503001","81.5341318229775","85.9443984260095","87.7704032326206","89.8084530540351","90.8721328192312","91.5425489860064","91.7988886841797","91.3614822760958","91.1885723943219","91.228486140468","92.4758400072471","93.3769091673089","93.1439674884702","94.2428420527455","94.5223920310587","95.3963822618684","97.4476505884653","99.7640410045656","101.210547779064","101.67363054717","101.991601176268","101.970740919032","102.035716943489","101.947106432709","101.281265613495","100","99.416708408416","99.0509849418118","99.8080209194182","99.7043252183795","99.007204917118","100.241024751245","102.744203027556","103.795598867965","",
"Channel Islands","CHI","GDP deflator (base year varies by country)","NY.GDP.DEFL.ZS","","","","","","","","","","","","","","","","","","","","","","","","","","","","","","","","","","","","","","","","","","","","","","","","","","63.8186332609463","65.2957703212371","67.4912413473259","71.1726568710534","72.6232740850447","73.9150781882579","76.1577733378957","77.2213203941925","79.5860743727907","83.015686331078","85.4686063634726","87.890231026973","88.080812288142","94.5620821286595","100.001844720496","",
"Chile","CHL","GDP deflator (base year varies by country)","NY.GDP.DEFL.ZS","2.31771320651308E-05","2.4699633604172E-05","2.78978697195109E-05","4.01228354516979E-05","5.93554606738636E-05","8.2409178209699E-05","0.000105962842770723","0.00013260708041836","0.000176988906764955","0.000248068594292788","0.000348724376063298","0.000410349802769723","0.000769795153136339","0.00396298482194105","0.0308561351786851","0.137989009699522","0.47924757156217","0.966995182744034","1.51126494550921","2.23633488212896","2.88750326738861","3.22155426232881","3.46820764366488","4.54209209961167","5.25690530147687","7.44808361347859","9.04606225566271","11.3843263289204","13.8567607949432","15.7629012120076","19.3049728280843","23.4344961487761","26.5898050633452","29.8243005412898","34.1380828835018","38.1256561125586","39.6810975553009","41.0027084546247","41.3221155376649","42.2261475048356","44.1516781938958","46.0401103650959","47.5781540852392","49.6241578668573","53.1101367060491","56.8917459257983","63.9178173335754","67.170439778654","67.3794288491707","69.7901267105444","75.9717463537977","78.4488164331782","79.0477470068817","80.8348352408706","85.5660105453307","89.8052634747071","93.9009726511139","98.434691789482","100","102.567787213795","112.481705102267","120.259540425025","129.776620051111","138.341243723846","",
"China","CHN","GDP deflator (base year varies by country)","NY.GDP.DEFL.ZS","13.341079896488","15.3761273890441","15.3584502367475","14.9558114695391","14.9016656765403","15.0312775040033","14.7964783030635","14.916847251048","15.1202497625499","14.5468099481735","14.1664733538342","14.2608131984909","14.2713926706383","14.3011435321255","14.3408629090569","14.1786426310223","14.1635726866016","14.3184898470725","14.5583449556298","15.0824533478613","15.6483133721525","16.0172804810462","15.9947994126748","16.1798264944776","16.979783443007","18.7133172915321","19.587045967742","20.5825608045815","23.074627594617","25.0596143881788","26.490825141695","28.2695613864429","30.5849297807911","35.2295157774597","42.4927811037914","48.2997155614357","51.4424479506961","52.2740504844179","51.8034524934169","51.1491443561149","52.2042451277459","53.2728918443138","53.5936474350656","54.9887853239059","58.8116016549202","61.1074561840783","63.5068706360504","68.4284540118842","73.7626887898676","73.6081313487489","78.6733867642347","85.0268012388491","87.0089609734799","88.8912867556837","89.8078125350432","89.8051685089376","91.0690379802766","94.9237007358773","98.2457907080735","99.5099196976254","100","104.552326578976","106.459023424007","105.839012678404","",
"Cote d'Ivoire","CIV","GDP deflator (base year varies by country)","NY.GDP.DEFL.ZS","4.12414369012187","4.24745820383184","4.37508666957138","4.50694815728575","4.63792809089007","4.78072376568463","4.78271270090255","4.84143254380278","5.12193546149916","5.21689193716499","5.3729212615224","5.32235702882457","5.45603422234133","6.17775673617317","7.82685770397758","8.16450471853724","9.65232022919024","12.4274869870358","12.9784353435802","13.8274063411093","17.1658506806723","17.676876537696","19.1442901990049","20.8762323814242","24.6151438670624","24.6997355479654","24.2007008964512","23.2144722877239","23.1260423235453","22.8919127623557","21.8564489289281","22.0014641217509","21.9962196025479","23.3499096935415","34.1810150170952","37.9558944846567","59.3189052191571","61.6450807838509","64.9661240652394","64.4620441585202","65.4940926292252","69.9974460025683","73.2048251214139","75.6045676418867","73.7119150123269","74.6076142463677","75.6219333066226","77.9575541086092","82.1461616374003","83.1383059711316","84.3988638681401","89.2174655047789","88.8569391891795","91.4131137966907","95.4419935384241","100","98.820167564343","97.790780362221","99.4355982794369","101.407756696452","103.261878975611","107.320206480104","109.558797152853","112.760587264459","",
"Cameroon","CMR","GDP deflator (base year varies by country)","NY.GDP.DEFL.ZS","5.24217129097028","5.50765838710012","5.67894430857551","5.66394513621052","5.91435003828746","6.07713848437016","6.08858639814444","7.52726974703598","7.96014270025878","8.38218639376003","9.04303825062756","9.35413004185371","10.1002513231037","10.7597505703438","11.9063195827646","12.6195167964726","15.1023365002491","15.9910748468871","16.53633957792","18.6617167328658","21.3202452378007","23.1964681429764","26.0918400354157","29.421960347119","33.4092808423769","37.1468198151485","37.2134001716831","36.3231405957187","36.6187741522438","35.9526481970043","36.5433855954016","37.847514341309","37.3639476152394","58.196358355869","61.6197430431349","65.7079135449621","65.9776833506385","70.0444230905132","70.7910054976362","72.3397629754093","73.4476919895373","75.261379119333","77.3495007014633","78.8600702769947","78.9700704815515","80.0418064431405","81.8825078377419","82.2843118827204","86.3495986015222","89.4612194986081","90.0768800552929","92.409010336673","94.2038570193561","97.0803333293012","99.0357376646821","99.3425421379959","100","101.025141160663","102.941579625263","104.145761213872","104.880584583365","107.944187712518","115.317914255699","120.691409467513","",
"Congo, Dem. Rep.","COD","GDP deflator (base year varies by country)","NY.GDP.DEFL.ZS","1.04693400195632E-14","1.11079151276482E-14","1.34673220501449E-14","2.52982569082429E-14","2.61958333851994E-14","3.63996662362774E-14","3.82101203335802E-14","6.05914730105155E-14","9.68753344331763E-14","1.14052359883272E-13","1.10816752714489E-13","1.19907823098172E-13","1.32116116352221E-13","1.557477914656E-13","1.84153576727395E-13","2.06740782631502E-13","3.25400540465706E-13","4.46682686874472E-13","5.73604438960555E-13","1.15736188438692E-12","1.75233332202128E-12","2.33463757705042E-12","3.34986134751774E-12","5.96997124193457E-12","1.13192578007595E-11","1.42408611757373E-11","1.82928499347398E-11","3.17870093314154E-11","6.08995186600777E-11","1.28048696948902E-10","2.67564547965689E-10","6.16011152164038E-09","2.57398798658606E-07","4.53643936791657E-06","0.00121857917455957","0.0069021208616472","0.0509506848435251","0.14910352834145","0.189265124866777","1.02563242790406","28.0010234704378","48.4584903962131","63.8292624695697","72.3922475086511","77.0003458092166","100","113.325225383839","136.29790875655","164.191707327232","217.813318784984","263.088703445174","299.3730032036","317.155736278543","325.945045968797","329.183735903018","325.378771568505","339.530239281663","485.761362834347","636.34064366762","673.855504173913","700.14631070378","804.996263239315","886.352544331233","1003.10229185423","",
"Congo, Rep.","COG","GDP deflator (base year varies by country)","NY.GDP.DEFL.ZS","5.78101165003213","6.14486601981866","6.40625755409009","6.904273429481","7.17049829208361","7.38744067177296","8.12820581675007","8.57656190148286","8.4869598324114","8.74130497333312","9.06564717933772","9.8192761175736","10.5486297636296","11.3754924070342","12.2984704301986","13.3198343617831","14.4754300693206","16.5779184629516","16.4405964221374","19.252201110627","23.1303661458283","29.5580929503377","31.3448022758454","33.3315522987601","37.3684681296171","38.3021343103668","27.128381944705","29.1973338476216","27.379404780376","30.8686526021967","30.5509930926102","30.0986441836552","29.6263156678462","29.291292813862","40.0566705934912","41.4169668910555","48.8686761082662","51.2947701746343","41.9477911617752","54.2617086886388","79.7864615343304","68.6760306755359","67.4818042508163","64.6127904286055","75.4724160919586","100","111.380301762571","118.887464563135","138.229508022891","108.972910419036","141.030216630093","156.477715327107","174.259984097475","172.335174202108","161.19445775538","133.381986091124","128.710298982432","144.626198630877","176.78302585854","174.454145494735","150.031318950556","184.974690373882","218.752731353241","202.198175899763","",
"Colombia","COL","GDP deflator (base year varies by country)","NY.GDP.DEFL.ZS","0.0318721661927025","0.0344950441180288","0.0367882870971908","0.045330755278338","0.0527377460247212","0.0572755545451305","0.065939826607765","0.0730152910198645","0.0792014209872596","0.0858897097930091","0.096098392566238","0.106484130800853","0.120297583182003","0.144550898486118","0.181233796828033","0.222567722049127","0.279228029338937","0.360630865951267","0.422298496505571","0.523821696711342","0.668479961405661","0.820665289186966","1.02391500772126","1.2328200422704","1.50626232244403","1.88107322853544","2.42976209348346","2.99776603558307","3.82964779655164","4.7750276104144","7.2740909869111","9.23851556238798","11.3323682933526","14.1475074337","17.2735941905003","20.5298320481986","23.9928818828295","28.0332479065523","32.1746123497846","36.235994629849","48.4386000792737","51.5960451787335","54.6753954825322","58.409186355082","62.6631469099713","65.641649169763","69.4538935451873","73.0669085713019","78.6765349266072","81.8741266960053","84.9893228316444","90.4174237688204","93.6875101031044","95.4747646532672","97.6092294031774","100","105.148334305146","110.546372091236","115.665309926839","120.294953383022","122.077393324367","131.602009615523","151.166720491043","160.744730549879","",
"Comoros","COM","GDP deflator (base year varies by country)","NY.GDP.DEFL.ZS","","","","","","","","","","","","","","","","","","","","","29.6174704565121","33.9320011702006","36.1476610372142","41.6448043800616","44.2099842780216","47.3362291051851","50.8354539527645","52.4739926853619","53.4905745922038","56.6789633337322","57.9122478685797","62.6140883399623","58.3785399819656","60.0323011024507","65.6854944327207","71.1511676715256","73.4270803131342","74.1058156819026","75.103764888255","79.4683153570288","75.9240090117518","82.4762388334418","85.9160389683392","90.3079201154226","93.3678791220254","93.6628111268488","96.5764398644833","100","103.144289798654","104.161334899665","105.90619607405","109.131769227966","113.792222410481","115.786040841334","116.752906226233","116.142452070674","118.134279802429","118.609763350194","120.787044749501","125.871099458733","126.714018429374","126.928772728664","133.201507887883","137.088446251532","",
"Cabo Verde","CPV","GDP deflator (base year varies by country)","NY.GDP.DEFL.ZS","","","","","","","","","","","","","","","","","","","","","30.5721825344306","33.5003785908528","39.3272162558204","43.4816718495106","47.2935334377305","49.0276254972717","57.7022773894625","61.7197321794159","65.0597620647763","67.3920628273796","68.9726158330157","72.278072467097","69.3032192469027","103.507190091374","73.3115942334853","72.1775376961978","71.7833501937699","71.1837500080402","70.9445793065688","76.3449362172236","70.3128438113478","73.9377064547374","73.6691581458157","77.2944908936911","72.3997809335827","71.1002894507051","74.3991800037571","88.2139298377997","91.4890869636204","93.2772944562676","93.8877154415753","96.4668493831041","97.1205159476917","98.5042504021875","98.405430958469","100","101.679924792992","102.998625643736","104.753898549544","105.481803212106","105.868035832555","107.297149639892","114.10321214003","118.43068408351","",
"Costa Rica","CRI","GDP deflator (base year varies by country)","NY.GDP.DEFL.ZS","0.106489091576758","0.10703880274415","0.110430654659668","0.110358001549994","0.112842355186994","0.113558339267941","0.11588528387968","0.118524919682722","0.120886562687332","0.126408735283748","0.135658660941024","0.13897354777287","0.147886045309451","0.169832957243932","0.209256326993143","0.26060969163137","0.303875543719494","0.355348347903669","0.383451006367607","0.41853665158824","0.497345346937306","0.701764970560523","1.29245380540093","1.66638017753357","1.94457412147223","2.34409104901303","2.76719769056911","3.04791283010997","3.6221174620275","4.17442950360178","4.9486985259893","8.15420249016794","9.76293312410632","10.7817510554095","12.4713029115706","15.1197392018504","17.3990499992882","19.9532119089035","22.3352652412599","24.7987269284473","27.1272563504875","29.7642800827201","32.6772763273692","36.1568301519079","40.9838933205356","46.3172607379768","52.3312376814048","57.8348019319769","64.4417258138902","70.6934308842122","75.379588744977","78.8419429664093","82.5740311746088","86.3643539939481","91.7249207176699","95.3528389047708","97.2205767509792","100","102.192478427938","104.815546908869","105.625344746158","108.13302861564","114.924199272791","114.8231549323","",
"Caribbean small states","CSS","GDP deflator (base year varies by country)","NY.GDP.DEFL.ZS","","","","","","","","","","","","","","","","","","","","","","","","","","","","","","","","","","","","","","","","","","","","","","","","","","","","","","","","","","","","","","","","","",
"Cuba","CUB","GDP deflator (base year varies by country)","NY.GDP.DEFL.ZS","","","","","","","","","","","39.366410946952","44.0341582571388","47.0983428608674","48.6297661820384","54.3967123445108","56.7516582048385","57.0485794404977","54.6560051603428","59.7506089396578","61.5001151461029","64.818248430331","63.173843358469","61.7666146967607","62.7527828679459","64.3745593721839","62.9856556116026","60.5203586032577","60.8898265489506","61.6407323142753","62.0258907011991","65.2892431167553","60.4657760421747","62.7306555209882","74.634105937443","94.2494653357428","104.153828013694","101.371236781003","100.000102499885","101.299209006867","105.137533249709","106.968149700955","107.454789651477","112.325904128141","115.665926730179","116.366837446466","116.809125370809","128.917046748892","133.544879259308","133.084773658949","133.928764049792","135.538652788605","141.399028509356","145.519477935617","149.387138624789","154.560976544535","159.876403896507","166.796413014516","173.657735083748","175.450350630732","181.669614643511","211.746768129835","1062.10313672473","1212.4481049825","","",
"Curacao","CUW","GDP deflator (base year varies by country)","NY.GDP.DEFL.ZS","","","","","","","","","","","","","","","","","","","","","","","","","","","","","","","","","","","","","","","","","77.7356705264218","79.1271379181484","79.451560159907","80.7386753215816","81.8528690967437","85.2088373461243","87.8758747717766","90.5121481725408","96.7574889764976","98.4991217751546","101.237397290218","100","103.184000591134","104.55872119242","106.125741385694","105.620065288966","105.570147134593","107.243960941468","110.016002476564","112.904914484912","115.932045258693","120.289956717344","126.3017875544","129.337516509319","",
"Cayman Islands","CYM","GDP deflator (base year varies by country)","NY.GDP.DEFL.ZS","","","","","","","","","","","","","","","","","","","","","","","","","","","","","","","","","","","","","","","","","","","","","","","90.6507229083348","93.4362823185556","96.2839655850627","96.8716595920471","96.6717108313874","96.2265830498802","97.440397842482","98.7833246365555","99.6592644091987","100","101.000092332547","103.006760395777","105.749623895744","109.341211103746","109.493599656779","111.842601065476","115.850198383635","120.068212548687","",
"Cyprus","CYP","GDP deflator (base year varies by country)","NY.GDP.DEFL.ZS","","","","","","","","","","","","","","","","15.7626817811535","17.0282272151256","18.5432091332397","20.596506889869","23.3022092376036","26.6002509435552","29.8957167417538","32.9907008231836","34.6549510737305","37.4903913534204","39.6152375024943","41.259534860277","42.8529156724735","44.2215060919974","46.3227988237262","48.8395743622525","50.7384600247615","53.8037643560032","56.3880307102261","59.3602338523922","67.431950139289","69.2127823786657","70.761017901785","72.1519780716348","73.8128951163266","75.8379117693459","78.6138019642136","78.8468101731113","83.0948381327355","85.3460674121316","87.0696392306451","89.7566622893445","93.470982020734","97.8966491241514","98.1541990193226","100","101.616249000114","103.322161467913","102.353268708658","100.98351321078","100.221861293546","99.64584348502","100.662623366888","101.69517031025","103.068147493417","101.823166606085","104.922572866408","111.940375582245","116.2273587431","",
"Czechia","CZE","GDP deflator (base year varies by country)","NY.GDP.DEFL.ZS","","","","","","","","","","","","","","","","","","","","","","","","","","","","","","","24.3431621979577","33.1535340518487","37.2504033182847","45.0762671451299","50.6395649622897","55.2514958220746","60.7268491142457","65.7996332810316","72.2726976102247","74.524123293952","75.835356984734","79.5775114207096","81.805901880089","82.9613946972129","86.3272302292892","86.4289247178549","87.019441853581","90.1180922519537","91.9441832446804","94.3762777516412","93.9184345389342","93.7107495115193","94.9696504303767","96.1772728984678","98.780518486402","100","101.491233902583","103.199961137066","106.103347345523","110.179114228271","115.155058889161","119.800904973467","130.188962300006","140.810939962756","",
"Germany","DEU","GDP deflator (base year varies by country)","NY.GDP.DEFL.ZS","21.9745849053514","23.0873767501803","24.0010057718996","24.7600304794457","25.5143613718792","26.4926168602661","27.398771979296","27.8341536393829","28.4152851012936","29.6112810271504","31.8713426377288","34.3003648908082","35.8548084077439","38.1134869657776","40.8863537521976","43.203229573274","44.6316123693676","46.0155128948207","47.6471501836212","49.685562280783","52.3940163842563","54.5815916589883","57.0820063839206","58.6848340515368","59.8521612464509","61.1238554870338","62.9572919035758","63.762933434509","64.8408211702841","66.7076316623395","68.9734520959929","71.1013381148001","74.8770500940252","77.7112791775454","79.2211893242052","80.6751077197802","81.0493801505786","81.1669205577278","81.7284541346663","82.1974612076103","81.9148558496433","83.088687136595","84.3344431411903","85.4491603399831","86.4361487837585","86.8979914107177","87.2864252756759","88.8921070967905","89.7346619561241","91.5246029073585","92.1492569997405","93.2844758387769","94.6203808159846","96.5080873318083","98.3425370605946","100","101.256258623712","102.742689558581","104.659184117047","106.76908828018","108.642934862269","111.688119611717","118.491999722624","125.770864360606","",
"Djibouti","DJI","GDP deflator (base year varies by country)","NY.GDP.DEFL.ZS","","","","","","","","","","","","","","","","","","","","","","","","","","","","","","","","","","","","","","","","","","","","","","","","","","","","","","100","101.26230441351","103.092216347879","103.404361366269","103.985733289557","104.667896558668","105.138690068451","107.0078559681","108.828093165628","113.855102382414","119.052047898771","",
"Dominica","DMA","GDP deflator (base year varies by country)","NY.GDP.DEFL.ZS","","","","","","","","","","","","","","","","","","26.6264218745095","29.9998636454542","35.3874701812674","41.3006719433139","42.0267222783688","44.0082287389033","47.2910115092723","50.2126069413205","54.1965799405731","57.2540685366792","60.5140408494414","63.2364824345312","68.5530338115689","70.7524587604725","76.1655370712672","79.5068251871422","81.6373779293868","87.8740874789182","88.5629622549078","91.4544969927339","92.7758939405968","95.1325064204142","97.5454377157543","95.8064653429526","97.803402968547","98.5766255396551","95.5017514939213","99.1231841313324","97.6876545785035","100","101.525048633792","103.056430249413","111.304978168883","111.635520278643","113.516938129883","111.290254183382","115.259406483449","114.916133042191","122.753222294156","127.292512108915","123.380412497591","126.742424883443","132.424650722615","130.923324004885","134.885018173966","139.691020331646","143.694866703558","",
"Denmark","DNK","GDP deflator (base year varies by country)","NY.GDP.DEFL.ZS","8.13906666175596","8.48958577250567","9.05294659315764","9.57561708891046","10.0171517826336","10.7620742483726","11.4974100532669","11.9691685448079","12.6075194749781","13.4737879184432","14.6532733150585","15.7183325214863","17.2476576762634","18.9589736936928","21.4267467293353","24.2683678993965","26.5208418001563","28.8469008979277","31.3950818755132","33.5913715032009","36.4729830210664","40.3102073725493","44.3693924354489","47.6320285307237","50.4462231642416","52.572797383814","53.8531491469654","56.3889790776617","58.5630131252156","61.3927947934664","62.9167327125863","64.5421921510937","65.611254904786","65.9900797598786","67.0246370427926","67.881963025921","69.2556518511297","70.6498849169667","71.520549486849","72.7274194950356","74.9189719908709","76.8049420920432","78.6400648973974","79.815368735578","81.4794308731423","83.8406625747622","85.5917180941882","87.667157685978","91.3967454742798","91.9193056296478","94.8486450323519","95.4617280123962","97.7602961929303","98.5882391116345","99.5925639362935","100","100.426512952506","101.531825977405","102.133932246306","103.105101953382","106.019802406721","108.955405069863","118.867040716559","114.363266031471","",
"Dominican Republic","DOM","GDP deflator (base year varies by country)","NY.GDP.DEFL.ZS","0.504470849199556","0.502362461745605","0.540743902930557","0.579625569401897","0.591833967227035","0.585579114669387","0.571767001307045","0.581980518376382","0.605449045075064","0.622586182867695","0.635733374661181","0.643261979920683","0.694899077822651","0.726213987308954","0.854820510578372","0.999685137927962","1.02834862453932","1.13711043446572","1.14902802117156","1.27669404403032","1.45395540834467","1.55925404705852","1.67638560460517","1.78696667531966","2.21913188662543","3.07055263395544","3.35879373328337","3.84323083219408","5.51641486845535","6.81877479696149","10.2594783106244","20.8227850427365","21.9822581123158","23.0778017722376","25.4169390662132","27.8702801346547","28.8930460730574","31.6238240170616","33.6808592937064","34.9722354430887","37.4929512186947","39.7578024835995","42.5093083352634","56.7335778295682","82.3580414920294","87.1193672832795","92.9051777091256","100","110.391687513918","114.253350539809","120.472632636412","130.183636606288","136.820634742368","143.241379680192","149.431253574488","153.125023776997","156.177844399844","162.708225793672","169.41422853961","173.692985902322","181.897381073143","196.04382799964","217.0482688754","230.991275599316","",
"Algeria","DZA","GDP deflator (base year varies by country)","NY.GDP.DEFL.ZS","1.21492447469365","1.25710325410628","1.28666125957575","1.29372930023004","1.31566037700077","1.33541280010593","1.35968812818352","1.37752779415206","1.42081049297287","1.44810546375509","1.5196483283102","1.78029786019228","1.69828913327989","1.86179381564661","2.77214751221301","2.93609292900381","3.25438280543448","3.64253627819903","4.00989047189788","4.57078745183349","5.75288627440602","6.57865554097007","6.70626792008738","7.16261576366963","7.76667536248563","8.15287534546476","8.34897998250678","9.08719849761623","9.91058623456791","11.497407214183","14.9764764794182","23.0321141320341","28.0821618541721","31.9081948387674","41.1863472012958","52.9561850985462","65.6772690801235","70.2759671921621","68.075564326406","75.4660765347611","92.5802803065482","100","101.372855941978","110.438085305855","123.079384925364","138.293957976356","153.203683699771","164.074275263776","188.878830861008","174.951381515875","202.168424693128","236.352494025325","255.266476001259","257.545375107584","261.280722213879","248.251319397835","250.378059217594","262.741746045996","278.938929619833","281.401940363062","268.144014604853","310.866326774061","382.214073786173","385.48139653951","",
"East Asia & Pacific (excluding high income)","EAP","GDP deflator (base year varies by country)","NY.GDP.DEFL.ZS","","","","","","","","","","","","","","","","","","","","","","","","","","","","","","","","","","","","","","","","","","","","","","","","","","","","","","","","","","","","","","","","","",
"Early-demographic dividend","EAR","GDP deflator (base year varies by country)","NY.GDP.DEFL.ZS","","","","","","","","","","","","","","","","","","","","","","","","","","","","","","","","","","","","","","","","","","","","","","","","","","","","","","","","","","","","","","","","","",
"East Asia & Pacific","EAS","GDP deflator (base year varies by country)","NY.GDP.DEFL.ZS","","","","","","","","","","","","","","","","","","","","","","","","","","","","","","","","","","","","","","","","","","","","","","","","","","","","","","","","","","","","","","","","","",
"Europe & Central Asia (excluding high income)","ECA","GDP deflator (base year varies by country)","NY.GDP.DEFL.ZS","","","","","","","","","","","","","","","","","","","","","","","","","","","","","","","","","","","","","","","","","","","","","","","","","","","","","","","","","","","","","","","","","",
"Europe & Central Asia","ECS","GDP deflator (base year varies by country)","NY.GDP.DEFL.ZS","","","","","","","","","","","","","","","","","","","","","","","","","","","","","","","","","","","","","","","","","","","","","","","","","","","","","","","","","","","","","","","","","",
"Ecuador","ECU","GDP deflator (base year varies by country)","NY.GDP.DEFL.ZS","15.0991466743222","13.3898563849031","12.0517055575825","14.1831009632522","16.2435908536112","16.730017901662","17.0842181400274","17.1650585175339","17.0319871835944","19.6120271051048","16.8788203582946","15.2788819854329","16.8296343891256","18.0409446595928","27.508752834024","29.0425938347136","31.799814514392","37.9564869492048","38.8256514974911","44.4998111734445","54.1276533443481","62.5128094566098","56.7727745101718","49.0262286303821","47.1037362033874","45.9543392641783","39.6629951910181","36.2119124327544","32.0063329119133","33.7244259540251","35.6850390295777","38.1434956729319","39.7848978136077","40.8359236393118","46.9648728297597","49.4176383708942","50.1540376332774","53.6679163008469","51.637831203874","38.0570853236909","33.6107044357743","42.550552464079","47.4381482346646","52.7736495174903","56.1462129031227","60.9652374546552","66.2793247031326","70.9609129180564","81.6718354344143","79.4102394463727","86.5680540056245","92.4871552851352","97.1145058486013","99.7044208293781","101.751313221419","96.1797850860302","97.3061893529542","98.2131138410925","100","99.9434248127307","98.1185014084462","100.128960126474","102.327502801265","101.909805149917","",
"Egypt, Arab Rep.","EGY","GDP deflator (base year varies by country)","NY.GDP.DEFL.ZS","0.41760387645665","0.424327179590661","0.426007629240144","0.42990717999875","0.433614248717469","0.457309349444916","0.469890833387752","0.483198204253235","0.49190268723713","0.495868948801301","0.557932767708844","0.565335027453182","0.584551294298723","0.627531100695464","0.68667578090953","0.753035299221583","0.839884961185209","0.943509271741586","1.03359196763258","1.27648469126584","1.43516279934961","1.40361454291528","1.7507404760145","1.97329223143186","2.1360385730465","2.38330729033614","2.6901621948478","3.02560854076053","3.43157121096921","4.08828488630333","4.81367137359679","5.58988893606985","6.61567719505673","7.17331959797929","7.77938415767976","8.66621384192667","9.282179502192","10.198913301185","10.441410974847","10.5374130055201","10.9530514611368","11.1576215860133","11.5108249193717","12.2909703422959","13.7253153154081","14.5780320298252","15.650971940779","17.6223276463475","19.7729537743442","21.9846658762549","24.2066262956317","27.0298393958016","32.2960298854652","35.1098778699933","39.0589050965483","42.9378018915724","45.6195523547674","59.0857507172458","71.597052559679","81.3472078467025","86.3719712663466","90.5585558274096","100","124.825065374374","",
"Euro area","EMU","GDP deflator (base year varies by country)","NY.GDP.DEFL.ZS","","","","","","","","","","","","","","","","","","","","","","","","","","","","","","","","","","","","","","","","","","","","","","","","","","","","","","","","","","","","","","","","","",
"Eritrea","ERI","GDP deflator (base year varies by country)","NY.GDP.DEFL.ZS","","","","","","","","","","","","","","","","","","","","","","","","","","","","","","","","","13.4356299228455","13.2497922361525","14.6320301304737","16.0674381909415","17.5255316776271","18.208528249303","19.867174577182","20.3278072365199","25.4052045502586","29.2356157273169","33.9567780622853","41.3840903943259","51.6470491965951","55.5844597903212","61.9177553363434","66.4304502955943","77.1099556957934","99.8608680813897","83.6552469878995","100","","","","","","","","","","","","","",
"Spain","ESP","GDP deflator (base year varies by country)","NY.GDP.DEFL.ZS","2.59712335967894","2.66117854411341","2.82339977348074","3.04490606470751","3.23534422196466","3.53185920548045","3.82054431276707","4.14673165383284","4.39185035715929","4.61729504380555","4.89168178743292","5.27548409932499","5.72484572941923","6.40321695729712","7.42421688704401","8.67013280950299","10.0998308735392","12.4614812626371","15.0324148100456","17.5776480298261","19.9251124111711","22.3861013108105","25.4266540324772","28.4484200349166","31.5392651680637","34.2502162530357","37.976234394017","40.2336170875353","42.6219352899609","45.56122671866","48.8991566746473","52.2903813977914","55.7994693139501","58.3312258076623","60.5943851060178","63.5835847858947","65.8301564272892","67.452890894033","69.2301260911456","71.0429726796778","73.4674932586434","76.5254404970845","79.6566336540799","82.8460579085918","86.0867188142298","89.7134864009415","93.3670580599441","96.6920775772326","99.063009503296","99.2921254969553","99.5828902995881","99.4375403907726","99.2357269246416","99.6705530471625","99.4505933097734","100","100.372182498533","101.634808663111","102.841574384349","104.310842353138","105.493638191694","108.190174141823","113.287959027236","120.351780523097","",
"Estonia","EST","GDP deflator (base year varies by country)","NY.GDP.DEFL.ZS","","","","","","","","","","","","","","","","","","","","","","","","","","","","","","","0.401265278532178","0.933224379517953","9.0862726099526","16.7919339808171","23.4531275838486","30.8194199400378","37.7659571192796","41.5132757999949","44.3754054351276","47.2425096365461","48.9832571914169","52.3379806549167","54.8522337747787","56.9856488788339","59.6579708228216","63.1920435822639","68.865828791386","77.3736277898477","82.6312511277386","82.3109479088713","83.8061608113511","88.4483287655948","92.1680474375083","95.9690144462099","98.7104129322129","100","102.438529958905","106.270854394957","111.424010775544","115.683389824614","116.554880320478","122.816592138877","142.200025620568","153.653929319424","",
"Ethiopia","ETH","GDP deflator (base year varies by country)","NY.GDP.DEFL.ZS","","3.57637111748278","3.5641164779842","3.56124103285478","3.7427400402808","3.85214608592208","3.86499146036081","3.93351561360795","4.01976747712179","4.19024792896689","4.45336940472238","4.4146424752853","4.26554085849595","4.2818805959109","4.59843998157833","4.54168178053856","4.89831693995097","5.45125283799981","5.64676457038607","6.25170985201865","6.25477665165429","6.41526659558314","6.6892325766865","6.87003439398777","6.68220903144373","8.80633381365723","8.34196214168318","7.83147643610163","8.07468322770901","8.52563263769838","8.80453801916606","10.4848216080083","12.11334778206","13.7337338685299","14.1362808306331","15.9324888384988","15.9705894798284","16.0035935895025","15.9795646838151","16.3347461581423","17.4455088893258","16.4414613509098","15.8460446444254","17.8692641904089","18.5681958811552","20.4019002770929","22.7587991638672","26.6779962627009","34.7645432745248","43.1589342675923","43.7823962845097","52.5659659349955","70.1973294708744","73.6383880300425","81.7251999043101","90.581386153143","99.9999712390324","106.676824401898","119.885863295834","135.303661045075","160.002790013053","194.824619719042","262.365158400927","348.999951585069","",
"European Union","EUU","GDP deflator (base year varies by country)","NY.GDP.DEFL.ZS","","","","","","","","","","","","","","","","","","","","","","","","","","","","","","","","","","","","","","","","","","","","","","","","","","","","","","","","","","","","","","","","","",
"Fragile and conflict affected situations","FCS","GDP deflator (base year varies by country)","NY.GDP.DEFL.ZS","","","","","","","","","","","","","","","","","","","","","","","","","","","","","","","","","","","","","","","","","","","","","","","","","","","","","","","","","","","","","","","","","",
"Finland","FIN","GDP deflator (base year varies by country)","NY.GDP.DEFL.ZS","6.38085091017068","6.72170180171762","6.98881853363488","7.34850577471029","7.87581752921984","8.27144267884425","8.66217269662953","9.29988742652146","10.421804131557","10.8543429677766","11.2720824700209","12.1021708085847","13.0998815689664","14.9040024572307","18.1935248921624","20.6620212801732","23.373844878091","25.5753480846197","27.4817837462493","29.7641402318616","32.6320891904993","36.4289816232772","39.7307460192192","42.9868165117787","46.6208966160986","49.0567786399751","51.3910412515681","53.5969343319979","57.7154293539188","61.4866896739364","64.6822913703851","65.6631057252081","66.249931629408","67.4195352060544","68.6634094610461","71.5482722284801","71.4900627431736","72.9810042761792","75.2463308111891","75.9471850796653","77.1907384244455","79.7416074815828","80.4936772010498","80.6466016733822","81.1322876257941","81.8863101779791","82.6398118312983","84.9160413460622","87.4954394973313","89.0486806967685","89.359347616492","91.6835201128099","94.3839171742008","96.8014613192783","98.3935263077394","100","100.055195317211","100.891702586207","102.896480119977","104.421260928382","106.132115710123","108.716021326807","114.640429399754","119.126902491327","",
"Fiji","FJI","GDP deflator (base year varies by country)","NY.GDP.DEFL.ZS","5.04381097754721","5.07452671431085","5.1456982093721","5.09582252841537","5.25586919971285","5.67375992360041","5.81463238745693","5.60540926656827","5.78989084185366","6.16589977601167","6.58711013538281","6.80838833464199","7.81094883781699","9.06050156676407","11.7465518275764","14.6031544916514","15.7584753495545","15.7534279496276","16.4516017016079","17.7909842263869","20.8709068406318","21.0710776228962","23.629079661649","25.2398162131852","25.9989027508951","28.1347788252894","28.9932547066971","31.1213626118103","33.401940925605","34.353327232359","36.6479472006361","38.844306919788","41.2940899393598","44.282685708637","44.6493631941157","45.1540860985058","46.4493050042953","47.9775131481853","51.5508559827762","55.0211673027499","52.4242375992126","54.1256118193992","55.8935965040822","60.198956917661","61.5197272048214","65.6078274928612","68.0659945552828","70.1246208909033","71.6379935293744","72.6342595383819","75.7065325525287","82.8163908193544","85.7783302345615","88.8846179411523","100","102.530898974315","105.230871617988","107.018173089086","108.543950737391","110.224235168419","108.588530246263","105.859631934394","108.45105987287","112.897093883791","",
"France","FRA","GDP deflator (base year varies by country)","NY.GDP.DEFL.ZS","10.1339829835813","10.4601283321965","10.9716170497346","11.5822751003232","12.0653961601398","12.4324945399028","12.804950753673","13.196009458022","13.7792078812304","14.7918496180558","15.5896268021886","16.5054910154153","17.645831716409","19.0104858379549","21.165946373675","24.0526284230236","26.6559442390557","29.0130980343765","31.6923654900017","34.928386234715","38.9612483051744","43.4343019535151","48.66062701683","53.3381478622583","57.1109016244841","60.2543666462696","63.4113429481675","64.9777823047849","67.0434456789318","69.1781050055068","71.0223903755546","72.7660722316477","74.2362018660705","75.3925971666128","76.1109777177396","76.9867457932059","78.0009364288105","78.6832590188901","79.3981071132455","79.572916104695","80.7009205222747","82.2361732070852","83.9337563925136","85.4457218343009","86.8415966951268","88.5455186185685","90.3141086566798","92.4681274453891","94.5956333801966","94.6958679576458","95.7275287359369","96.5426279010849","97.5872644084421","98.3170959503878","98.8782850807923","100","100.517258225639","101.10663430108","102.233562080931","103.471122936494","106.552470954946","107.85434621083","111.3279379829","117.232295054567","",
"Faroe Islands","FRO","GDP deflator (base year varies by country)","NY.GDP.DEFL.ZS","","","","","","","","","","","","","","","","","","","","","","","","","","","","","","","","","","","","","","","","","","","","","","","","","92.0353533156422","93.5028334422145","100","99.0479977028251","96.6707234060109","98.1364563441028","100.758392528201","105.673940636594","113.986662172573","114.41513208008","113.928434013082","117.915811921863","117.784270998415","120.169925572808","127.114717273822","132.292337253245","",
"Micronesia, Fed. Sts.","FSM","GDP deflator (base year varies by country)","NY.GDP.DEFL.ZS","","","","","","","","","","","25.8285798598801","27.6562461832169","31.5321190432423","32.6612309737585","37.4894365912526","37.4811192226012","37.9100588876925","37.4013485388552","40.1578880392642","44.1718016853153","50.6895241332341","55.040003805962","59.1698229601737","60.989549142723","63.9264863644208","66.0260615377086","67.3125374925015","69.176052163604","72.0809248554913","75.4885538805137","79.2249730893434","83.2665330661323","85.7899807321773","88.3741648106904","90.6851768920734","92.7235688492752","94.457132780022","95.0722406447893","97.9160860246417","97.1478387810255","98.1959728469835","99.2848157879449","99.3783250961033","99.0164634156181","100","102.096994672052","103.510740883783","106.796647882052","112.141796918781","118.154413497407","122.411498788434","124.364736366491","133.222615977414","134.071170301118","138.125340693761","130.873264736738","133.744855967078","146.530612244898","160","154.509803921569","148.8","151.750972762646","168.627450980392","178.988326848249","",
"Gabon","GAB","GDP deflator (base year varies by country)","NY.GDP.DEFL.ZS","5.50015696991988","5.68047664597181","5.75891951839408","4.58739362540849","6.12603265851551","5.93863075157559","6.18415905286948","6.56910654132143","6.99352830982659","7.34034611444425","7.30950201851865","7.78492413418918","7.21841764842126","9.7273702794744","16.0900887067403","16.7935868364982","19.2563554619104","21.1426464285229","21.7471303533104","25.8753915953805","35.3926457621606","39.0883694394873","45.6957224875357","47.0322502239004","52.68092558682","52.0086897035191","41.18577807832","41.5948695064601","42.682631248212","45.981155572587","53.0430064583134","47.0140839582503","47.1146315498614","46.8745915579392","68.6953903024075","69.6153009134435","79.0569991402757","79.8053027604374","65.6108112103813","78.202402368861","100.168943871362","100","100.855807814236","100.636829285193","108.451559387584","130.244328592559","143.097017734502","149.151970054441","179.696740910696","147.217390392974","171.602950348521","193.364311347594","187.67572144425","176.118791397535","174.619333032414","159.030764035844","152.240541659403","158.056590337168","169.399770472992","172.021206846481","156.522322211323","188.356472564569","216.154766252134","194.617081396411","",
"United Kingdom","GBR","GDP deflator (base year varies by country)","NY.GDP.DEFL.ZS","5.03815802261326","5.20761342391636","5.38329296355244","5.46961535343588","5.64929018537843","5.96603427720471","6.26323444649468","6.43731864493122","6.69038893816159","7.09328667111212","7.74931290545133","8.36814392749961","8.96966719102592","9.72445378973931","11.1888799644528","14.0723357826578","16.1991677171713","18.4201536579817","20.5306514269987","23.4186039824388","28.0329576214507","31.276164155702","33.5964723865815","35.3175556705736","37.0940455082438","39.1385572455082","40.8353530400691","43.0570204433825","45.697782147453","49.3242951522943","53.2141166376256","56.6299767780791","58.5106465673747","60.1097684476992","60.9474723761623","67.9497294094835","70.7610173533422","70.6571180680565","71.5641133856979","72.5523158401106","73.3661226707136","74.4748661773139","76.0530267522421","77.8684464561443","79.884179273674","82.2339899634283","84.5303224317873","86.4305497831964","89.3926933037731","91.0885534342902","92.5360240493507","94.5681095244719","96.0270525647513","98.05268660462","99.3459059776941","100","101.964151336627","103.855705647966","105.850407233025","108.108144992106","113.480925771653","113.556454843442","119.738360136894","128.477170748081","",
"Georgia","GEO","GDP deflator (base year varies by country)","NY.GDP.DEFL.ZS","2.0170669912673E-05","2.03112142036078E-05","2.13779168963594E-05","2.06085851403729E-05","2.10481786842369E-05","2.09206130349472E-05","2.0539500936976E-05","2.08020050125313E-05","2.09321958588821E-05","2.16021373139392E-05","2.15645460394353E-05","2.22410991283794E-05","2.19365033759517E-05","2.20209787851192E-05","2.22125786553424E-05","2.23659142081866E-05","2.2484015780166E-05","2.27926391610883E-05","2.29079795299469E-05","2.35530351508197E-05","2.37883231700884E-05","2.46507246086312E-05","2.55148561546927E-05","2.47960510202159E-05","2.51134779656171E-05","2.39752737428265E-05","2.54385964912281E-05","2.60322633805138E-05","2.54514545423006E-05","2.68299065420561E-05","3.28288146003334E-05","5.3229169562679E-05","0.000752812957263232","0.11702041107622","7.18677817602549","18.8821015449111","27.0071209159453","28.7720295622513","30.7689008699914","33.762358546754","35.3418328557226","37.2412253780481","39.4455613162628","40.7969702743902","44.2376621037464","47.7479661434793","51.7813825992265","56.6837891927952","62.121083827265","60.7943214466791","70.4641618681004","76.92693135261","77.1509167842031","76.6486913060634","80.166793025019","84.4776995305164","86.3994138085896","92.91975724882","96.1578400830737","100","106.847933387699","117.778036386206","127.359809816809","131.114503779338","",
"Ghana","GHA","GDP deflator (base year varies by country)","NY.GDP.DEFL.ZS","0.000428800693329726","0.000443683721616233","0.000452291850536164","0.00048280187165837","0.000530767350384182","0.000621032805503723","0.000671662597993859","0.000645613127261435","0.000727067018753216","0.000807312074030766","0.000830636567076741","0.000873680258428333","0.00100886095503849","0.00121953626444042","0.00151916088217095","0.00196675920867743","0.00251840861018832","0.00421205810471331","0.00729977867507249","0.0100700065901888","0.0152184117550328","0.0267286392201017","0.034183411475882","0.0762499324935903","0.103175632217482","0.124479764923054","0.176395041150227","0.245544537740975","0.32756342164908","0.420245235145503","0.551221330855228","0.661693577979511","0.735472960261668","0.96903867016872","1.26099962340083","1.80380107987828","2.52239471487487","3.01320650575056","3.52691196964755","4.01966266202157","5.11422138101728","6.89488812088818","8.4682040083135","10.8989517698868","12.4629678199109","14.3278912292839","26.4612469612055","30.7226298342309","36.6859755700703","42.4334091074604","49.4755069307102","56.3599357407842","64.929621067664","100","123.9399587594","140.365680197901","162.471338214869","179.818903787835","198.823033157826","215.685354366544","235.885527920074","264.442069663318","338.93076731632","451.04847219635","",
"Gibraltar","GIB","GDP deflator (base year varies by country)","NY.GDP.DEFL.ZS","","","","","","","","","","","","","","","","","","","","","","","","","","","","","","","","","","","","","","","","","","","","","","","","","","","","","","","","","","","","","","","","","",
"Guinea","GIN","GDP deflator (base year varies by country)","NY.GDP.DEFL.ZS","","","","","","","","","","","0.732705368310178","0.773900598866667","0.817064007472002","0.898476810675695","0.93574665199522","0.9808700727008","1.04167628730232","1.08973845871921","1.11328045197727","1.19827658398665","1.27301047952563","1.38296843736008","1.79323519498511","2.31899701677901","2.90446138215845","3.45631040191415","5.86401719741903","7.46254770568541","9.07846085585032","11.1043714536174","13.0231159147107","16.3855113103053","20.6818273795936","20.8211726966601","21.1184993842072","22.3753327265571","22.7212482634446","23.0470997437223","23.8133329431753","24.8200833397167","26.3837793566877","26.8461356499587","26.9623183092521","31.2522109603229","36.4155710345177","46.3901037880368","63.825388909974","72.5176857452847","84.6318572605098","86.1307129153422","100","108.999290642518","121.551606565639","126.81400889789","130.131333647409","133.999207626926","141.595557895618","156.259912061973","167.290431169657","183.020595942045","190.798934971693","213.668663635872","219.663315176554","228.278464016284","",
"Gambia, The","GMB","GDP deflator (base year varies by country)","NY.GDP.DEFL.ZS","","","","","","","0.845794931791035","0.918107988023961","0.838360989155173","0.898123308373534","0.979575338289973","1.03015432341373","1.06267401533261","1.05156367141677","1.271731924752","1.43767495959737","1.60578503865762","1.96861861989645","2.09579841872975","2.31788899035431","2.31377277527529","2.34994923440645","2.69039621226098","2.76258201993643","3.01125877848605","4.19827020200618","5.89927448551907","6.99052298176383","7.66903358715927","8.72249593982751","9.76610187916806","22.8561817296246","23.3018843214609","24.5001423582006","25.4256098907415","26.433290501894","28.6453788059382","26.9355019277469","28.393203132218","27.7016882702573","28.3158298826428","28.8270545367166","31.8225731087191","35.925756968005","69.7642684609711","72.634234622266","73.5808068715274","76.8292706563346","78.7314449793226","82.2848355000658","86.9292638640972","90.9037771688135","94.3991730412781","100","105.211723106828","115.438683908243","124.466707882667","129.347941941404","138.339905653105","146.989202087314","150.206441416124","161.294865459668","175.516356014834","202.900250061158","",
"Guinea-Bissau","GNB","GDP deflator (base year varies by country)","NY.GDP.DEFL.ZS","","","","","","","","","","","0.0613657403547591","0.0624747872416105","0.0655825302219495","0.0724253481023222","0.0788888951740316","0.0845712974294836","0.0858514449769155","0.08848351076225","0.0940897198133463","0.0981167730017201","0.109436343855216","0.111424846182751","0.12985707342234","0.160122948863864","0.255238896138571","0.337715529754735","0.718978853593749","1.39671317745807","2.50772642621893","4.99672821914738","6.50804051959297","10.9266334418667","18.0268898051774","26.870680995392","33.11797482712","47.9316576181594","66.7370268380351","89.5198430628148","98.7764988512761","86.5061955540725","66.6683185061801","69.1764056280191","71.5106826550725","71.1028476663041","67.2058455505331","69.2989128945902","66.3582924372679","70.3333305321425","79.3097855044426","76.2760214109908","80.2538277673617","87.0376212335327","87.0139285829698","86.2027192672299","87.3212490056568","100","102.840727736993","113.532174150096","110.658037627658","113.044423447341","113.394543057008","115.845837441893","120.727910489245","127.235619165434","",
"Equatorial Guinea","GNQ","GDP deflator (base year varies by country)","NY.GDP.DEFL.ZS","","","","","","","","","","","","","","","","","","","","","8.38042667631883","9.59079730463062","13.4672063956072","16.8003095301716","21.1074337441409","32.2468368571866","31.3041296953876","31.779379805836","33.0432408159483","31.4585328035815","34.7152858568039","35.9484118793937","30.4038365022137","29.5850260933692","36.8411521758725","39.6708599521787","39.9966356108473","34.7382084652863","23.7727751157456","33.0816294071566","54.4970295801088","47.9729027326629","47.2135443224009","47.5136439506185","55.5542655500287","88.514083907425","100","103.037653859356","123.48036450002","97.7591193863809","122.107527870652","142.92088612601","149.859383642668","148.251881361829","146.363385672317","116.808592573502","109.466679468023","123.415343197791","135.156874446607","130.880930150275","117.572242895367","138.663093380258","169.308203769474","156.360324688556","",
"Greece","GRC","GDP deflator (base year varies by country)","NY.GDP.DEFL.ZS","1.00525536433916","1.01627675045974","1.06394157725867","1.07575753754163","1.11239404781832","1.15775970567631","1.2147376846144","1.24109553302026","1.25942859213061","1.29949447480447","1.34886641849447","1.38899549270708","1.45909295290979","1.76419431660496","2.16608641287462","2.45027697066178","2.85296669036013","3.2453755044363","3.6928497060212","4.43698473476158","5.29063637618519","6.43405081832151","8.18493285709916","9.87202749223747","12.0358238583588","14.3257537369324","17.030742332351","19.6283874188797","22.9023768444184","26.2229863542309","31.6486787482168","37.9112380686679","43.5216512761693","49.8012810327836","55.3700047188321","60.7917445385863","65.774757022144","70.1279567287268","73.8298075458143","76.4208200180143","77.6579205661095","80.3531842949803","82.7265412143004","85.6704379926997","88.213831165056","89.8902628179607","92.9146529687348","96.0431853842668","99.9453136973893","102.312452701157","103.520681570624","104.531724716167","104.181992715589","102.139690527007","100.175059588801","100","99.5100392984036","99.7126549501648","99.478528743377","99.7222668543782","99.3593179592425","100.743151271961","107.287249216459","113.589905906513","",
"Grenada","GRD","GDP deflator (base year varies by country)","NY.GDP.DEFL.ZS","","","","","","","","","","","","","","","","","","29.8354637667271","34.989028846293","38.3555290583033","41.8264218330145","42.9593718421721","44.7480301354427","45.3715870892181","48.3717416067678","52.6033427590235","54.8837260241869","57.6604860369741","61.5591705290715","67.0972740617593","67.1079640663358","71.5840046375328","74.4556546312133","75.8579709085613","78.2784189149072","80.6683769566123","82.8247108461597","84.3028894418953","85.7679666531122","86.7298452494807","89.2129465405263","91.1258299704781","91.4649517086573","91.394457751984","93.2508144644411","95.5725190839695","100","102.31944372711","110.349196412176","110.338272064142","110.867666482042","111.116572588317","115.479175912608","118.854745684791","119.776123034993","123.08001810592","126.334555647621","128.262640159012","127.36010804778","131.598057605103","131.20328239902","134.864270906551","137.055736563285","142.295423162361","",
"Greenland","GRL","GDP deflator (base year varies by country)","NY.GDP.DEFL.ZS","","","","","","","","","","","12.7616329151951","14.2225519956977","15.03323653175","16.1852624086748","18.702654927773","21.7747257086918","24.6476809985127","26.3686085167802","28.8148884123698","30.9767160977084","34.5573923684876","39.7157071733339","44.8854489648211","49.247026563069","53.6156464300009","57.5958913448662","59.9743638665872","62.7456161548262","66.7301123940457","70.3000793057811","73.8801705758781","76.2630093263843","77.4417900101772","78.2487462044087","78.6152432376269","80.2314722395789","81.0178218556938","81.4202403542513","82.2168777516978","83.0887518281183","84.8420019426096","87.7285447470603","90.450834890115","96.3599680945902","95.8411235461927","92.7462439489327","94.8222602414219","94.7772051198712","92.8690137765143","98.0126898784489","100","102.884045659297","106.428742413788","107.564733575861","108.629918685899","117.477152678796","121.633238778575","125.606388088377","127.925986820297","128.878860163755","129.784879119182","129.244755600168","","","",
"Guatemala","GTM","GDP deflator (base year varies by country)","NY.GDP.DEFL.ZS","1.87199845489495","1.8517740377655","1.89965169640634","1.91495040565965","1.88276822827647","1.84893395530603","1.83039174992332","1.83748629740578","1.87187353890405","1.90362501648669","1.99882875832226","1.97345984984248","1.94655252582394","2.22881772455501","2.57828011892233","2.91644968944382","3.2517044661683","3.78670299739411","3.9948186604846","4.33786132223745","4.77185937329107","5.17976306834571","5.43760932263782","5.79436953791803","6.0333119764625","7.16635198362868","10.1377073234417","10.9485753768756","12.2246644582287","13.558240497236","19.053566081692","25.3364894155764","27.58165324462","31.5821932161052","35.2843457675946","38.3427287255428","41.7552333111942","45.2031046917554","49.4985004166556","51.9939960159316","55.545245564405","52.4290765901573","55.8208053399712","58.3166845423039","61.8295992843805","65.3343703177791","68.5888928476252","73.4692330075408","80.3808450946916","83.2746964040619","87.5529947127443","93.5894614869796","96.750680312369","100","102.860311606597","105.155764394121","108.002532095705","109.890323591973","111.287702326059","115.255980154376","118.566503068282","122.320818018872","130.045715171025","138.683713121039","",
"Guam","GUM","GDP deflator (base year varies by country)","NY.GDP.DEFL.ZS","","","","","","","","","","","","","","","","","","","","","","","","","","","","","","","","","","","","","","","","","","","74.609804352605","77.7729352800174","79.1692244730919","83.1786771964462","86.844262295082","89.4608341810783","92.8813559322034","95.850704784594","96.078431372549","96.6828322017459","100","100.840493089279","102.935779816514","105.532302092812","107.193460490463","108.264314007922","109.858387799564","112.537630600319","117.078962992282","120.884235020361","127.490774907749","","",
"Guyana","GUY","GDP deflator (base year varies by country)","NY.GDP.DEFL.ZS","0.0910908556991923","0.0950018449125697","0.0985644717135535","0.101299619456854","0.10080794874556","0.0990063173656834","0.100908574314666","0.105817177226449","0.113166578972317","0.114768829474206","0.118253349418919","0.120785885533806","0.132726383705608","0.141047577622455","0.193901143639056","0.222323460390046","0.209480826290202","0.212999193370748","0.244497057720286","0.260543253088407","0.291232104187521","0.303873731306502","0.316947608551977","0.345218335615201","0.411782479622627","0.471532524660926","0.529499728121398","0.840373366310435","1.0390883694724","2.72808505146101","4.26794200735021","10.0099306367577","11.141127239844","13.029647329495","15.188972248578","17.0650698627037","17.7358260436417","17.9917990103435","18.5261721400879","20.6030499555002","21.9599758343929","22.0306807120593","22.6076095096169","23.6743646502613","25.2783591621683","27.2077119571977","74.7824925985229","80.9228908323034","88.6548696000069","89.6771612749095","93.2393644831891","95.4857989808688","100","99.4633194718943","97.3692148779217","100.294487466977","101.195308409029","103.329525431445","100.345897861245","103.317329011879","76.1489018137446","93.2197290787268","104.462443469326","91.0207112559976","",
"High income","HIC","GDP deflator (base year varies by country)","NY.GDP.DEFL.ZS","","","","","","","","","","","","","","","","","","","","","","","","","","","","","","","","","","","","","","","","","","","","","","","","","","","","","","","","","","","","","","","","","",
"Hong Kong SAR, China","HKG","GDP deflator (base year varies by country)","NY.GDP.DEFL.ZS","","6.73289681643712","6.86453468616899","7.1175033106254","7.47024595005593","7.64803578182296","7.690360933268","8.20123906280639","8.47402896946213","8.94753559542059","9.73979168159573","10.4822931317624","11.4415102381502","13.0732827615005","14.5913705818942","15.2419270561187","16.7107658439524","17.3555128217273","18.7652171249943","22.0978776891657","25.5772371333776","28.2925652514788","31.0326974959152","32.4610560252421","35.5909846098253","37.4991236254402","38.9131157930008","42.2640160075884","45.984101566855","51.7594876509328","55.6750338645751","60.7639496220068","66.7791884367334","72.530879826738","77.1157967589045","80.3081116499245","85.033192724309","89.9312555425874","91.028304164866","87.3000873037532","84.3369794205313","82.8408147499743","80.022661987877","75.2151408395909","72.5143065750503","72.4054902294569","72.0182633614664","74.2777769528471","75.2296338723179","74.9472081883205","75.1500393025552","78.0792889663857","80.8470637728728","82.3124022246585","84.658523483698","87.7431175609529","89.1805877917098","91.7495120350879","95.1071344715393","97.0519959296469","97.6714721390284","98.3391904221939","100","102.777749052229","",
"Honduras","HND","GDP deflator (base year varies by country)","NY.GDP.DEFL.ZS","2.97752131086695","3.10225131823908","3.19296036520451","3.26106638246046","3.44644213277166","3.51802824867059","3.60969629602463","3.70431076639158","3.75797442041284","3.85587597892162","4.02729184837639","3.91543220280103","4.06674501355244","4.28414527233651","4.91729667876608","5.2312562824962","5.67759696221932","6.37023425214086","11.1526156747518","12.0844004565189","13.4490259102836","13.8752696914691","14.9492223107577","15.5449216318616","16.0522947710289","16.3190010002242","16.6663799689481","17.0401239862649","18.6039831470998","20.7441281673922","25.9319623523415","32.7478340286794","33.9510463929297","37.6546351112977","45.6896826426645","56.5245196763354","66.8083521648517","78.0399085305163","86.077234740296","92.5982112968056","100","108.084349380149","113.631173254932","120.176034264413","127.929772588656","137.24199074285","144.582602960646","154.161933683899","166.171940154092","178.890295815975","187.255283498866","201.874687798079","209.101372488429","211.974489161159","226.493378089383","242.195643894361","251.103764719226","262.435683328713","267.5458753463","276.53204804679","285.939619329505","299.109220694224","326.963452896506","347.165176712661","",
"Heavily indebted poor countries (HIPC)","HPC","GDP deflator (base year varies by country)","NY.GDP.DEFL.ZS","","","","","","","","","","","","","","","","","","","","","","","","","","","","","","","","","","","","","","","","","","","","","","","","","","","","","","","","","","","","","","","","","",
"Croatia","HRV","GDP deflator (base year varies by country)","NY.GDP.DEFL.ZS","","","","","","","","","","","","","","","","","","","","","","","","","","","","","","","0.0840001101053206","0.167408373740562","1.16323158126289","18.2253903663035","38.5938587934681","47.6625783523587","49.4901602365138","52.9002735545322","57.2272219370604","59.2378536146722","61.8152242721294","64.4288248662105","66.9033456751157","69.7805208217921","72.3094609852962","74.5614448019904","77.4548939200203","80.7748196526913","85.241045038102","87.7854891632942","88.5932149923769","90.0721414418652","91.3434701440584","92.0129162663984","92.1293535696925","92.2439368350615","92.2578777255471","93.3941617062454","95.2859515724762","97.1806001228084","97.961310005256","100","108.012806697807","120.693867331551","",
"Haiti","HTI","GDP deflator (base year varies by country)","NY.GDP.DEFL.ZS","0.488388207875216","0.499233476876139","0.481224094091881","0.513105451658104","0.575478673262499","0.611738940528853","0.642621789233911","0.656837398126187","0.634591161350527","0.650912700136453","0.54664738184359","0.562360266775123","0.57104109387147","0.684036338296273","0.783251116644822","0.933465898569134","1.11045345041016","1.15358231527152","1.11734161447775","1.15225955177147","1.37422158395423","1.51230142754192","1.56267555656705","1.70555243285519","1.90215016900339","2.09186604180073","2.42519649531355","2.15900822162244","2.75117282608632","2.96633406474615","3.32216808578139","3.80754544134137","4.60363336144199","5.44778515049667","8.53710925940552","9.89992022854975","10.8875946841398","12.2732579342324","14.0108343166068","14.9959924761589","28.6994299433131","32.5016250931548","35.8236063992471","42.2666688022239","50.425372052082","55.5042821389181","63.0075262550182","65.59855723657","73.9131344636382","82.4881425429905","88.5871701838607","92.4147831654364","99.9999979999737","108.077146680343","110.475363476906","116.226670353091","134.477993739192","153.008896403196","163.009188930186","195.28564065202","231.775126089776","275.720237925865","358.991311689138","472.116521522003","",
"Hungary","HUN","GDP deflator (base year varies by country)","NY.GDP.DEFL.ZS","3.14697699158592","3.17784411595961","3.1592064559621","3.14497878540405","3.1575289903464","2.20435015376161","2.26783819805026","2.28117602322223","2.38059702855625","2.47468406489194","2.51643610082446","2.57116619673914","2.62557217471087","2.69511502141619","2.66326286865527","2.68948429464376","2.84456233744981","2.90929156448017","3.0158716945796","3.1821202617113","3.3630762553484","3.53633493369263","3.73827204033114","3.92372414924098","4.17215962115845","4.4187244220323","4.58408463994941","4.96225210429177","5.83194020761402","6.92464434596638","8.70192700352668","11.8098586289205","14.3500623377634","17.4035339070691","20.7956672378989","26.3549290701968","32.1346390031849","38.6453734853463","43.9657743868524","47.5359114776378","52.0915064825211","57.8458280790299","62.5264266310074","65.9237663242642","69.2799918925242","71.0999987192856","73.6999027310827","77.7118875447595","81.4468286213531","84.8668335302888","87.016145880674","88.6944443011348","91.2601631965364","93.8341852025997","97.299224645347","100","101.320471994833","105.403388172955","110.512738775223","115.800801153602","123.199866252498","131.133011305711","149.794997515558","171.888269391334","",
"IBRD only","IBD","GDP deflator (base year varies by country)","NY.GDP.DEFL.ZS","","","","","","","","","","","","","","","","","","","","","","","","","","","","","","","","","","","","","","","","","","","","","","","","","","","","","","","","","","","","","","","","","",
"IDA & IBRD total","IBT","GDP deflator (base year varies by country)","NY.GDP.DEFL.ZS","","","","","","","","","","","","","","","","","","","","","","","","","","","","","","","","","","","","","","","","","","","","","","","","","","","","","","","","","","","","","","","","","",
"IDA total","IDA","GDP deflator (base year varies by country)","NY.GDP.DEFL.ZS","","","","","","","","","","","","","","","","","","","","","","","","","","","","","","","","","","","","","","","","","","","","","","","","","","","","","","","","","","","","","","","","","",
"IDA blend","IDB","GDP deflator (base year varies by country)","NY.GDP.DEFL.ZS","","","","","","","","","","","","","","","","","","","","","","","","","","","","","","","","","","","","","","","","","","","","","","","","","","","","","","","","","","","","","","","","","",
"Indonesia","IDN","GDP deflator (base year varies by country)","NY.GDP.DEFL.ZS","0.0708547760546809","0.0807291086362127","0.225126633771059","0.553453761938258","1.18843767925248","3.90780818854734","0.0506517849189261","0.134086337364184","0.298976069538817","0.362817033377211","0.414529605925089","0.425824447909632","0.494466663476374","0.676818450647344","0.997024620928776","1.12133423262415","1.28344321942876","1.45044950565574","1.62544476712808","2.13237529236495","2.75386672837658","3.03340388176479","3.27457477567236","3.88406156643148","4.28885184771318","4.55439026378307","4.65703581281884","5.40233924201443","5.81448960934635","6.365995671971","6.94491611613677","7.55377961262717","8.10436375062568","9.65655836005878","10.4075076511618","11.4359822542547","12.4282263701671","13.9906254740409","24.5215327870706","27.9940751037648","33.7181515317644","38.5384025251203","40.810646659729","43.050101975901","46.7311986827993","53.4286145799458","60.9553302758353","67.8180340037077","80.1268384776595","86.7571359930573","100","107.465943033675","111.500084236182","117.03716759416","123.407704913933","128.319631030817","131.449249420225","137.091942591614","142.326556547384","144.601630186014","144.020835663022","152.667808069412","167.273059180925","169.837478413828","",
"IDA only","IDX","GDP deflator (base year varies by country)","NY.GDP.DEFL.ZS","","","","","","","","","","","","","","","","","","","","","","","","","","","","","","","","","","","","","","","","","","","","","","","","","","","","","","","","","","","","","","","","","",
"Isle of Man","IMN","GDP deflator (base year varies by country)","NY.GDP.DEFL.ZS","","","","","","","","","","","","","","","","","","","","","","","","","24.4283626161985","25.7284684273616","26.2871715597261","27.6989966326104","28.9280526602356","31.0915449168172","33.9051306451481","36.2413475577092","37.5976638632552","38.4084074279095","39.3845139329349","40.5345543686819","41.5761776028458","42.6755467863359","43.6942610668595","44.6965936061259","46.1736713975886","47.9937424541103","49.1854680314359","50.7430848189899","53.5080080309295","55.0579739185866","57.018732421793","63.6460744753254","87.6615864680252","93.7679900223862","98.6502903273081","103.4395246979","99.6291392529282","101.159106260071","100.630998674075","100","102.236786066234","106.326254541559","107.708482226327","109.647238595238","109.421581917938","116.550307048154","","","",
"India","IND","GDP deflator (base year varies by country)","NY.GDP.DEFL.ZS","2.39243101753367","2.44375889402146","2.55142154468239","2.76455770429752","3.00097374868361","3.25006565565076","3.68137233177277","3.99856690803345","4.09514763676863","4.23206334245094","4.29817847621697","4.52704964853967","5.01776384417196","5.9124168693826","6.89786988136044","6.78414597320464","7.18996404281497","7.59527880521139","7.78214410681679","9.0061230943805","10.0425766323967","11.1299448501221","12.0310099483629","13.0600053379781","14.094779970897","15.1087282008818","16.1345202618799","17.6395310973402","19.0917082058962","20.7024391370735","22.9110382485959","26.061722746019","28.3981958982932","31.1987643124506","34.3124149581869","37.4220469518209","40.2567738527222","42.8639117277058","46.2973828646763","47.7179696877321","49.4572754437583","51.047631514634","52.9444000776795","54.9921825701831","58.1407122653851","61.4093268655269","66.5682864752233","71.1910667115851","77.7363517617385","83.2092750021032","91.9679089631846","99.9999988608487","107.934386248394","114.611751371927","118.430336326026","121.130060189769","125.052221196612","130.015866407506","135.065995050452","138.315030740154","144.974702950823","157.087205592193","167.68668534159","169.923710666797","",
"Not classified","INX","GDP deflator (base year varies by country)","NY.GDP.DEFL.ZS","","","","","","","","","","","","","","","","","","","","","","","","","","","","","","","","","","","","","","","","","","","","","","","","","","","","","","","","","","","","","","","","","",
"Ireland","IRL","GDP deflator (base year varies by country)","NY.GDP.DEFL.ZS","4.16630370920723","4.27145796911776","4.47991552649813","4.59959355414541","5.04395929182278","5.26861177427398","5.50265346168672","5.68104344948916","5.92172819716599","6.46127999259837","7.0898847775339","7.83710139781886","8.88610682780735","10.2432447411694","10.8668141441679","13.0546671648684","15.7991401041424","17.8954649893379","19.7792213083315","22.4842396080487","25.790501023377","30.2890222047869","34.8875499233725","38.6236137918058","41.0875189332348","43.2184530602938","46.0491307520348","47.0610184550107","48.5887668261414","51.2717237381605","50.8978582334314","51.8147310523962","53.2718746108998","56.0290952396153","56.9785253115486","58.7072511641907","60.0529703600295","62.4126099990462","66.5023689751225","69.4126420716259","74.1847267596339","79.2735661229353","83.3854085317372","86.6472205976096","87.0937466436208","89.7703208200041","92.8403731684464","93.9530551849385","93.4790370858197","89.1560063866986","86.6076574160376","88.2224897638854","90.3708405851225","91.5812802263979","91.8202393387635","100","100.119373685791","101.621101435158","102.560422973656","106.038960255681","103.9984107751","105.140420497368","112.250936401059","116.316521116123","",
"Iran, Islamic Rep.","IRN","GDP deflator (base year varies by country)","NY.GDP.DEFL.ZS","0.0195219668634586","0.0186438233328301","0.0183178573386297","0.0179697992756189","0.0180824147954789","0.0177980379586269","0.0174883896084376","0.0174915997254346","0.017450111266081","0.0170680214854474","0.0173340745209687","0.0190725107633146","0.0208080035228914","0.0278038415568977","0.0440218099045255","0.0498827521309273","0.0573692738831255","0.0699261567930468","0.0775199608474063","0.102117409456435","0.138094714113944","0.174377494337515","0.187234249437182","0.216130092268967","0.254490261546617","0.264808539038852","0.297209302751157","0.361208627262876","0.433740400813657","0.508170287782782","0.624018869160643","0.783874489298374","1.01387527783435","1.51976674818364","2.03544619868159","2.80764348852011","3.61718946519002","4.17886977405886","4.5709111589137","6.02024868231016","7.5210521601129","8.6345754420687","11.0764069630026","12.5314474909102","15.6277479119468","18.7792694999584","21.5177739440987","26.4537493121615","31.5915914416195","33.0443361172181","38.2926444296733","51.0860381659958","60.7688266541613","83.1169466460635","91.2281372468209","91.4078582086775","100","113.035331167158","148.801048621927","194.237249763401","280.216336581802","438.033209600648","659.613395273288","860.750232158236","",
"Iraq","IRQ","GDP deflator (base year varies by country)","NY.GDP.DEFL.ZS","0.00711610859132407","0.0072113998113637","0.00735673652609043","0.00726841478366547","0.00748837692424865","0.00739159662819869","0.00762856123588792","0.00844004583809038","0.00801718398657905","0.00806326432667481","0.0084142557271722","0.00931037690754845","0.0089954907810796","0.00978296637250667","0.0184245103665007","0.0191401905441223","0.0215491488610725","0.0236287336640889","0.0241785621476447","0.0318351896596948","0.0360379923911332","0.0261194036754439","0.0282962523406085","0.0323119700867904","0.0378144885873089","0.0384531935988309","0.0358647098116609","0.0394132213541858","0.0435245130066944","0.0471812638232526","0.0819280900629359","0.17297184201039","0.353728743105855","0.758633799508656","3.76614659358707","14.8901259282594","13.0222880651433","24.9375250957537","20.9598816300967","35.8730669830527","44.7503484617564","36.1802961548471","39.1354553075276","44.558109719007","52.2708248233646","71.0116871289066","87.3827645065205","100","130.17540867057","104.763606124508","122.140473872968","152.296269738679","156.36222891926","156.34450859884","148.829595538653","106.026002368229","94.2526938452678","108.061052604278","127.732478082883","124.316349550327","110.367810989078","153.300705318395","194.682442863795","159.270849834249","",
"Iceland","ISL","GDP deflator (base year varies by country)","NY.GDP.DEFL.ZS","0.0291819470439766","0.0330546385568424","0.0367391545902655","0.0397620199431982","0.0462106768671697","0.0519371219169874","0.0573514724053962","0.0589320541896608","0.0670300356396106","0.0810099183138494","0.0943279560103093","0.10616924224774","0.125634814564548","0.165155032134373","0.227405101612368","0.322613365450583","0.428226811489159","0.568282452317658","0.831106281280726","1.17100696180569","1.78550222968136","2.66370875160073","4.09269214877617","7.25655056253171","9.20716649915293","12.1612438837555","15.1512346830251","18.1733740549728","22.3778373457461","27.4952936742005","31.6667565153674","34.315789028683","35.4994399471249","36.1497355653998","37.0908494833073","38.2026734986843","39.1498290642595","40.2280547115328","42.1246485631958","43.5985450998144","45.3532964398795","49.3007338817342","52.1957409347527","52.4524725951185","53.8555832311972","55.506720610748","60.2895596081403","62.9019940283818","70.5353280648314","78.1564646618537","83.1341361514238","85.7085256579295","88.6576534330065","90.5412223733281","94.2911246704179","100","102.260860866933","103.21903782808","105.935362569502","110.656664173755","115.100512004086","122.434746722704","133.313312186273","140.911493918825","",
"Israel","ISR","GDP deflator (base year varies by country)","NY.GDP.DEFL.ZS","0.000851934771476041","0.000925280764556825","0.00100772367936869","0.00108523283463849","0.00114430295041581","0.00112933701948629","0.00122793743442844","0.00120720759710536","0.00119031520733608","0.00120931576455543","0.00132538884002567","0.00151699177634441","0.00176860340431976","0.00216195080336677","0.00292932806467551","0.00400064859010868","0.00525560070220974","0.0074397364132471","0.0116165892518666","0.0205455608535092","0.0463028788493694","0.104006468117998","0.236348357184955","0.590684416009976","2.86346348582563","10.438375276516","15.6742570979892","18.8371454340215","22.4473272635766","26.6456209054613","30.8908189567447","37.1090695329906","41.5837286537324","46.1954669680395","51.9874222361251","56.70228583578","61.9207979394103","66.9578856560474","71.5455391207062","75.9391863535109","77.412353357916","78.7762794092445","82.5376157543046","82.1055585164454","82.2398752839627","83.0823777864324","84.3027939651938","85.0154358953688","86.1390755862366","89.9415203067888","91.0418245515067","92.3774078980923","95.4530863191832","97.0794974038766","97.7187438251424","100","100.378235722738","100.418661309504","101.074914182278","102.997020835382","103.997415416208","106.150372111424","111.166824279568","115.909300431857","",
"Italy","ITA","GDP deflator (base year varies by country)","NY.GDP.DEFL.ZS","3.07504792384498","3.16060064278634","3.34371730774979","3.62652423310064","3.86187869060989","4.02396329157917","4.11379409864702","4.22796253883536","4.30129448283028","4.47555354281899","4.7828018565942","5.12615153117751","5.41490619899497","6.10469119710972","7.34067016889507","8.5873427461571","10.0862012441365","11.9498445437523","13.6162472983165","15.7200973636524","18.9923605084309","22.5604982268684","26.5178239577384","30.5211507275712","33.805789672391","36.9073500399125","39.6711266332012","42.0550768735372","44.8519087447826","47.6315555549233","51.8774625637221","55.8104635161207","58.2483290869142","60.5118310846105","62.6554467040325","65.7413806495874","68.6161121374216","70.3618093025957","72.0283546699887","73.0924304492046","74.3759545856172","76.6548187662565","79.1882664055583","81.6963681112225","83.8447868985517","85.5922837094538","87.4889158018501","89.6470442130476","91.8026924952043","93.4299276954844","93.9884888746792","95.6133465825048","97.2410489256814","98.335773084625","99.2233033239242","100","101.248171819512","101.96685333569","103.058491635675","104.137521157959","105.780189306805","107.137689654704","110.951964329247","117.407986125245","",
"Jamaica","JAM","GDP deflator (base year varies by country)","NY.GDP.DEFL.ZS","","","","","","","0.185050652430007","0.19290009604861","0.198175551333199","0.206311966923881","0.217093677275038","0.232121846295898","0.220734382803828","0.279115407321183","0.365881666314586","0.441775409905736","0.490950005533084","0.552252460980417","0.699014127401321","0.809017586273893","0.956970809703504","1.03663234115019","1.12282612708904","1.31326413941012","1.78497805598933","2.29421170367691","2.9104627124884","3.22545029213453","3.61429692458137","4.06135730895546","5.08145272455717","7.3092778442998","11.6974564398186","17.874462038247","23.4347150101895","29.3371820908439","34.8737267288784","38.2246382301587","42.2669214160816","45.1901274047538","49.9744424587711","53.8761317875935","58.7701579385806","65.6016334860953","74.0370848239623","82.528208449911","89.8304635574266","100","113.54680952549","126.782399032694","139.220050529692","147.289507049276","156.969231485917","170.179472645365","181.972818018095","194.083851185896","203.136138905103","216.441205293203","227.24863662095","234.48083151398","242.603697820884","260.619353108335","293.972897686366","328.328196750582","",
"Jordan","JOR","GDP deflator (base year varies by country)","NY.GDP.DEFL.ZS","","","","","","","","","","","","","","","","","13.7533797263638","15.4579507225863","15.527304771982","15.8788944053183","16.9328767083181","17.9697419924454","19.125577622145","21.1777799593812","21.7054380139382","23.0207810265542","24.808184745986","24.7448486419576","25.0590958773512","28.9776665271139","33.0783744216455","34.8762690664307","37.2264696366606","38.3317157843994","40.9619354918283","41.7339006589764","42.5880127334308","43.1184717718457","45.7074784443465","45.5368941913701","45.3484308397422","45.6993866097731","46.1218818860151","47.1122400385152","48.5704013226584","49.5449539441918","54.8212198083445","57.5890984477029","71.194341219471","73.4452190059413","79.3777243265877","84.0693534211354","87.9422731948887","93.3451156998103","96.5611569660712","98.656294713497","100","101.783550109713","104.097137844424","104.976087916437","104.232239985791","106.529107885599","109.315986247471","111.27314095268","",
"Japan","JPN","GDP deflator (base year varies by country)","NY.GDP.DEFL.ZS","23.6809243396708","25.5246542376496","26.5965818917353","28.0621783076698","29.5575292542075","31.0758573488617","32.6205975539988","34.413226634741","36.1059661693425","37.7066876058138","44.2663062378534","46.5200596779331","49.1272399601252","55.3690504196141","66.8913777311394","71.692466803446","77.4335181636104","82.6595888721684","86.4650365477354","88.8442353233732","93.6755705330753","96.3525018955415","98.0478463804216","98.9506224989813","100.365226427135","101.630451145349","103.268761315842","103.099621873241","103.728312318213","105.874492847075","108.589542723802","111.743603076394","113.617844550907","114.218213333055","114.43158281177","113.832580411364","113.325142778398","113.896823716435","113.866435762513","112.453294827403","110.950626328749","109.74694534231","108.22038880159","106.480525598542","105.282868424224","104.025772360633","103.129051073348","102.401740095055","101.468317218358","100.890389273876","98.9929013993449","97.3871570967524","96.6508195026135","96.3083131084904","97.9323551711804","100","100.419944376057","100.345282645769","100.345044319313","100.982037837271","101.932732930346","101.7389989412","102.078786724951","105.950653311074","",
"Kazakhstan","KAZ","GDP deflator (base year varies by country)","NY.GDP.DEFL.ZS","","","","","","","","","","","","","","","","","","","","","","","","","","","","","","","0.00138850772086452","0.00272642510920003","0.0428653014934522","0.575878889509973","9.48315210115325","24.7404697245697","34.3644211913505","39.9093714038407","42.1693771363819","47.7695297190063","56.0940403254069","61.7911937451347","65.3770751902319","73.051379275201","84.8357552944261","100","121.551708909558","140.425161015999","169.825328511078","177.791979148786","212.536595121202","256.197899155929","268.4584284735","293.959513236385","310.924620851142","316.594486390017","359.773015253436","400.107548107105","436.93987255277","470.292743709789","490.096104707737","558.366859935947","668.750440660249","734.673313327546","",
"Kenya","KEN","GDP deflator (base year varies by country)","NY.GDP.DEFL.ZS","0.891276950270932","0.968480934056855","0.968658244867077","0.950473462264066","0.976048137369657","0.956019885329979","0.972404047691506","0.995749612929604","1.01246666418538","1.01064557408121","1.1654326249011","1.05798955082352","1.07074092601488","1.17999763277938","1.36937866490822","1.53144611739115","1.82098395233288","2.12872697378221","2.1943129570809","2.31804245437108","2.53943219951323","2.81503873829274","3.141373617149","3.51325060358557","3.8712761346337","4.19281591793635","4.55808245139073","4.80430788135658","5.11445594737657","5.61408762823004","6.2112692864993","6.98966318675276","8.31051620075823","10.4461928447269","12.2237603486621","13.5953971570234","19.3039377312512","21.5113847713814","23.0024254695399","23.9671331735388","25.4242985577041","25.8242533586918","26.0652467258036","27.6805917119225","29.6533436247326","31.1062535927873","38.4255965125675","41.5493998462851","47.8446221135969","61.0960592465264","62.0975456346528","68.3476716551131","74.85640143407","80.3490364751316","86.4837110425477","94.473642463645","100","107.581934028202","112.116543116457","116.909787955755","122.695481308957","128.009112870216","136.914776561639","145.277260148577","",
"Kyrgyz Republic","KGZ","GDP deflator (base year varies by country)","NY.GDP.DEFL.ZS","","","","","","","","","","","","","","","","","","","","","","","","","","","","0.00865306404154136","0.0084906195103778","0.00908377679524968","0.00980827147362363","0.023027033283006","0.214177412357424","1.82999168690213","5.13998786808568","7.30038075547737","9.88054760273067","11.7884367254624","12.8585328099724","17.6900545659648","22.4949808476032","24.1445319791647","24.6335301211164","25.6126051544835","26.9210749772269","28.840176723257","31.5487358924164","36.2421000624472","44.293640812359","46.0810238104913","50.7047492907868","62.1041110370103","67.4800396396702","69.6226578525059","75.4815614654782","78.0685315885704","82.7921182674162","88.0304963529517","91.0652993999675","100","105.340185535087","122.187028540063","146.205680047254","165.820256005497","",
"Cambodia","KHM","GDP deflator (base year varies by country)","NY.GDP.DEFL.ZS","","","","","","","","","","","","","","","","0.055151566966454","0.0544905744046905","0.0629919065536516","0.0620074058361013","0.0705032180100411","0.0747397718443026","0.0756507833132941","0.0729826021615556","0.0878062982199773","0.14517638639479","0.131617706294057","0.33863970501159","0.608168626599663","1.07415785663532","1.27844546656754","3.14024383855109","6.51412328108472","11.4271887442024","23.6999894556691","37.9117576673505","40.9462830532562","42.1879799028549","44.7214000880795","49.353525243175","49.9761457673281","48.360997888482","51.4549806520302","52.4805184899949","54.1979902671041","58.2643556071954","62.9352368677738","67.2131246418006","72.99362101089","81.598424408484","82.211341704089","87.3618813323056","91.6869647261396","94.1060666890341","96.8060123226323","100","103.069359341416","104.697932320827","106.871992310173","110.950848404298","114.049214543649","113.109128078089","116.101694776364","120.182698177468","121.46035572153","",
"Kiribati","KIR","GDP deflator (base year varies by country)","NY.GDP.DEFL.ZS","","","","","","","","","","","8.90667677926125","9.54024274813204","10.038977811287","11.6708422294157","13.1868451913135","14.434451212676","15.7583948802686","17.1603169004025","19.1948474103678","20.9558660349797","20.0067455776316","19.8687910999085","21.1281769634122","24.9641198090861","24.9591751002866","27.4599190971635","29.2636345422314","31.3598986301729","29.8253183917039","31.2604979049995","32.8290300894161","39.3662374823634","50.2158839022416","52.0483744494461","53.9587244019602","52.9850852279609","59.6304152603187","61.188437322732","64.6410508428905","67.619196824295","68.2949901786644","68.5156781680761","74.0049582419932","80.9915968692537","77.8278822575173","80.9673259459764","76.5655215322296","82.1660713526935","89.9741353451675","91.7722341012236","90.9846907618852","92.8031344427538","92.3001131530564","89.5502655966209","94.031637927759","96.9835233742835","98.6483727435971","99.5530152397786","103.397888668174","100","104.458032628643","114.351901886627","111.564622347931","115.322616290053","",
"St. Kitts and Nevis","KNA","GDP deflator (base year varies by country)","NY.GDP.DEFL.ZS","","","","","","","","","","","","","","","","","","27.2785068797966","29.1648457302683","32.2637639365569","34.6161769387793","40.2781107648046","42.6008804108584","42.5181720956369","44.3288154783709","45.9742610402957","48.8231794218981","51.8044282838777","55.4363980073476","58.5901395432719","63.0447632865818","65.2130106231519","68.6675489454668","70.0346170488966","74.4272706047163","75.0104130664043","75.4948422533324","79.2055305607374","81.4234292420507","83.6870178330243","78.8738645031551","81.5029054062957","84.3359633957702","85.7438603612746","89.035695466344","87.5899643106985","100","106.324377131692","107.765620028125","111.073682868255","111.77183562809","118.097734251979","117.337844746259","117.706173233371","119.119773131673","118.93366957194","120.362449745851","126.080291229109","125.892431762861","125.986530369846","118.754727120736","114.804983855952","118.731433231323","124.839770638386","",
"Korea, Rep.","KOR","GDP deflator (base year varies by country)","NY.GDP.DEFL.ZS","0.859646165647865","0.970520870863143","1.13291203908686","1.47256373772745","1.91898097103498","2.00979029431317","2.30114550034428","2.59935570172314","2.9601846508944","3.37731716437844","3.87863422590277","4.31333533233885","4.99399695283922","5.62929150345968","7.35159405436925","9.09261817661253","11.0236112518099","12.6169526507459","15.3719561791237","18.2211052902686","22.7127892835927","26.479883311049","28.1900324679479","29.5488725394241","30.8553169085832","32.0850356457113","33.6787571544525","35.3058142213346","37.8207562664274","40.1146327300881","44.1611825626963","48.197970955726","51.9467918447103","55.1958157968519","59.6992195851528","63.8928280728596","66.5192544328019","69.1822102749282","72.2787528583737","71.3898431760974","72.1192796111431","74.6279481373552","76.8915180195151","79.5442703645501","82.0323199172994","82.8866057205524","82.7016064532816","84.7023203624524","87.0962639919295","90.2392582062032","92.7095550455693","93.897965276328","95.073387676775","96.0417517772105","96.9127513033126","100","101.986038505453","104.252965181111","104.756453816308","103.877206387507","105.501582937275","108.416519870982","109.799397055981","112.065737820634","",
"Kuwait","KWT","GDP deflator (base year varies by country)","NY.GDP.DEFL.ZS","","","","","","","","","","","5.35898017058194","6.74049736304468","6.87335966846035","8.06071248686214","22.0214648179628","22.9564677755036","23.7119898047789","26.0198450795405","25.5115401807373","35.9262266147945","50.4531346134409","56.1589317486092","56.5895127795227","51.3400771841045","51.5185790379603","54.0260102936735","40.1406584879367","44.4688193210557","45.7892498381055","45.0008197801674","45.3236621963922","45.3086842771984","46.1396485472592","42.7315799593901","40.2230328017538","42.1740534031661","48.7153492052172","46.4182476253661","38.4546808607053","45.4108855137532","54.729975828615","50.5055272871452","53.1056982093437","55.7188438511738","62.054782873621","75.5647369685323","87.7883630037416","91.5697257736769","108.659331256308","90.0062864681559","100","117.227537244424","126.004658440589","126.285678787319","117.751339271728","87.1850563153032","81.2234804628267","94.4067611015101","105.073941632366","104.957891562362","87.6832080629479","112.915878224539","134.177138289216","124.306115120701","",
"Latin America & Caribbean (excluding high income)","LAC","GDP deflator (base year varies by country)","NY.GDP.DEFL.ZS","","","","","","","","","","","","","","","","","","","","","","","","","","","","","","","","","","","","","","","","","","","","","","","","","","","","","","","","","","","","","","","","","",
"Lao PDR","LAO","GDP deflator (base year varies by country)","NY.GDP.DEFL.ZS","","","","","","","","","","","","","","","","","","","","","","","","","0.413283724215016","0.681152279732858","1.02932639221902","1.17783468805429","1.48229492760785","2.30150776688715","3.17394907934362","3.5856661488824","3.80058529373288","4.22558875979034","4.5509842580421","5.44686209392062","6.19445547758288","7.39325709344034","13.6408889953924","31.0976756945999","38.8092078441139","42.2508370383427","44.9204412793833","50.9622809883972","56.4103672217018","61.2844048623456","67.906246843711","72.9573076990001","79.4238426536944","77.095077185272","84.185180781994","92.9982896185993","100","106.473972083433","112.571267107947","115.214998820847","118.697149153009","120.895535208122","123.216595524512","124.692020514079","130.969645430961","135.833135590319","157.25938094331","195.664826956025","",
"Lebanon","LBN","GDP deflator (base year varies by country)","NY.GDP.DEFL.ZS","","","","","","","","","","","","","","","","","","","","","","","","","","","","","7.77260814407649","13.446336590847","15.530767302578","22.9320569418753","45.2756360039794","56.478194685758","60.9251279361509","67.4313257404251","68.603356178359","76.5248260157172","79.599530977086","80.2465561351339","78.5710215667211","77.3726944169649","81.1803501078928","82.464016414526","81.4458648434637","80.5807411199835","81.2904459944069","83.8372136612719","90.1529089854653","99.4247218746476","100","102.96508062084","110.673099969758","113.526751724773","113.64627112602","117.437265765136","118.460491027314","121.716420650649","128.438194280971","133.69751120119","248.065092840466","620.164510241019","1315.6757774119","","",
"Liberia","LBR","GDP deflator (base year varies by country)","NY.GDP.DEFL.ZS","6.39338878822392","6.02570327227901","6.20246802169582","6.329029226312","6.58104613790365","6.57636206233666","6.51083092456089","6.51267909118675","6.59242253081202","6.81361736694421","6.72380924532379","6.77530514552586","7.01176191659846","7.54134614145011","9.05930778559138","11.1308055288887","10.9195123663029","12.1239588432848","12.3270397593382","13.5488455397826","14.833211642356","15.011718561256","15.7026497966071","15.2548332623835","16.0583287118735","16.2486866141519","16.3255254412156","19.0758960043997","20.7847055865451","21.464384040281","21.4284668903356","22.616600272647","22.3761353260608","23.9594947115838","25.2399754626199","26.8832697714184","28.352591691908","25.5148300314809","23.8138330423821","24.0323850804038","36.9647538534381","37.2309095942698","36.7123842119322","42.407022602943","49.5561164180905","49.7989465922303","54.348021416326","60.8793748570576","71.4275457143535","69.4826856850105","74.007400740074","82.0915587215161","88.4923665731303","92.6650543310891","93.422981572921","93.4815703249238","100","97.3820658470061","97.177687381259","96.6330777388255","95.2989596413853","100.401529008288","109.102534890314","110.445428497004","",
"Libya","LBY","GDP deflator (base year varies by country)","NY.GDP.DEFL.ZS","2.27170843899851","2.28465466428716","2.40676040475571","2.56660155871379","2.65954972278471","2.7926004294047","3.01682896027073","3.20191690106978","3.37749326186196","3.39796880846909","3.40075515681945","4.0946350135088","4.14823987002514","5.08243231030372","7.19059861099094","6.72846065630103","7.10813045430954","7.66917330208511","7.32721083967951","9.2766237966045","12.3566639235549","13.581205615456","12.26111965839","12.3635270526492","11.5593947031129","11.4146048240658","10.5199302657299","12.7192215999956","10.4583460557517","10.568980537749","11.0659883171231","10.4985981466562","11.4641658448598","11.6515066523049","12.208137074036","13.3785167264811","14.9387113793239","16.4939072778327","15.4007999196267","20.0177071411605","22.6814358661052","24.3110686033856","30.935179073681","35.37826436045","43.3756421879722","55.7674142602569","66.742169823764","68.3702690828515","84.580430172675","63.5645042257867","75.8188159949693","94.2752033664177","99.9146805140392","100","98.9933959833476","92.023560753594","96.3415954708641","98.0821642215649","101.610742554939","105.85367453351","100.821259781514","191.969331079449","273.934672176454","259.302533959356","",
"St. Lucia","LCA","GDP deflator (base year varies by country)","NY.GDP.DEFL.ZS","","","","","","","","","","","","","","","","","","","","","30.3963746862412","32.6323318379115","30.1388281002933","30.8593444456417","36.7184616908737","38.3527521132655","40.0723031812489","42.5916874290047","42.7781932990872","44.464049112176","48.1911222389746","50.8331139359365","51.720245193747","52.2396972030064","53.586809602645","56.3010587058792","56.5611520587888","58.1865508953964","59.6006224931542","60.9908262348082","61.6713826415386","61.1088528445829","61.3604443809236","64.5662314153514","65.0234473873951","69.5080732742955","73.1055425037206","75.7306894907834","77.6487763439825","77.8960384147039","82.1201999228541","83.2800696983344","84.9568045613123","90.0590669827621","93.463418495577","96.4888695583409","96.4351250095573","99.7688823148747","100","102.387071087303","96.8560832635483","108.08481444161","112.646032198319","114.324046486505","",
"Latin America & Caribbean","LCN","GDP deflator (base year varies by country)","NY.GDP.DEFL.ZS","","","","","","","","","","","","","","","","","","","","","","","","","","","","","","","","","","","","","","","","","","","","","","","","","","","","","","","","","","","","","","","","","",
"Least developed countries: UN classification","LDC","GDP deflator (base year varies by country)","NY.GDP.DEFL.ZS","","","","","","","","","","","","","","","","","","","","","","","","","","","","","","","","","","","","","","","","","","","","","","","","","","","","","","","","","","","","","","","","","",
"Low income","LIC","GDP deflator (base year varies by country)","NY.GDP.DEFL.ZS","","","","","","","","","","","","","","","","","","","","","","","","","","","","","","","","","","","","","","","","","","","","","","","","","","","","","","","","","","","","","","","","","",
"Liechtenstein","LIE","GDP deflator (base year varies by country)","NY.GDP.DEFL.ZS","","","","","","","","","","","34.2821731037958","37.1082943846985","40.1674004572505","43.4786849234732","47.0629403558952","50.9426678360359","52.0789058981392","53.240493504568","54.4279781549515","55.6419624146343","56.8830161057251","60.8720564974865","65.2407609034868","67.3399832836082","69.3274804111858","71.3069194731726","73.9440096591762","75.8070590677798","77.7062625915171","80.1492107223382","84.4792272686593","89.438267615526","93.0368647428287","96.1088345879642","96.9280286347238","98.6688111610833","99.4733767305036","99.9853724524312","100","100.819192785902","102.384432860558","103.39379587067","104.066704808316","104.724985295248","105.573434317459","106.830357705973","108.23505049088","115.358797732172","112.917006318363","101.737474473782","","","","","","","","","","","","","","","",
"Sri Lanka","LKA","GDP deflator (base year varies by country)","NY.GDP.DEFL.ZS","","0.774892109055392","0.756708433133098","0.781762822050066","0.794260946013976","0.803534313567069","0.7890422156626","0.803551720115369","0.900768408764585","0.912464753249231","1.02660013678552","1.04198325421561","1.13541643409303","1.28016607107804","1.59225446275313","1.67744476839715","1.84477949834915","2.1157975969804","2.34679796249323","2.70814139284671","3.24916066474329","3.92775766034758","4.40305798564172","5.14747552607626","6.19243961308435","6.22859761225264","6.59716148028371","7.10853989787493","7.82771329860573","8.68274673182124","10.4247901112276","11.5323222274821","12.6167879180823","13.8638809852412","15.2184632362585","16.6343037757307","18.4337122338253","20.0788231344284","21.9289180494472","22.8417533752143","24.5040460356816","27.8524749581705","30.1117480328011","32.7461238124301","35.6282714311543","39.340283677903","43.7766990528957","49.9178882500771","58.067989863923","61.4823195169283","78.0425061490424","81.1485427512275","89.6394776567337","95.2445313415261","97.0738252513892","100","105.443221715261","111.213966113489","115.990946497472","120.480408108813","124.220489554562","134.184327036383","197.873229184121","232.538962432653","",
"Lower middle income","LMC","GDP deflator (base year varies by country)","NY.GDP.DEFL.ZS","","","","","","","","","","","","","","","","","","","","","","","","","","","","","","","","","","","","","","","","","","","","","","","","","","","","","","","","","","","","","","","","","",
"Low & middle income","LMY","GDP deflator (base year varies by country)","NY.GDP.DEFL.ZS","","","","","","","","","","","","","","","","","","","","","","","","","","","","","","","","","","","","","","","","","","","","","","","","","","","","","","","","","","","","","","","","","",
"Lesotho","LSO","GDP deflator (base year varies by country)","NY.GDP.DEFL.ZS","1.38647690477808","1.40517932335626","1.42860983107803","1.45133418603248","1.48036792381254","1.53117912016342","1.58839931846029","1.49683579309506","1.55771781916081","1.64686915693261","1.67950714815533","1.78003398528097","2.02820849394681","2.1694735712996","2.38252334600748","2.97248787721749","3.10752643437267","3.33993503050293","3.89257551932448","3.98710225982882","5.64013495709555","6.34950125831691","6.04138257006764","6.73957559120792","7.285680030347","8.64866898364399","10.0543607090353","11.2343187145421","13.4902935940677","15.4921565612709","17.3502709324305","20.4433422558723","23.2929377315287","25.924567747288","27.9380346091757","31.5187180932967","33.4104854411037","36.4237573820675","40.0378077112551","43.2933829850503","46.0209606017592","51.3009706865712","58.5892649345646","60.0181474428751","65.7801252046712","69.676178877949","76.1637198671414","71.0741140882264","82.9575783242141","84.9029591431928","89.4343235824151","97.8647669238917","100.000223130414","110.280141711726","125.758127397218","138.589278414495","138.183972361313","140.97378272687","157.500236162913","163.131585395991","173.813777004366","179.243338858212","189.155593530781","188.459315884456","",
"Late-demographic dividend","LTE","GDP deflator (base year varies by country)","NY.GDP.DEFL.ZS","","","","","","","","","","","","","","","","","","","","","","","","","","","","","","","","","","","","","","","","","","","","","","","","","","","","","","","","","","","","","","","","","",
"Lithuania","LTU","GDP deflator (base year varies by country)","NY.GDP.DEFL.ZS","","","","","","","","","","","","","","","","","","","","","","","","","","","","","","","0.156418152708781","0.51357832870244","5.35306065761864","21.7438350329521","35.1457029869252","48.5171465840104","57.7351339077568","64.3010550664236","66.4314816236119","65.5793287571444","66.4526330828658","66.2424855676122","66.4512521414469","65.9114405269198","67.9686320136974","72.3003766093923","76.9891065628742","83.8504562149039","91.9974345618341","89.1551429875791","91.0467673145028","96.1656699516566","98.5747942122163","99.3967368915061","100.002254917891","100","100.987474343866","105.123710722635","108.9008158542","111.48814722606","113.761107411083","120.586507506278","139.960591368905","152.587494162135","",
"Luxembourg","LUX","GDP deflator (base year varies by country)","NY.GDP.DEFL.ZS","11.1609932381197","10.7526559597415","11.1714361757371","11.5228843061762","12.195166729962","12.5363186397507","13.0293718312307","13.0855241484051","13.7419794578874","14.4693443273253","16.6437645387369","16.5082497555605","17.4638792694592","19.5948695589266","22.922216487335","22.7261630092928","25.5023215686226","25.8012592821132","27.1248617346032","28.8484873862156","31.1336778633574","33.3697061734538","36.9774295535454","39.4988050715442","41.2397117456294","42.5150446899689","42.4794267949865","42.5062052421263","43.6863587059268","45.4429796000658","46.5851409800993","47.4343143049531","49.2031738347002","52.1419635136399","53.9890286071169","55.2480904268949","57.3384338795562","58.8404392023234","57.6444799384787","60.3910202778131","63.1741241553948","63.6732466838096","64.6056847881087","66.0179499298584","68.0759450409665","71.3553860640164","75.9611444865529","77.3986943640191","82.5147212855659","83.2331669824209","87.1021928832616","90.1067496489273","93.0496156548148","95.1674476991811","97.8289978034843","100","98.8923830735954","101.011551903111","103.144248298603","104.073305754166","108.549514045937","113.590436590078","120.046402024498","124.164023100098","",
"Latvia","LVA","GDP deflator (base year varies by country)","NY.GDP.DEFL.ZS","","","","","","","","","","","","","","","","","","","","","","","","","","","","","","","0.512968595359654","1.34697725053632","13.9074677509153","21.3748887219419","29.1236674704609","37.6635164482584","42.5462927204443","45.009455149933","47.1110599224476","47.7355578583527","49.5375335903857","50.8370028444862","52.4937822321375","54.4074403487781","58.1751517832445","64.2517440365967","70.8223746417169","84.668492797383","95.1457086404131","89.6923137770063","89.2583278150216","93.4607045052952","96.151033883285","97.9784120059538","99.6146018745226","100","100.607930746359","103.333640349942","107.198608560881","111.825707120665","114.502063845912","118.277973698975","129.91172582521","138.235061655925","",
"Macao SAR, China","MAC","GDP deflator (base year varies by country)","NY.GDP.DEFL.ZS","","","","","","","","","","","","","","","","","","","","","","","13.9064302332401","15.027987561084","17.1718330165804","17.720345461347","18.7152243174439","20.9149716572191","22.7669734758511","25.605173571437","28.4068595365886","31.7168655679737","36.3917554500785","39.8620665294985","42.5541466554858","46.0369003690037","47.080427210369","47.8620974401321","46.9333010280018","46.3740373452441","45.56456005967","44.8904455485868","44.2902123267693","44.3124723662527","45.1694475892205","47.6844305427062","51.3773111674228","55.8791919481411","61.5077961156196","62.0752121238313","65.0489600663163","69.9215199939412","74.7607668459787","80.5417321972098","87.5735910851939","91.5266571503452","92.3154173284829","94.2991129310586","97.6399091817592","99.9867296147765","99.7290920643677","98.8524903909029","100","104.63616686121","",
"St. Martin (French part)","MAF","GDP deflator (base year varies by country)","NY.GDP.DEFL.ZS","","","","","","","","","","","","","","","","","","","","","","","","","","","","","","","","","","","","","","","","","","","","","","","","","","","","","","","99.9656357388316","","","","","104.715636654355","","107.485717362889","","","",
"Morocco","MAR","GDP deflator (base year varies by country)","NY.GDP.DEFL.ZS","","","","","","","13.3526548012026","12.8525924533823","12.5598129846544","12.9376315404286","13.3862695856906","13.930447877496","14.429745768344","15.3012148234422","18.9579352289403","19.1344935052059","20.0867395403516","22.2502755336071","24.1231286803612","25.8948781758481","34.4461778314702","37.7083951508309","40.0834028006736","42.8772953549392","45.536182230036","49.613330023699","53.3297402876674","54.9375297896001","56.954064863624","58.6171116289388","63.1273229978519","66.5338729470342","69.5863660799303","71.6983000873185","72.1681678920978","77.6084951818582","77.9464713055882","78.5025349175094","87.653709034991","87.5483877072063","86.0008835578071","86.5293786915819","87.3596794261719","88.1113293197704","88.9162661210402","89.7042610784796","91.000816672457","93.8869477258973","98.4220500737108","97.9766324441022","98.6110321654467","98.020505021415","98.5431233612304","99.7850253740952","100","103.172935309671","104.173592965433","104.110160608051","105.087944119287","105.946308180961","106.097194753971","108.659657975174","111.552027257583","118.647794688182","",
"Monaco","MCO","GDP deflator (base year varies by country)","NY.GDP.DEFL.ZS","","","","","","","","","","","14.644596750857","15.5206591821636","16.5833593739564","17.8714797424164","19.9025095335222","22.620567357616","25.0630139070229","27.2688595161714","29.76912706141","32.7751764103831","36.4668020297163","40.6390110828954","45.5108489690503","49.8422124308023","53.4696175389782","56.4247871314149","59.4034658480554","61.0536869320649","62.9311389721122","65.011070047788","66.7286185417914","68.4248193521912","69.8846288270092","70.969837132733","71.9242451679324","72.8649603051151","74.0340382314061","74.7842562095834","75.4579964162241","75.4936681716597","76.5495041967986","77.8116871157473","79.6629989660606","81.1616860998285","80.9658818486433","82.6130530432657","84.3866943866944","86.5442067016552","88.5894610298537","88.6948775538844","89.6434355302005","90.4932723272993","91.5444118606397","92.2569521342111","92.798353909465","93.8501429426235","94.3347210120373","94.8888925933952","95.9466919012696","97.106890459364","100","101.221730136473","104.482034356012","110.022613663413","",
"Moldova","MDA","GDP deflator (base year varies by country)","NY.GDP.DEFL.ZS","","","","","","","","","","","","","","","","","","","","","","","","","","","","","","","0.00613399023612624","0.0147109529207191","0.153733948091919","1.47654880602465","5.55833697307119","7.7114988906271","9.85930381457092","11.0920066368873","12.1415023754984","16.9715942995539","21.609719213745","24.2221724041347","26.6025826748542","30.5573152893989","32.9979546027467","36.0813310229373","40.9227749809975","47.4330626071976","51.8178929402901","52.9420260111899","70.5743318254155","76.3549332075587","82.0236929720917","85.2421806509617","89.626362638155","100.000000136295","103.550873972022","110.025357668709","113.55830725706","119.635620817469","126.305317924946","134.365780460824","160.235497783103","174.189430630234","",
"Madagascar","MDG","GDP deflator (base year varies by country)","NY.GDP.DEFL.ZS","0.482388577985987","0.491020708107906","0.507670868726465","0.526337209644799","0.535036053619902","0.558283628854761","0.590760497773852","0.594740597202302","0.600514644152075","0.62372061280809","0.666785794530318","0.690711191923339","0.71160061191168","0.796287316981328","0.977876141152172","1.02374876221584","1.12537726880221","1.22209115086467","1.3051306268114","1.45295654469205","2.14690178263732","2.80078049821725","3.6944147427658","4.41368132994097","4.84271193719398","5.35439531767797","6.13037165549971","7.07817815208551","8.94239736740263","9.74871441345248","10.9047857720947","11.8360744215166","13.5602691317911","14.9149286984545","20.7305771709968","30.8960476882499","37.0013589427097","38.6634501529925","41.0644386313676","44.016619824979","49.1094981028458","52.997469978327","61.7412710955507","60.6891968732856","69.1588609049904","81.8590728502709","90.6717236162302","100","107.48630027641","114.934197017474","126.678795096436","139.83589181664","147.479566185039","155.520598192639","165.989888424558","176.785400504255","192.625515108149","202.182706620469","218.959814091731","233.240571633661","243.295911192439","259.452568396586","277.440327878781","301.560089544115","",
"Maldives","MDV","GDP deflator (base year varies by country)","NY.GDP.DEFL.ZS","","","","","","","","","","","3.04100050817082","3.2116514867923","3.38200747225075","3.72636208117628","4.40037963901526","4.39713277667181","5.79039459360743","5.08322753138709","5.29762867309492","6.31899876653709","5.92134648862962","5.58724155542427","5.8561845321347","5.97529639411317","8.91219346618945","9.03010235230925","9.2797257085029","10.9464362853045","11.4425638587136","12.1136873751234","12.4173929240614","14.9325666908225","16.8204935409562","18.6966187836806","20.259721605088","20.4152469311736","21.3658480940436","22.2419363416526","21.9888268699048","22.5942466942214","23.0534550128897","34.7860100916074","34.9590827106931","36.0467880133638","39.7221042475371","42.4290589696862","46.4777750358508","51.4625228035321","57.4142471783539","64.5407468565588","66.6676085299707","75.0869261745327","80.2958659978472","85.713106595531","89.2986543469621","95.838395852663","96.0481633646191","98.1070353927204","101.327119354548","100","96.6346753834925","99.368143572154","102.759505012573","104.695755169716","",
"Middle East & North Africa","MEA","GDP deflator (base year varies by country)","NY.GDP.DEFL.ZS","","","","","","","","","","","","","","","","","","","","","","","","","","","","","","","","","","","","","","","","","","","","","","","","","","","","","","","","","","","","","","","","","",
"Mexico","MEX","GDP deflator (base year varies by country)","NY.GDP.DEFL.ZS","0.00568012431579304","0.00587427405134937","0.0060247008765655","0.00621819572389417","0.00657886373197756","0.00668113651415727","0.00701231959647115","0.0072346101487552","0.00730858647260254","0.00781798118028257","0.00802771267400074","0.00853816686648242","0.00909649601287963","0.010314277413484","0.0127002635657174","0.0146792944813731","0.0175217263747427","0.0228557316267482","0.0265131923172337","0.0317292116532156","0.0448667352569476","0.056117314821951","0.0903943983722071","0.170718753347584","0.271894592957225","0.432718929346681","0.73930469271405","1.78930468674271","3.58891552373685","4.57207741381545","5.85710148632517","7.24601104455081","8.31942682966718","11.8857673850182","12.8794920884853","17.8779237186309","22.6507526092554","26.6675671209169","30.8586567549413","35.5859194822988","39.392888526547","41.9427938166538","44.2506222745227","46.144401651712","49.8901472327311","52.8261737886289","56.0523497579466","59.4871212490956","63.2409856145566","66.5570155902349","69.467530188026","73.4060846718906","76.7403468150886","78.0479123747548","81.4573331162764","84.0846815017105","89.1950018656993","95.0529682857042","99.9999999917276","104.319010220043","109.138329544957","114.036428056835","121.445593742262","126.861962386401","",
"Marshall Islands","MHL","GDP deflator (base year varies by country)","NY.GDP.DEFL.ZS","","","","","","","","","","","18.3066659583621","19.4006663055859","20.9968818521454","18.2465130404929","20.7431143228562","22.7383160321268","24.641410887608","26.7818936146777","27.8642595930641","31.3795757315258","35.3548867478696","38.5759030137629","41.4221837870669","42.8763324011059","44.6373164643354","46.282548551136","47.4182672198609","48.7745086233297","50.7856041836624","53.2014890161193","55.8561778156182","58.6737723465882","60.4421570488526","62.2758052851879","63.9103524705821","65.7043724038357","67.5414434487091","71.5610424489658","73.4795798810244","75.325518497106","74.4850868971601","74.2480635201776","77.2350823797957","77.9659878183068","79.3432835820896","80.9384164222874","83.8407494145199","84.9802371541502","89.554062309102","89.0984089569829","89.9497487437186","96.68911335578","102.728823194997","102.081051478642","103.161397670549","100","107.169410515135","109.589743589744","106.951871657754","102.508802816901","109.461294703486","115.787119856887","114.608774310267","122.080979284369","",
"Middle income","MIC","GDP deflator (base year varies by country)","NY.GDP.DEFL.ZS","","","","","","","","","","","","","","","","","","","","","","","","","","","","","","","","","","","","","","","","","","","","","","","","","","","","","","","","","","","","","","","","","",
"North Macedonia","MKD","GDP deflator (base year varies by country)","NY.GDP.DEFL.ZS","","","","","","","","","","","","","","","","","","","","","","","","","","","","","","","0.173443613863752","0.336344147854669","4.61351172551766","25.0112044734272","62.9996490146372","73.7673073014341","75.8806085617202","78.8621768366538","79.9597088123391","82.1490591451594","88.8675239640593","93.0611477368258","93.9396141145014","95.4911667809838","95.3326112863414","100","103.25262417821","107.994555222497","113.924745798083","114.260912219978","116.593300823066","120.933104416719","122.146061357914","127.622227364385","129.468879973499","132.062686503689","136.63899252017","140.474485981096","145.989732442654","147.257169582687","149.280896470504","155.678367078639","169.492778606232","182.656379078105","",
"Mali","MLI","GDP deflator (base year varies by country)","NY.GDP.DEFL.ZS","","","","","","","","10.0008556800361","12.1096808627569","12.5443404301652","13.3007321301053","14.19127468126","15.1097785686076","15.7077076776718","16.4645124654689","20.2495619988383","22.4661474282282","24.2778055215546","26.3565079321884","29.3667492996963","33.6254133883735","37.2598186659734","42.160863317848","46.721572661938","51.0442515600168","49.2666404361175","49.198504624549","48.2605191825565","46.2080323337352","47.7862115240644","51.4189731559702","48.4284162148458","48.7862135014516","50.3644934429608","70.2898715757567","81.4019860546398","80.0571282168106","84.5244743482998","85.9948409972657","100","99.380272079615","104.029641046308","107.684079293032","99.5062441982057","103.087099926235","110.820395344993","115.970078774709","121.252569298078","130.075352015316","136.105557094295","142.046564300852","159.351941161349","166.690747614362","167.778624445032","169.907136957833","174.806425180911","177.16827379732","180.595192256104","183.228204984489","186.765502563912","187.759730379258","194.066530902444","205.182340534374","209.749562395222","",
"Malta","MLT","GDP deflator (base year varies by country)","NY.GDP.DEFL.ZS","","","","","","","","","","","28.4729755778602","28.6532644415046","28.3027534415719","30.7613508259034","31.7960753539503","33.5013763197778","35.1853919712875","36.9166983137438","38.4505804978867","40.837008894835","45.8977630323384","49.4687648158458","51.1713270733019","51.0150067887754","50.9248900255221","51.2490338680431","53.0518241557138","54.670684600247","55.6873195038137","56.882947625666","58.6753576546463","60.6414948852374","62.7969473521295","64.589489930878","66.8900022579791","72.693356759985","73.6960686446038","74.2758518394828","75.2985544003161","75.7113432456262","68.2169125438771","71.1982361901266","73.0727130979832","74.5598086035987","76.4337681894038","77.9353605451458","79.7062922153914","81.4919476764685","84.2409023665442","86.1333106891875","88.5154377926551","89.82800923466","91.7680603037888","93.8381141264198","95.9691902662935","100.000129219089","102.125780244778","104.306192208484","106.18205227368","108.843403045852","110.84389313502","113.533422142925","119.279559714131","125.607004902527","",
"Myanmar","MMR","GDP deflator (base year varies by country)","NY.GDP.DEFL.ZS","0.17794438355061","0.180523575557465","0.181608247186246","0.183322233054286","0.176509354856856","0.179494310488466","0.185875712420666","0.215600194971577","0.219249969053424","0.225306207599305","0.222087461692987","0.216958501403327","0.218597592364248","0.240467914175348","0.376382531910178","0.438473107999682","0.482884802296401","0.492164879264586","0.496089187425331","0.523952780239372","0.530424559742419","0.553896821236182","0.572587894598942","0.583795379714181","0.59849469846443","0.607874611619967","0.64771781194018","0.785282851081346","0.98313974337623","1.55025877321566","1.83767047702833","2.27409598535106","2.7686087408959","3.7722135851434","4.60512402172098","5.50776718006922","6.77661866349055","9.0667243853205","12.314900134775","15.1030538739732","15.4748569256425","19.3195023040182","27.3388206057674","32.942332744919","34.1286283393121","40.6688782369008","49.3315521604343","60.9954590265392","69.3022219547503","72.6831996326856","77.802431393908","85.7807413709392","88.4657617425415","92.3388554635237","95.9495126525151","99.918653013578","103.531389863771","109.612211778514","115.466703746503","121.728385733394","128.23368457803","153.261321282673","162.707914614036","180.260301724266","",
"Middle East & North Africa (excluding high income)","MNA","GDP deflator (base year varies by country)","NY.GDP.DEFL.ZS","","","","","","","","","","","","","","","","","","","","","","","","","","","","","","","","","","","","","","","","","","","","","","","","","","","","","","","","","","","","","","","","","",
"Montenegro","MNE","GDP deflator (base year varies by country)","NY.GDP.DEFL.ZS","","","","","","","","","","","","","","","","","","","","","","","","","","","","","","","","","","","","","","32.2104866544375","31.6223865201737","35.4674626534627","47.1350158740816","56.6585288014152","58.4008668561054","63.2602711205942","66.9835977570335","69.8870575210505","76.9505148408661","89.2945600650833","96.1069543889206","98.4211256465502","100","101.202703548873","101.381849538242","103.477382870634","104.549644816467","106.870200433971","112.321722924424","116.617997744728","120.380218438958","122.814485445862","122.598815942712","128.393133421311","144.256518675123","159.465440641524","",
"Mongolia","MNG","GDP deflator (base year varies by country)","NY.GDP.DEFL.ZS","","","","","","","","","","","","","","","","","","","","","","0.141577989714607","0.14438324601671","0.145688831866444","0.141190552570617","0.139146027371109","0.12638305288353","0.127406488718985","0.128592627476199","0.137784092639984","0.169809146379376","0.328274958712676","0.898457975031307","3.76361552824758","6.18435001487655","9.91180776577511","10.9830335964007","13.3632913803552","13.1051397197519","14.5312091760046","16.2749094320906","17.975400612183","19.1203774312076","21.0776491182074","24.5958192325258","29.5391949025526","36.0339102088301","40.2241378349506","48.8517141116537","49.7440901730316","69.2329233251743","79.7004328078695","89.8896380889828","92.5034924360396","99.3939264323291","100","102.993126760577","114.116844224137","123.20124782975","135.487138998204","140.5092702744","160.770799054486","189.250883758708","230.448961664863","",
"Northern Mariana Islands","MNP","GDP deflator (base year varies by country)","NY.GDP.DEFL.ZS","","","","","","","","","","","","","","","","","","","","","","","","","","","","","","","","","","","","","","","","","","","88.1262868908717","84.7469220246238","85.3916725476358","85.7720291026677","85.9375","87.2558139534884","98.2217573221757","100.888324873096","100","98.5135135135135","100","100.783289817232","104.260651629073","110.30303030303","115.384615384615","118.811881188119","123.084200567644","125.961538461538","130.421686746988","131.133428981349","134.809348093481","","",
"Mozambique","MOZ","GDP deflator (base year varies by country)","NY.GDP.DEFL.ZS","","","","","","","","","","","","","","","","","","","","","","","","","","","","","","","","3.46068661553827","4.76917810852111","6.81784041172521","10.2431952757641","15.5143291228367","23.0881083299448","25.5227605868902","27.0945702995845","29.5162258268839","32.9446986430439","37.8146074173254","41.5324932711809","43.0443372108831","45.5384400065422","48.8768848939871","52.5237576761794","56.4295705254327","59.3372757350248","60.2103485267673","64.8135669435581","66.3356243087561","68.44193598689","70.2222724490217","70.9847956682351","75.9962869881332","85.2381128343688","92.0384200472295","95.5313872593929","100.000006750509","103.171668032771","107.866562062975","117.738093673077","123.979792104031","",
"Mauritania","MRT","GDP deflator (base year varies by country)","NY.GDP.DEFL.ZS","","1.60767109524491","1.64678032033113","1.72014832936426","1.79813998607129","1.76100046314802","1.83396010241514","1.87763702909325","1.87741949610883","1.848528363861","1.85089741218592","1.9669846999811","2.10707764759549","2.45501340699828","2.76641636912573","3.18149958960255","3.37336440740308","3.58880581911048","3.67813834463581","4.12815556028067","4.39844444054479","4.71799596127882","5.19385104542314","5.57070642552531","6.17861570735384","6.81161030131467","7.30615035144937","8.07052914406892","8.50498145136612","9.18334939001848","9.42601733587855","13.3296237510601","14.0950031027056","15.7741245792021","17.523885339534","18.0219001592376","18.3565782875541","20.573513882677","24.3696590435052","25.5331931206437","27.1549560261213","28.7371718421479","30.6668128897102","32.0423665240422","35.5470133472621","40.731637345637","46.4711579930998","50.6050396597103","56.0280362009558","55.8269357769399","68.3004422607957","80.2856437595013","80.6516155590233","84.2712344743411","74.2629103731867","70.7028143396205","78.6286915597937","79.8741215590831","83.5119543392964","87.9615087017752","93.626998021069","100.616134719765","100","103.371477417011","",
"Mauritius","MUS","GDP deflator (base year varies by country)","NY.GDP.DEFL.ZS","2.17526907739688","2.09478207909461","2.14283181080615","2.41520469330558","2.2370238551374","2.27773091520998","2.3364428906152","2.3781676440397","2.54626899923585","2.60249534063603","2.64334509380527","2.80819473321786","3.19670075770949","3.69205034856363","5.89167090528679","6.20166594414064","5.88745796544568","6.39256708851326","7.07988315576584","8.34976403308451","10.5682604468282","11.7163856375357","12.7550710743392","13.8311785993983","14.8634927064132","16.0822284468463","17.3724350168947","19.6160845364703","21.7515812644065","24.154599840054","26.7110334849757","28.9986409173866","30.5516339271324","33.3685611644036","35.5560140041314","37.4771770733109","40.1013450449342","42.1548423873364","45.0903283570437","48.0536252120892","49.6922198796953","52.7890452418143","56.0721459860324","59.2251907444783","63.279421422362","65.7777560694667","72.0712954749975","78.0592059289265","82.4981931894698","81.9584893151213","82.8816852455138","85.5019597197236","87.6100306744044","91.2321201158394","93.210309870537","94.5148168125025","96.7686474175862","98.3522718251104","100.000055134848","99.5342120041577","102.095267535695","105.318619680591","115.393315055969","125.210782337821","",
"Malawi","MWI","GDP deflator (base year varies by country)","NY.GDP.DEFL.ZS","","","","","","","","","","","","","","","","","","","","","0.0810336893496805","0.0943278649180049","0.103443010278066","0.11505942936885","0.129754882785865","0.141343070791424","0.160437507913402","0.187268862796707","0.245494133962872","0.300753601918339","0.332816599106866","0.36840239546735","0.417313063087801","0.534889600219211","0.674880271541852","1.1960201512778","1.82208393340343","2.20171238174033","2.63211368321176","3.67681986414473","4.79949833825696","6.02924835884824","12.8238283479817","14.1505940259577","16.251479814074","17.9970897468882","21.5906153672068","22.4757711945113","25.1649224920712","27.1529068146479","30.4458001201643","34.7052399396889","40.8271625252536","51.8693957073049","62.7460352055818","75.1789545551893","90.4347814322115","100","106.152346985613","114.356391017723","121.467411186438","131.370610872351","153.922780827181","189.027521571592","",
"Malaysia","MYS","GDP deflator (base year varies by country)","NY.GDP.DEFL.ZS","14.9079770758788","13.7513293609029","13.5985595346265","15.8882341955436","16.0672510637581","16.4934195700209","16.2662159662605","15.8883378320067","15.367090002446","16.1209943747163","16.0388680167138","15.9637012258564","16.0185913187511","18.8817735083514","21.2815025901116","20.6265476843198","23.2515154204152","24.8477600789831","27.2928743114744","30.5842521252052","32.6869435390089","33.0334313932194","33.8787753126545","35.8811421171523","37.6008477626007","36.9970074013761","33.7718599265854","36.3610520931809","37.6773317238391","39.358382568402","40.8570769542744","42.3216800586457","43.3434280336965","45.0715180742653","46.8461345105199","48.5482511216972","50.3347798579632","52.0876128542795","56.5143932245885","56.5400806103369","61.5468273563659","60.5732341508643","62.46849989708","64.5292937778774","68.4070414103382","74.4696746073613","77.4342614709674","81.2140781626865","89.6513278532043","84.2792395909489","90.4036820862809","95.2966982892486","96.249600759584","96.4175317512833","98.7966023208747","100","101.658259966424","105.499885905954","106.158916974927","106.235167643949","105.366155761511","111.346673949326","118.476741645283","116.258554185064","",
"North America","NAC","GDP deflator (base year varies by country)","NY.GDP.DEFL.ZS","","","","","","","","","","","","","","","","","","","","","","","","","","","","","","","","","","","","","","","","","","","","","","","","","","","","","","","","","","","","","","","","","",
"Namibia","NAM","GDP deflator (base year varies by country)","NY.GDP.DEFL.ZS","","","","","","","","","","","","","","","","","","","","","4.21055815399838","4.36490568606036","5.10603645546173","5.78641080443879","6.52329608833067","8.08470260253421","8.89987773887628","9.73646161536721","11.6986119021818","13.4619030726455","14.3218980162704","15.1793356037555","16.7379633222986","18.4723421532593","22.2516158375609","23.7383592949237","27.340935510303","29.2857429591262","31.7075435319661","33.8589815745468","37.6786561691695","41.9000840189474","46.0916015311345","46.6774755065256","47.6298140090011","50.2961698557812","55.0273222338904","60.1373983570135","66.7293066021005","71.3639267248931","74.0228741994998","76.8467553301315","85.4999370321301","88.953955702303","96.2792177050214","99.999999657578","107.968671642551","118.67812411933","123.933771721117","125.081789884835","130.874991276751","132.883045962298","141.451149363491","150.523294782904","",
"New Caledonia","NCL","GDP deflator (base year varies by country)","NY.GDP.DEFL.ZS","","","","","","18.7556963274306","20.0701223705261","20.8774241645288","21.8712440568285","24.277366476143","27.0252363434793","29.0556110847915","31.3115138324262","33.3671076418717","37.5807964281848","40.2536268518901","42.8869713504602","45.4032432345246","38.3607899837849","51.809144379255","58.3365123767113","66.3544866415728","72.8860715617201","78.5486385253455","85.4920806882081","90.3228828251216","98.8339183544061","100.516946174424","103.089416297105","104.860937753028","100","103.630409056472","106.575290937358","109.469111555134","112.634622973263","114.134387904675","115.757696315991","118.14051784702","133.299379609894","141.450659207666","149.883552081707","","","","","","","","","","","","","","","","","100","99.2255721922001","101.640799103589","102.077981570786","107.005942234816","111.121085743639","","",
"Niger","NER","GDP deflator (base year varies by country)","NY.GDP.DEFL.ZS","7.16451895715826","7.40767202583837","7.34524071970758","7.40117442694827","7.3479598552618","7.94144119025177","8.33516872274678","7.90015000774519","7.62997955423542","8.27418730291351","8.8646865781","8.91785988555604","9.21760497376042","12.5209645485479","13.4784751352432","12.6168228425707","14.1833722456112","16.4169406298837","18.2575015497106","19.0948854982677","23.1229175243912","25.7820510402024","28.3602608871336","30.5723568719646","34.1546707667386","32.1394836164435","30.7895357372033","31.3082049955696","29.6488708290609","30.063950975213","41.8971083328616","40.7907132606823","38.6688059981061","37.1727820099795","45.43048043165","47.3610311257626","50.6614484908025","54.2035355231731","57.498114593685","57.7164617502878","59.5509181348517","62.5359203719188","64.1445330556273","64.0236325539368","64.2713668963208","69.7889894733083","70.8331706457356","75.8174607924564","83.4970991325624","86.9956776827661","90.0188149028951","93.5940068208591","98.5622943345657","98.1984278891204","97.8000596046225","100","101.792721465576","102.167600370519","104.623388925752","104.59787885306","105.814330994449","109.114305365647","113.499609275866","117.344882881172","",
"Nigeria","NGA","GDP deflator (base year varies by country)","NY.GDP.DEFL.ZS","0.0323051881547845","0.0343265784231496","0.0362369558011252","0.0351155117235066","0.0359680492721618","0.0362789732589224","0.041065211578561","0.0398305016468271","0.0403166516275767","0.041407743990194","0.0626410062620322","0.0634854284805946","0.0653219781929078","0.068814637607331","0.099056171435095","0.122335154525566","0.139894146024859","0.15488206039159","0.176433504178281","0.196703531581194","0.221133445821162","0.705421981199005","0.809842436189809","0.968320096699064","1.02306566232805","1.09394128972526","1.15318316157022","1.38000824214106","1.65845424560527","2.13890302392293","2.28154522324106","2.71193378778681","3.97982670933109","5.6369890897773","8.07760605827053","14.1682545643607","17.9215796120965","18.8275774577984","19.9589914112665","22.639598050396","27.7728410609572","30.5713650707168","37.0246898100724","40.6547102763555","49.7484946965785","59.6277969144266","73.8576016274465","79.1012926611945","85.3672123349633","85.9529158180657","100","109.778458096759","120.698820290057","126.691209799203","132.598343181544","136.395515688896","149.412653688506","166.025724255929","183.007640701348","202.012580098559","217.868834463721","239.941199476136","267.081752211291","300.792461706053","",
"Nicaragua","NIC","GDP deflator (base year varies by country)","NY.GDP.DEFL.ZS","1.18258623930306E-09","1.18202604244709E-09","1.17569667913325E-09","1.17089762403963E-09","1.22382971802385E-09","1.23411563422293E-09","1.27929743203742E-09","1.29549765732365E-09","1.35366497526825E-09","1.36952736030776E-09","1.40292650613832E-09","1.44545842561125E-09","1.5069010271501E-09","1.75801415387782E-09","2.14110804739009E-09","2.24242599883233E-09","2.47640078286767E-09","2.76991546840951E-09","2.87437636150112E-09","3.78436025399742E-09","5.18376475433848E-09","5.79135997227313E-09","6.76116465948974E-09","7.50502714524172E-09","1.04291357212375E-08","2.78655003870266E-08","1.06295792362069E-07","6.62308835300705E-07","9.08133688673419E-05","0.00436918515206312","0.223532228900438","10.3353074046726","12.7811901397686","15.3874825335361","35.9612848872605","40.7774660534269","44.6948809174592","49.0651433301943","55.948240954374","61.1101558132379","66.3449913112145","71.1493700535348","73.4605710670009","77.3768108203141","84.3801104517434","92.7059753931103","100","109.674861856331","127.441370713617","135.132257341403","143.427186848239","158.077242075655","167.946391082337","175.25236226571","189.959470779541","204.376039640042","213.757068816261","222.569640314825","228.486607291771","240.814597252996","253.800787897154","262.792528183076","285.859542466688","316.356908094948","",
"Netherlands","NLD","GDP deflator (base year varies by country)","NY.GDP.DEFL.ZS","15.3960104730966","16.2064654219687","16.329426084983","17.0968226181062","18.5804829620038","19.2069797280745","20.3561887391898","21.212699538391","22.1029249332511","23.5197162347627","24.8473798599745","27.0314719475249","29.2376781475621","31.7173259442045","35.8074820818923","38.7062365526087","42.1871799289037","44.4419382040551","46.8128660668416","49.0463358377921","52.0996527568124","55.4288683995307","57.9917085043289","58.7972550614826","60.1537716797048","60.6746332025748","60.8030816031996","60.1660874557605","60.6592314956261","61.4769595742085","62.4358472597251","64.3820037244266","65.9888113236011","67.0429885223813","68.4259065929069","69.8386440419441","70.6527983824","72.5546946664745","74.0547747479923","75.017348240523","77.4705158643149","80.8598446693871","83.9953414930044","85.9155478635547","86.9443433090837","88.6654850479662","90.9500585797436","92.8140140646984","95.0529351747108","95.4689443064491","96.1470343424963","96.3803406930219","97.661360478841","98.7795120872966","99.1193906554079","100","100.565543724908","102.013010908974","104.597411455706","107.76449941146","110.303140356938","113.33354622489","120.309877578834","129.145125412554","",
"Norway","NOR","GDP deflator (base year varies by country)","NY.GDP.DEFL.ZS","6.82850088741871","7.00929400037445","7.3433865535986","7.59252551636773","7.95105464779177","8.33068847437796","8.66200676266718","8.91883313457256","9.31339132914886","9.70413816624085","10.953504151992","11.6526788919553","12.2956142538899","13.3634348660088","14.883130327722","16.2055194330628","17.4761252563021","18.9038782516599","20.0873545874748","21.2328561733558","24.0199870345396","27.1135564439572","29.9631838008724","32.0492680778151","34.0395474530456","35.808896798286","35.6116615841997","38.1832703635408","40.0422078313616","42.2894838450562","43.9013780562487","44.8723890268989","44.5853135337962","45.6076192466701","45.5364723878275","46.9305575993708","48.9305012551909","50.2935634602945","49.9452341241194","53.2531184364613","61.4185841507517","62.4704635478512","61.5207833654413","63.2807842617739","66.9828403865258","72.8525494636663","79.2141712221907","81.6521156717606","90.2797909693182","85.6611274124442","90.7625570760348","96.8189519100864","100.065377827826","102.620285997303","102.885387905718","100","98.4019028364756","102.417634642038","109.323611959332","108.724007570008","105.987140974999","127.410825731976","163.292038719636","145.951798468367","",
"Nepal","NPL","GDP deflator (base year varies by country)","NY.GDP.DEFL.ZS","1.52962391218005","1.57074020278637","1.66336818198062","1.72274917961398","1.74333120311593","1.9679628099402","2.26746339988803","2.13895116958678","2.37564378859682","2.53157703392991","2.71001095867911","2.79597727974551","3.14554946537963","3.03868553739533","3.67151214555648","4.68201314389455","4.70748527776747","4.53967182744857","4.96509386758798","5.46052897815812","5.87605047275139","6.34245354146197","6.93530865734943","7.78756731487566","8.28425446237035","9.23046815215044","10.558969749587","11.8996212179587","13.3055983770369","14.803592260389","16.3899282055643","18.4459854017374","21.856481098185","24.2114971064767","25.3775194661991","26.9765218326587","29.0869047288153","31.2041675683419","32.4859881768274","35.3730333528209","36.9550688238263","41.0264635589963","42.6407966006865","43.9499990968228","45.7811437919465","48.5826707137944","52.1583743611293","56.1241262705317","59.2782205197015","68.7083955827331","79.1156098484464","100","107.74115002968","115.372079668498","124.642648757663","130.138199770642","139.443516740685","150.963520931677","157.539278241834","164.929691439763","170.236143178984","181.748723540104","196.7269847196","207.382003829814","",
"Nauru","NRU","GDP deflator (base year varies by country)","NY.GDP.DEFL.ZS","","","","","","","","","","","4.53134283063262","4.76438348202417","5.07510397667249","5.48939820436179","6.29209317154542","7.35372231156043","8.23409736406559","9.34751304259361","10.0984215009654","10.9787964875685","12.1698923387451","13.2315212915614","14.6556575065216","16.2869409180459","16.934275748483","18.0476914155416","19.5754012305097","21.3879383479825","22.9156481289605","24.6505052264221","27.7564690929111","31.7579691043066","37.6725443899164","41.8583693803763","40.3649240310556","41.0786121892609","42.7440471036571","45.3609407160241","47.1452642713548","50.3173007923976","53.118324199372","55.9809214291679","59.2754325237904","62.6028421218276","66.1270089257081","61.7330495710537","55.5620897756985","53.0945987489116","63.8769280878141","96.7192621099575","87.1868146720814","93.6856280342983","110.122443221463","100","100.427698869811","92.203323111314","116.407703839613","133.779877418942","158.492283237837","150.99796580137","157.537769128378","186.023081311659","165.929941122383","174.846714718426","",
"New Zealand","NZL","GDP deflator (base year varies by country)","NY.GDP.DEFL.ZS","4.70388146063067","4.71387542611858","4.92680022497272","5.07241486996712","5.23804575442946","5.33542895181808","5.20750241742008","5.66057351956268","5.98944638172679","6.04489108707804","6.84919953668501","7.79988682777926","8.5208763255088","9.23877357062293","9.57748454051046","10.9782785136305","13.3377158858413","15.5536574585097","17.5727612170885","20.072541637867","23.0642356774577","26.8346160324936","30.0776895170712","32.4013393931812","34.9282522624789","39.6904446395911","46.4173142821654","51.741449023135","55.833415765576","58.9821697199774","60.4116633434578","60.949484120508","62.1693791978567","63.0889986489518","64.2923045510571","65.2120787113775","66.1211808226169","67.1539457516055","67.8594108207943","68.2573212455902","70.2260939875467","72.9374642901123","73.1548590214881","74.668006738175","76.7278893921398","78.2626531567297","80.3834414092389","84.6568172678339","86.9743189457279","89.2712129946307","92.0918197951734","94.3644014049811","94.1854471674894","98.1045270007113","98.5765171401773","100","102.41043257432","106.114548838496","107.974871756542","111.306508022189","113.482719054557","118.678142291426","125.30879401437","131.271674588386","",
"OECD members","OED","GDP deflator (base year varies by country)","NY.GDP.DEFL.ZS","","","","","","","","","","","","","","","","","","","","","","","","","","","","","","","","","","","","","","","","","","","","","","","","","","","","","","","","","","","","","","","","","",
"Oman","OMN","GDP deflator (base year varies by country)","NY.GDP.DEFL.ZS","3019701.63570879","3080160.11216353","3160249.63054782","3218792.55493936","3321597.61818091","3.38159401668535","3.44186812666313","3.31993592869342","3.7022790275663","3.74348450312509","3.51028408981564","4.07516123134355","4.17626494504811","5.85969602909175","17.6368869905307","18.0556279513535","18.2903548696038","19.3877937372511","20.1249727078342","26.279646895806","39.709869251253","41.171136888098","38.4043497517819","34.5642894405514","32.9334430783875","32.7648227109172","26.0038982774615","28.9105751684645","29.2918967034585","29.2918966229507","41.6544136956115","38.1128437429036","38.598180008334","36.5187616773306","36.353846677748","36.9932048882409","39.7354302447524","38.8476828409825","34.5737824356891","38.3139343208856","45.0361234036507","42.9460288717871","44.9614957592103","49.2950518862545","55.4552107579562","67.5076025415976","77.3392731447144","83.5718335718336","110.857829673166","83.0966429456651","95.0417780685107","110.1386814909","114.110760643337","111.577031788438","113.537774464927","91.7992956785236","83.4122593238545","89.4996387127234","100","97.3337664465647","86.8377207597468","97.3807320956753","113.925444400919","109.304713360487","",
"Other small states","OSS","GDP deflator (base year varies by country)","NY.GDP.DEFL.ZS","","","","","","","","","","","","","","","","","","","","","","","","","","","","","","","","","","","","","","","","","","","","","","","","","","","","","","","","","","","","","","","","","",
"Pakistan","PAK","GDP deflator (base year varies by country)","NY.GDP.DEFL.ZS","0.921742002071371","0.955352967342838","0.956881037006054","0.94588392807445","0.988339421926547","1.01962908824074","1.06653873862155","1.15121809376144","1.15662062867006","1.18363432935677","1.2275276687815","1.29958956402637","1.38763123556471","1.59995926189625","2.01712786852625","2.44270350137537","2.72367449199545","3.00984187090877","3.28019627265313","3.49450461829139","3.80929691042991","4.19317269555772","4.5861420695895","4.82801903768941","5.29409448446354","5.53417864043023","5.7163638476055","5.97464092924482","6.54925564422153","7.1115123860467","7.57034710602024","8.59176984941611","9.46825132577933","10.3051077494722","11.6477000613759","13.1626563606806","14.2648458692527","16.1739836043481","17.391243577905","18.4107680473647","30.9320133236896","32.7918910804438","34.0777852701855","35.2884524620585","37.8473391838857","39.9501682959853","42.3462348413628","46.721161815176","51.8233310003367","58.2362745442787","64.4027064874612","74.9718064842142","82.4077467407085","88.4919988319867","94.8720643802864","99.0862628228838","100","104.029745993256","108.026346868906","117.787969289243","129.501391787481","142.79774268153","162.699480128513","205.000968045087","",
"Panama","PAN","GDP deflator (base year varies by country)","NY.GDP.DEFL.ZS","16.1663271017391","16.2528053983096","16.3457094714826","16.6916594679262","17.1630795411192","17.2695004655733","17.4901411390798","17.9429036749767","18.0441227817381","18.262130489882","18.8871405458397","19.4354983639523","20.4068886419438","22.1500911472334","24.7220223458044","27.0416487825569","28.2678555586754","29.5842317384608","31.9277041781728","34.8794900186848","38.4164463384155","39.815636937589","41.7553293317591","44.8857083516545","45.6170146979077","45.9863141850162","46.1419545839119","47.1982835715988","47.1076963004873","46.5063391404098","46.7691954684782","46.9996723490936","49.3783537358719","51.1336084121021","53.0151950206771","53.2626207008909","54.299439917492","55.1342872307844","55.7260574458988","56.0473575198504","55.1940325911885","55.9832714875575","57.0553901061756","57.6922319252443","59.1999520447643","60.1919913707721","61.5009887041235","63.2585339583332","67.9880410029613","72.2940014388036","74.1380071936529","78.2064811313428","83.1477970341491","88.2679854176716","92.4113900440214","95.1973988036294","97.5535490197598","99.3043364750013","100","100.53835074119","100.041001843023","101.456699326689","103.660143896928","105.429351289143","",
"Peru","PER","GDP deflator (base year varies by country)","NY.GDP.DEFL.ZS","1.00381851849999E-07","1.03497036321502E-07","1.0661525228153E-07","1.11960727025616E-07","1.27139908231707E-07","1.42750097038236E-07","1.56049990104291E-07","1.71834614370873E-07","2.03273120909108E-07","2.19816362531404E-07","2.46152758637216E-07","2.62498144706373E-07","2.8121292309213E-07","3.16576944613507E-07","3.64802488739398E-07","4.45757880253032E-07","5.78205574097288E-07","7.84864001294026E-07","1.28512232436487E-06","2.26631123291655E-06","3.1259224742834E-06","5.16810578634377E-06","8.61333736395724E-06","1.78637906517175E-05","3.72419900928944E-05","9.89649921241007E-05","0.00016662093832693","0.000309331177673849","0.0021228740811343","0.0567301144509396","3.60873848209806","17.2512343239438","29.1995457644286","42.7436624653748","54.1511942167828","61.5042754275428","67.4626509260779","72.3760442558917","76.2634269900089","78.5014118875851","81.2683668831315","81.6383397441632","81.7273394324202","83.2014756120899","88.4257283624937","91.5239204149344","98.5312188134339","100","101.103276292029","103.189742920897","109.082629076034","116.441111023591","117.841414288994","119.087274201146","121.984001985842","125.266007054835","129.125305783114","133.79403556878","136.841081428887","139.40304241637","144.587680217236","159.166603245014","166.753218804628","177.702808167667","",
"Philippines","PHL","GDP deflator (base year varies by country)","NY.GDP.DEFL.ZS","0.987690691612974","1.01846426173105","1.08698331704301","1.18382997030926","1.23806658132352","1.28622528768836","1.35526310207379","1.38399990640383","1.47247077711661","1.55951008227647","1.79814917338138","2.05921825731531","2.19464958245569","2.57010670893127","3.41542210862977","3.73919059745178","4.05264132497979","4.39171790802773","4.80261376054385","5.52017072620107","6.30594453511103","7.04782295523291","7.6570021014456","8.74798843595677","13.38087506065","15.6637881272112","16.1167749158223","17.3250698147891","19.0159895459828","20.7464334608558","23.4345153087009","27.2766321314723","29.4265391282944","31.4303752066607","34.5923434028585","37.2359953962615","40.0990582278418","42.6091853927133","47.0429567683642","50.0229585980939","52.9327608641775","55.9069797906012","58.2724554358197","60.1325887422518","63.6748543453429","67.4386071387724","70.8857899869574","73.1288217772292","78.3788979848131","80.5251148731508","84.0447745248384","87.3383260076345","89.0800060318934","90.9160013887712","93.6917171949971","93.0174340313201","94.2083471578382","96.3942257034852","100","100.697076301045","102.359071662451","104.695395425257","110.441757363863","115.518196243202","",
"Palau","PLW","GDP deflator (base year varies by country)","NY.GDP.DEFL.ZS","","","","","","","","","","","7.60076109593444","8.34210017090767","9.13130099525996","10.0109690287539","10.98981243202","12.0775738609632","13.2851072180626","14.3479153837482","15.8544471082932","17.5191636933207","19.3586760856406","21.3913368989997","23.6374271745532","25.528421275224","27.5706946730939","29.7763507635334","32.1584585123629","34.731135397021","37.5096262338563","40.5103963138266","43.7512280703147","45.4844965733342","47.7809676185982","50.1581057329759","51.4382665678813","52.885131813911","54.4249859745831","55.6646513668822","56.5529418451398","57.8269985657656","61.5672010867362","61.6434652093738","59.8814429823887","58.7926232638045","60.8945860438773","67.6100858123941","68.6261806743368","69.958725050947","74.1228257141696","75.488248508133","75.4395285097916","75.8469669695393","81.2692730971887","87.5367801187246","90.1550727212607","95.5451005487529","102.678526899711","101.611832530012","102.547269458542","100","97.7225524693622","103.188045927142","113.365792874125","122.709027943499","",
"Papua New Guinea","PNG","GDP deflator (base year varies by country)","NY.GDP.DEFL.ZS","2.9562653334331","2.95733776841427","2.96581066348103","3.0110606386593","3.06827079087211","3.13674236550754","3.3676271296287","3.6558105918361","3.84771461859205","4.03769705327387","4.26588196832402","4.4114991089742","4.7261522134348","5.65897679421419","6.16375904638321","6.30363400121751","7.54658854987078","8.10789061153132","7.94326207042353","9.222114717021","9.87608392790645","9.74733906466407","10.105924324885","11.9916857977973","12.8836625120673","13.0923956681809","13.2700423378335","14.3278770275363","15.463251958096","15.0703843605217","15.6940317663354","16.7918065149471","17.2747357280412","16.8435924478815","18.0652731117449","20.9288593114555","21.3080647351218","23.1035593158251","26.4637072548865","29.3929470145035","33.2441338067952","35.542604630224","39.9109440982707","42.1217459699639","41.282524138782","46.3117177967279","74.336923133629","76.4148273792936","85.3289542287408","81.1654900590411","89.2148024848095","97.0952960692026","96.5372704815541","100","105.437392654128","104.139333494952","106.761401471145","114.981532984968","126.246970169457","127.588043082972","129.673465367825","144.709454228077","166.457578707784","160.428299490716","",
"Poland","POL","GDP deflator (base year varies by country)","NY.GDP.DEFL.ZS","","","","","","","","","","","","","","","","","","","","","","","","","","","","","","","8.53599718391625","13.2526473437737","18.3715442632114","24.0010991667612","32.9376767851495","41.9769666633219","49.5249322066037","56.3125205866935","62.5337086598638","66.3967732801429","70.4188987124249","72.673428624098","73.9925019429888","74.5656904537957","78.2441027620446","80.2965196027392","81.7029408567758","84.8036830706629","88.1401112062654","91.5666888165411","93.0127258364339","95.8642305024953","97.9573622966911","98.2228030329837","98.6965044902629","100","100.082862448389","101.854532131266","103.104285459836","106.224681919848","110.727115284487","116.640204587683","129.108549568694","141.434786327285","",
"Pre-demographic dividend","PRE","GDP deflator (base year varies by country)","NY.GDP.DEFL.ZS","","","","","","","","","","","","","","","","","","","","","","","","","","","","","","","","","","","","","","","","","","","","","","","","","","","","","","","","","","","","","","","","","",
"Puerto Rico","PRI","GDP deflator (base year varies by country)","NY.GDP.DEFL.ZS","10.9005458297724","11.225934992544","11.6374572279155","11.9341356227122","12.2786656864881","12.6040551248978","12.9007334984877","13.5323720209678","14.3554158134482","14.8530700788747","15.4655678615806","16.3077521929118","17.0542338335559","17.7432938459919","18.9204378920954","20.3176986778917","20.920626178909","21.8202318599471","22.9878059799999","24.3276448648302","26.4235353873296","28.8735265845555","30.8162925649306","32.5198021579775","34.0510464817085","34.9697928617268","36.1358844765763","37.2951126016268","38.6808542917319","39.5682757543441","44.2576065320745","45.6399032422186","46.8157607336514","47.6988889393548","49.2148858145643","50.5801965334862","52.5586676151661","53.2588805857273","56.6462213255755","57.4804942771462","59.374517896227","62.6430322776334","64.2402906851041","67.0780881066366","66.2113197758947","70.5747268801081","74.4513005347071","77.2674090477514","82.3375865859519","86.4401026052351","88.5960039866391","90.6955754334167","91.765083188882","92.8497604165674","93.9644727271727","95.8226619615302","97.9514414356902","100","102.046115685438","104.508337690896","106.99802253029","109.993581866344","113.329774123212","116.996512996382","",
"Korea, Dem. People's Rep.","PRK","GDP deflator (base year varies by country)","NY.GDP.DEFL.ZS","","","","","","","","","","","","","","","","","","","","","","","","","","","","","","","","","","","","","","","","","","","","","","","","","","","","","","","","","","","","","","","","","",
"Portugal","PRT","GDP deflator (base year varies by country)","NY.GDP.DEFL.ZS","1.46210531554456","1.48274681870453","1.49278050567967","1.50125655060457","1.5314076377565","1.59070618349158","1.6744288863674","1.74034545480805","1.76945811101312","1.90034845004251","1.93769135752268","2.03489936326319","2.19371523706636","2.40137842162979","2.85440444284793","3.31768514390349","3.85760953016287","4.8760204106858","5.9657267449564","7.1253098526892","8.61471580579071","10.1316743944791","12.2279510713895","15.2366703221873","18.9964287046919","23.1252190969066","27.8545874281527","30.6670051997103","34.091095793859","37.6753671627635","42.6276629882446","46.9271679528783","52.2984665648255","56.1562268221232","60.2430675257856","62.3085716050191","63.798291770884","66.2769882296269","68.812104862657","71.1314359673982","73.5643225809401","76.2979602751064","79.494677568077","82.2190822869446","84.1920234620465","86.9980625250091","89.7685525309337","92.4313978801279","94.0376014458191","95.0702607994655","95.8138394111086","95.564306309578","95.2046001233658","97.3699210690217","98.0753240027976","100","101.854087234314","103.414695772969","105.33032111874","107.262466678683","109.518350191966","111.730375903274","117.682810499395","125.805708685251","",
"Paraguay","PRY","GDP deflator (base year varies by country)","NY.GDP.DEFL.ZS","0.244510649996347","0.260855751163118","0.282823132536061","0.287478141248265","0.293422440382257","0.300225226604751","0.30916223322058","0.299529124529766","0.301083511880178","0.309031488947659","0.312938732082178","0.331404559561845","0.359650666596397","0.43388648851296","0.536229571596915","0.568809233226859","0.594636055743887","0.656766239833602","0.717302767430675","0.855894745739645","0.997416467931779","1.15526932769471","1.21851590267108","1.41235523011225","1.8197079384893","2.29522182708809","2.91256184992464","3.72717826311766","4.74229469282405","6.23397967564402","8.5160857383264","10.6553125961673","12.1558918124891","13.6413460414617","15.356523012529","17.057477102625","19.0056880202813","19.6539699937672","22.8494257076468","25.2897736002886","28.9983938263546","33.0394953572254","38.9698813199152","44.8716066630934","50.1821636556738","56.6821710526132","61.7018492656248","69.4981899114748","77.9941733959456","80.8393734801474","84.6030133088697","88.9141379741561","93.1804836092811","97.2223511721534","100.00000004973","101.603888060907","105.804959337813","108.089509850963","110.208332520547","113.582778811232","116.086054057161","125.893150203266","136.033164262026","138.84735757134","",
"West Bank and Gaza","PSE","GDP deflator (base year varies by country)","NY.GDP.DEFL.ZS","","","","","","","","","","","","","","","","","","","","","","","","","","","","","","","","","","","56.2172529015165","60.5939789947764","62.1792650679311","59.7951588790992","56.582882419218","54.8687117825394","60.5978871656552","62.0190222442531","62.941197295288","61.6034279326834","58.6128301117987","58.6457820848732","61.8086212874148","64.7570372349902","75.771144278607","77.1749816265951","87.3592362665127","92.0939537640782","94.7349634124576","100.17120749459","103.849722739791","100","101.278022483729","104.544659004726","104.228941739988","108.241202855518","110.645133714221","120.552267719366","122.580748321075","117.795658935695","",
"Pacific island small states","PSS","GDP deflator (base year varies by country)","NY.GDP.DEFL.ZS","","","","","","","","","","","","","","","","","","","","","","","","","","","","","","","","","","","","","","","","","","","","","","","","","","","","","","","","","","","","","","","","","",
"Post-demographic dividend","PST","GDP deflator (base year varies by country)","NY.GDP.DEFL.ZS","","","","","","","","","","","","","","","","","","","","","","","","","","","","","","","","","","","","","","","","","","","","","","","","","","","","","","","","","","","","","","","","","",
"French Polynesia","PYF","GDP deflator (base year varies by country)","NY.GDP.DEFL.ZS","","","","","","7.51774074511096","8.38124046741252","9.01544103228697","9.21461234885684","9.32326722554708","10.2577150057533","10.6712391226085","11.2063444888852","12.1454329107531","14.3136436243416","16.6586114815453","18.2090173798264","19.8659673526257","21.0499133761899","23.0710375033724","24.781923681754","29.0362906217847","34.5595543430951","40.6586324270129","47.0130067178843","53.4395821847288","55.4091393416919","57.4850527727571","60.1020603610402","63.2015948731318","65.4760386515306","67.2229650207607","69.7064191988622","72.1094572451644","74.5590873339799","76.6446709054042","78.6828473139629","81.1860897551039","83.6698784096763","85.9027613731522","88.35718293839","90.7688382675195","94.5946670692278","96.2191110721802","97.8466190500361","100","101.186944157655","102.830260924697","103.117848919313","104.754174569527","104.453421998864","104.495050905533","104.857405192946","107.049372669237","108.50656911661","110.633366617931","111.80923199994","111.384966342017","110.044785895727","110.949828625356","112.789648971759","113.013908215974","115.040938160363","","",
"Qatar","QAT","GDP deflator (base year varies by country)","NY.GDP.DEFL.ZS","","","","","","","","","","","4.06034423328643","4.72779663452368","5.17462400653585","6.62145572929699","18.6750411128534","18.3780753690817","22.35431220102","26.5338211603572","26.734277491843","34.3752018855759","46.7797071337832","51.0514750165897","48.0821130315774","41.6965546753251","41.2996633273184","38.7258981055879","30.1904023862571","32.5262642901731","34.0498120894588","34.4427466699126","37.7846397948036","35.9336684100108","35.8525434996673","34.0076603499022","34.5527008962971","37.236477500481","39.7155174125565","38.0955316403319","31.092745687655","36.0301083370751","47.7956014796124","45.4287915075224","46.795746194702","54.8336024427825","62.0205247378062","80.9632674309439","87.7331029592241","97.3573020497945","119.651700411347","90.6743309051512","97.0027915881187","114.725367818215","121.987440275706","122.923679939019","121.10102776793","90.6685726141803","82.5295277108578","88.9565721681484","100","95.5440857882136","81.1165272533996","99.3401842127332","125.046361592531","111.67455211318","",
"Romania","ROU","GDP deflator (base year varies by country)","NY.GDP.DEFL.ZS","","","","","","","","","","","","","","","","","","","","","","","","","","","","","","","0.0346449468482639","0.102203971583823","0.30646770046035","1.00309555594965","2.39762979877799","3.45099184387692","4.96950707283173","11.6951584068597","17.3245667418802","25.9041188970036","37.0897388683454","51.1676136710353","62.7899631065695","77.327883674716","89.2801421545018","100","110.606579357102","128.10036754771","148.615503290797","154.696222101658","163.872975039767","170.399297318896","176.89191852002","179.358829539343","182.433346460945","188.388946804441","193.324583813028","202.316703030211","214.833529027904","229.756968985063","239.20116699052","252.620962658531","283.167794623307","319.32814584357","",
"Russian Federation","RUS","GDP deflator (base year varies by country)","NY.GDP.DEFL.ZS","","","","","","","","","","","","","","","","","","","","","","","","","","","","","","0.000763564632061965","0.000884993637892495","0.00202335893372664","0.0321798732827318","0.317885897155314","1.29474308226338","3.15926203284306","4.6136718338153","5.30842177497189","6.29254835420437","10.8475105051288","14.936797228175","17.3983245555057","20.1232338461087","22.8714914233351","27.5041462217393","32.8067894267087","37.7673093908249","42.9947730380534","50.7396443623909","51.7395261889436","59.0819390408053","73.5334321773968","80.0836935611151","84.344257272697","90.6617021254988","97.2344360981971","100","105.349815087676","115.882665065733","119.664070340812","120.738948098629","144.176296540821","168.275759638082","180.178916407102","",
"Rwanda","RWA","GDP deflator (base year varies by country)","NY.GDP.DEFL.ZS","0.717671815947653","0.768803877738364","0.707519953308291","0.803397600604323","0.932142094300994","0.997055210923532","1.36456252937857","1.86899306511257","1.88485131681138","1.86064738168048","2.04552893602277","2.04319977119599","2.08092404007031","2.16241830623867","2.50639227480505","4.7112442315022","4.62215047789587","5.24667078207971","5.43894756734738","5.76883527676226","5.94563710696582","6.40408745536977","6.71681059333924","6.88131956767712","8.04128222455055","8.40829679891113","7.81788868556312","7.86989926013393","8.04503413512156","8.47118657313682","9.61153272040095","11.0512380960266","11.8561310595069","13.5006360253527","15.821571258729","23.9327502280715","26.5465453814846","30.6935146166037","31.3774277083023","34.8624987442928","36.0043840594876","35.8630347073893","33.98839894274","40.9088797407396","45.4476825578216","49.5519748503144","50.7717478856436","57.3396020581957","65.6274868134619","70.3183144162547","72.5594816748482","77.7775803856398","81.4508869082509","83.6416728461162","87.5999091969375","88.0255823771837","92.4533766856479","100","99.3966709807931","101.852931988365","108.689134560956","111.794938892804","129.58654166359","142.713819320597","",
"South Asia","SAS","GDP deflator (base year varies by country)","NY.GDP.DEFL.ZS","","","","","","","","","","","","","","","","","","","","","","","","","","","","","","","","","","","","","","","","","","","","","","","","","","","","","","","","","","","","","","","","","",
"Saudi Arabia","SAU","GDP deflator (base year varies by country)","NY.GDP.DEFL.ZS","4.58537930173375","4.50347213086594","4.46321711366686","4.25412704457148","4.20217567730103","4.18366803778811","4.265406457293","4.3676755813399","5.21624986134057","5.26928203045545","4.13950705542087","4.78587573940421","5.00625191602061","5.65284647617931","14.1678337530655","15.2986892244317","18.2331110241024","19.9302896990852","20.7594880615425","25.774706491406","35.4724577580196","39.226610189668","39.4055735140029","37.6110528416317","37.0100906814956","35.6061575963249","30.1645325664543","31.0348399673245","29.9830428764439","32.257236262685","36.3688460838293","37.7753064164716","37.449677155418","36.1867526893295","36.440106051693","38.5220127824731","41.2749226972657","42.0607933578039","36.2316548906344","40.1744677562582","44.9588951465871","43.5332145547754","45.1367292744858","47.2325240765657","52.1299875103581","62.4146331551543","69.2835504614237","74.8585109157492","88.110601394995","73.5205026610813","86.1596275405502","99.438638751446","103.42835116549","102.505151889248","100.410557157873","83.9061271845071","81.9255644803343","87.1584094481062","99.999993101687","97.977252902887","88.9784653120787","100.813224184035","118.943419540491","115.416881943782","",
"Sudan","SDN","GDP deflator (base year varies by country)","NY.GDP.DEFL.ZS","0.0100444712176356","0.0109025456294387","0.0110762291424813","0.0115980100338982","0.0120510257181678","0.0117624425234042","0.0125157505902772","0.0133617884726512","0.0136781478077561","0.0148554889384315","0.0159430054033956","0.0169891650994041","0.0194195416306223","0.0239154728616699","0.0276078032932692","0.0290666730989272","0.0310623972577887","0.0364684964037732","0.0455527707033539","0.0564739940057153","0.0689132750930354","0.0861258675336797","0.112471985179102","0.141780001504329","0.189470374450949","0.276947226812673","0.356271993123551","0.448515633431496","0.802226706919359","1.09695398445232","1.82352790995577","3.44232553801217","7.20250354575595","14.2240332601875","36.8782204137477","75.436254383629","100","137.921169977767","162.281180462539","187.959869657773","206.479812970592","250.117238154997","277.132989403558","304.291812032169","356.8551733091","421.283243955309","453.520909128241","522.93963801837","569.434288111142","580.037905599872","711.529130006618","898.86300945802","1169.67778845959","1595.77537188958","2139.40793674555","2439.40764353514","2944.01345174616","3963.30070339588","6181.77117043643","9394.98741404506","20260.5642236232","67977.321927175","147425.188415181","462510.922344082","",
"Senegal","SEN","GDP deflator (base year varies by country)","NY.GDP.DEFL.ZS","10.9408286452786","11.2109114763287","11.4955842870562","11.6664725410233","11.8992595318678","11.9531418563302","12.0028935475327","12.1628919825707","12.0969242726232","12.9275929264624","13.1916855970337","13.5876747124718","14.1452638945108","15.2322422296754","17.7853480647464","19.8536318887565","20.6059286577095","22.2881873324318","23.7976842217144","26.1076257933072","27.5320683329085","30.5737543118543","33.5461517304192","36.663278494362","39.4945891935132","43.0065320917275","45.3874093737731","44.5995046759059","44.0909223494709","45.0477952136327","44.9726228877316","44.5572204707699","44.1885243921272","44.2257619549073","59.2808159268278","63.4974646827467","66.1399226866361","67.4480573730609","69.3224597332747","68.9582064472799","69.8606348075027","74.7473409396659","76.1710126622088","75.4680456710467","75.3662127798861","78.9241603068593","81.2015106401352","86.5516446823608","93.6631975518463","92.0811899138836","93.5585550646654","97.1675486175666","100.348922575133","101.539191722068","100","101.069784619646","102.035657531319","102.646766253698","101.784898362616","103.907929657529","105.57329719868","107.101266154658","116.448921315799","120.934334861082","",
"Singapore","SGP","GDP deflator (base year varies by country)","NY.GDP.DEFL.ZS","26.3879545482344","26.4755118199299","26.5995709237759","26.8457017250442","26.9972777843532","27.2896067903888","27.8629597961166","27.9637568343307","28.3656783351315","29.0116302306063","29.4604291312147","30.8903044053865","32.6590902832686","36.9733074884854","43.0057144772343","44.248161255181","45.0091647892098","45.9123540427252","47.7680757728897","50.2689258658652","55.8624040423671","59.1445936439827","61.8255917617306","63.7863530926107","64.2889384955023","63.3467945090805","62.5531758669904","62.8862264536473","66.3014021590768","69.0589905042973","72.3029836187647","75.5098705398946","76.5577233236359","79.2037012322612","81.9463191814352","84.5491623428586","85.8226611135938","86.7538303080878","85.6010032880116","82.538345107662","85.7271955144877","84.1717340772221","83.4167846362342","81.9160759153556","85.1595660577594","86.7780394934048","88.3783853573157","93.6075792942469","92.3143386980297","95.0412346985344","96.0941097778915","97.2191778888894","97.7007489753583","97.279600720971","97.0196014916219","100","100.489627028999","103.397838954444","107.124400917736","106.905422958222","104.298437395908","115.003385691598","130.503700732854","126.498503079795","",
"Solomon Islands","SLB","GDP deflator (base year varies by country)","NY.GDP.DEFL.ZS","","","","","","","","","","","","","","","","","","","","","3.9922811194605","4.5170401349932","5.10415052668008","5.45889513886211","6.05513299622912","6.62487192299166","6.96260589344752","7.76290570491635","9.06800892962412","9.38118527801766","12.580820440463","13.49238571939","15.2675860060291","17.8659174217774","22.8571345823231","25.0374353423707","28.0629319185856","30.4407665638542","33.8357284846137","36.4324782723113","38.457782981361","42.2677964049317","47.0352249319878","59.211271861897","61.4392956116042","68.0128739237694","73.6876784537668","80.5364657443008","85.7142857142857","89.8912516450786","91.4601037970528","95.5546152309085","100","102.352274337537","106.108884867287","109.671780311056","110.05008481296","112.885729587614","121.756148414917","123.267511177347","121.633085896076","114.937494125388","117.255337506655","121.81539108931","",
"Sierra Leone","SLE","GDP deflator (base year varies by country)","NY.GDP.DEFL.ZS","0.00164955879842203","0.0016495534075088","0.00164955525278744","0.00164955797052391","0.00164955337811385","0.00173528232448656","0.001782715723834","0.00167841413191877","0.00179031177631103","0.00204391094476006","0.00200012344766047","0.00186152448477943","0.00197229201352815","0.00243036072223606","0.00277451953350996","0.00302058641360914","0.00327081734523222","0.00391670118452104","0.00485084009124475","0.00541041997099874","0.00508532132947237","0.00552765845751941","0.00655036522515759","0.00782368783958697","0.010934954014622","0.0184680117417144","0.0329661034836382","0.0875832380092117","0.143888962450931","0.232368127525177","0.396400385110287","0.906812127465157","1.65061189683787","2.09192479598213","2.6162039036117","3.49519577033962","4.52909169408267","4.6311216390455","5.73217649948312","6.71775843913253","6.93817759004991","18.5979936477027","17.8663177030098","20.2242581020965","22.8183132813524","26.6097510241806","29.9341045255214","31.910359751851","34.8504902082851","37.8295344885821","44.424706792973","52.1080112760524","58.3824488691669","62.4453709582772","63.5664925267004","76.0511663553966","80.5014591916314","87.7111703895921","100","109.91558334837","124.509014340853","133.763718137873","169.816287500401","219.429896997076","",
"El Salvador","SLV","GDP deflator (base year varies by country)","NY.GDP.DEFL.ZS","","","","","","10.5392820043338","10.4154119932232","10.3744265531737","10.3946392421314","10.438860973873","10.943842077389","11.0320995150751","11.076262834474","12.0555557373982","13.2188141506917","14.525887765548","17.0874135206604","20.2181061773428","20.4122026416516","23.5888327348614","28.920212817608","29.5013320745","31.1395117259069","31.6343179357633","32.6004576210826","33.6286045482701","33.3097518325532","34.1005065908504","35.4323890063425","36.6212857023201","38.4910690635986","41.3472597024325","42.7613041559397","46.4359043514528","50.9885399375871","56.5610948396095","60.2837869450384","62.3236747759283","64.9600255405084","65.6057965116279","67.7528325859492","69.997911893771","71.0553234584526","73.1625908739366","75.1509111317965","78.3784648528737","81.774362538907","85.3686381565081","88.3585031996688","88.3285537849178","90.6232594043347","96.0183730148333","98.3953558122678","99.0165372011043","100","101.307617777231","101.973964790965","102.980005721718","104.747413546988","105.635687012894","106.326029240361","110.730132782148","118.639855062969","121.877352843482","",
"San Marino","SMR","GDP deflator (base year varies by country)","NY.GDP.DEFL.ZS","","","","","","","","","","","","","","","","","","","","","","","","","","","","","","","","","","","","","","84.3811394891945","85.9232175502742","87.2590108968986","89.4995898277276","91.9191919191919","94.1130906274206","96.420581655481","98.3594864479315","100","102.012072434608","100","102.831969792322","103.859649122807","105.345211581292","105.506072874494","108.797909407666","110.974539069359","111.405835543767","110.578424123843","112.034416137749","113.987574674839","116.340615736095","117.404085490811","117.808632749575","119.978000000001","123.295","","",
"Somalia","SOM","GDP deflator (base year varies by country)","NY.GDP.DEFL.ZS","0.00420716363926064","0.0046189440814137","0.00458088261287425","0.00473187638476716","0.00535191431998197","0.00604203955414529","0.00584830969887612","0.00582933698449364","0.00602738144318419","0.0064205104477878","0.00697345298753021","0.00693394590622731","0.00762747134365034","0.00843812770772964","0.00993403041156481","0.0114526686169797","0.0134304961761717","0.0148232489947932","0.0166478995098814","0.0192577923970808","0.0365127785253828","0.0437029247198434","0.0561289804224004","0.0765998696584392","0.131451811919209","0.168282143940107","0.234013867470823","0.30353031697559","0.497584282046316","1.00862556969064","3.18554420987834","4.31733665834267","5.39669259906926","8.34671295713468","13.0054095385697","17.1021131439367","22.2211820054942","29.689967176609","36.2085910242959","41.4181695161222","47.469280548908","51.3823569029867","55.3493146628167","58.8249601417034","62.8224794932865","72.9141582493255","67.9065844806867","70.2949746472795","71.7429737200936","73.4476812785592","62.1757373874359","60.3802276518757","63.8644952455968","57.1799174217352","62.2822019306019","66.6101629984146","69.3291021777332","69.74350106625","73.213470177689","81.8961605182228","86.2905741301518","92.6662395916661","100","104.572465613199","",
"Serbia","SRB","GDP deflator (base year varies by country)","NY.GDP.DEFL.ZS","","","","","","","","","","","","","","","","","","","","","","","","","","","","","","","","","","","","2.14208166505924","3.97536491046001","4.68692704958887","5.83905203068145","7.52474865032297","13.4857304380895","24.8343425075535","29.5781275071114","33.283879247724","35.9894113508335","40.9867789710908","46.6590317379124","50.7798109475325","55.6030730864697","60.294263167855","63.2790154780905","70.2411722088299","74.4865798856263","80.2973414554782","82.6335176716901","84.4259385573192","85.7293295705882","88.2989415811892","90.0649198854737","92.1794921219884","94.6216581590886","100","110.515921949947","125.811582098697","",
"Sub-Saharan Africa (excluding high income)","SSA","GDP deflator (base year varies by country)","NY.GDP.DEFL.ZS","","","","","","","","","","","","","","","","","","","","","","","","","","","","","","","","","","","","","","","","","","","","","","","","","","","","","","","","","","","","","","","","","",
"South Sudan","SSD","GDP deflator (base year varies by country)","NY.GDP.DEFL.ZS","","","","","","","","","","","","","","","","","","","","","","","","","","","","","","","","","","","","","","","","","","","","","","","","","113.415495612731","99.9992028882911","112.925502281573","156.778249885648","229.690961237275","313.556089063221","229.835720958347","270.492125013458","","","","","","","","","",
"Sub-Saharan Africa","SSF","GDP deflator (base year varies by country)","NY.GDP.DEFL.ZS","","","","","","","","","","","","","","","","","","","","","","","","","","","","","","","","","","","","","","","","","","","","","","","","","","","","","","","","","","","","","","","","","",
"Small states","SST","GDP deflator (base year varies by country)","NY.GDP.DEFL.ZS","","","","","","","","","","","","","","","","","","","","","","","","","","","","","","","","","","","","","","","","","","","","","","","","","","","","","","","","","","","","","","","","","",
"Sao Tome and Principe","STP","GDP deflator (base year varies by country)","NY.GDP.DEFL.ZS","","","","","","","","","","","0.106844968839058","0.100226846407909","0.103848082290287","0.125229893584418","0.126771883662248","0.125719385622612","0.126746171424126","0.120652644196667","0.126262990429836","0.125592478613602","0.156538440234831","0.197088045847106","0.196313777630096","0.197235116000173","0.22797930614472","0.222860513048978","0.286898976788152","0.415298084802328","0.553683612407931","0.771599694336225","1.09751602727267","1.37568359080797","1.91988646931187","3.36724345457743","5.86538833139918","8.80183142626498","17.5364129902958","24.3956024352719","28.298903506926","30.535873983238","33.5821374137644","35.9948369939822","40.1395748970534","45.6948108934686","52.4756200357986","62.4945666970151","70.8219670326675","77.6227044199643","100","113.953348800769","121.890568895425","136.128245720736","144.932698765888","155.371559886205","162.553917864464","169.874853943396","181.856928683961","189.27809850933","206.161064181056","229.383805309422","250.643732576239","263.587816803507","305.1836902349","371.373381971524","",
"Suriname","SUR","GDP deflator (base year varies by country)","NY.GDP.DEFL.ZS","0.00560958128845976","0.00578505594813148","0.00600475823867009","0.00616610003520082","0.00617820131082318","0.00632686099633009","0.00655422565616956","0.00677899368071854","0.00688966218008069","0.00709288079569752","0.00731204121008547","0.0077057486447544","0.00803427973087854","0.0089027931666687","0.0107063564262303","0.0118288719002936","0.0118063569083814","0.0135959579954007","0.0146230722520656","0.0156514259403769","0.0174357990346698","0.0182048462810226","0.0195587384985349","0.0196518260969106","0.0195903003087535","0.019406241113986","0.0196491763868592","0.0230403931015321","0.0253207909516449","0.0283920745789946","0.0425621132542116","0.04781327211072","0.0644995888828725","0.166056585085626","0.893822361772904","3.36751011898327","3.76765620515065","3.82393367716531","4.48209477579747","7.79764311502773","12.5341515442305","17.4889302567833","24.0391086804745","29.1637606323282","32.90778317995","38.0215907997653","52.8637463713946","56.2603484650546","64.9925977264533","69.2064735519375","74.1869549245246","84.4577284656797","93.5244350427556","93.8833501834255","95.370168743931","100","124.06936382588","158.988817218312","167.988528302193","176.688500627301","256.58307633809","415.855823902228","621.385427697411","821.897846148592","",
"Slovak Republic","SVK","GDP deflator (base year varies by country)","NY.GDP.DEFL.ZS","","","","","","","","","","","","","","","","","","","","","","","","","","","","","","","24.7716216845775","33.3443715018777","37.0838148230065","42.8606998657334","48.6248151070701","53.4343287009498","55.935236876372","58.5805962997949","61.5117784090167","65.9984176046978","72.3878429490288","76.2788569003416","79.3652795906148","83.687576178432","88.6295770840021","90.9752183217042","93.6094417702597","94.7119045430771","97.53939846945","96.4444485866474","96.898246757395","98.4677761517437","99.7861437603769","100.319063416892","100.186038680987","100","99.6090900610398","100.78634358584","102.91157264409","105.382693307125","107.920076386621","110.341728596261","118.605162508533","130.627564434022","",
"Slovenia","SVN","GDP deflator (base year varies by country)","NY.GDP.DEFL.ZS","","","","","","","","","","","","","","","","","","","","","","","","","","","","","","","3.81746173923718","7.44129370902027","22.9324169386096","31.4355551779262","38.5366070528193","44.3768524600131","49.4787001468981","53.5856977888108","57.5586957843304","61.3235269665254","64.7184371460263","70.3489451571212","75.7094010137277","79.9971710086199","82.68361588139","83.9263488897165","85.7925348878522","89.3960369385172","93.4233422621947","95.976453398957","95.5047582463797","96.8079384471204","97.4145557717759","98.5180659352987","99.1402597856523","100","100.88548333031","102.184513795953","104.413112491294","106.854905205442","108.125976607865","111.034526843985","118.270814637717","130.15715658262","",
"Sweden","SWE","GDP deflator (base year varies by country)","NY.GDP.DEFL.ZS","7.76445369368695","7.99252507551293","8.31384593285189","8.54346614386994","8.91925327786115","9.45379663268107","10.0728294482252","10.577502286757","10.8304651926272","11.2006733422211","11.7800962360758","12.6176950174201","13.497547756374","14.4469342715189","15.8133465097664","18.1082429265653","20.2665583188727","22.4005395965356","24.539582165038","26.4888122427759","29.5923765528989","32.1868414845292","34.7890205920586","38.2519412850124","41.1728526506046","43.809770809708","46.5797413788171","48.7787472966642","51.9840994386906","56.1036661654907","61.4188269120784","66.4839078904838","67.1589463972151","68.6446843843293","70.3624638995895","72.9693432418081","73.7372363119636","74.8422486575692","75.4911849886129","76.2490511517102","77.4476384576596","79.4533537296044","80.7432565882968","82.2352759218876","82.5762523994575","83.2075088606199","84.6603727651899","87.1359505892568","90.0651068454093","92.1896528345498","93.1394454658888","94.1800925704742","95.0743494243729","96.0361667170998","97.7962281811052","100","101.652020011999","103.915354424242","106.633904996946","109.215138700455","111.174090110482","114.220964294468","120.825148660454","128.25477126249","",
"Eswatini","SWZ","GDP deflator (base year varies by country)","NY.GDP.DEFL.ZS","","","","","","","","","","","1.31134527075903","1.40477657782846","1.54001814195626","1.92857513825447","2.12700518281283","2.21663147837585","2.51743454081822","2.78040890447011","3.07401893080516","3.49170756624238","3.77836061816791","3.9109940935819","4.50467069930103","4.71805341124202","5.24010444673407","5.55384900742102","6.32675467592364","6.39717885496709","7.94098504645238","8.17061746912177","10.6532520194593","11.5883678995707","12.8849034871491","15.1255572138648","16.7848953875956","19.5794765125786","21.0836433894225","23.4755492471067","25.2139789291743","26.5679844856966","33.3010933094588","36.27908332575","39.5133375764471","41.8863093565873","43.5078489596274","46.3605816573892","48.2340878419432","50.6526886912973","55.9335232917277","61.3981861757266","63.3611939163693","66.7452805205075","72.5844069553629","74.3120434068099","79.0011806649699","83.5256036250148","88.9699222110432","94.2156548930375","97.5148721310839","100","104.864031139916","105.040194798486","115.298313638865","117.166409205349","",
"Sint Maarten (Dutch part)","SXM","GDP deflator (base year varies by country)","NY.GDP.DEFL.ZS","","","","","","","","","","","","","","","","","","","","","","","","","","","","","","","","","","","","","","","","","","","","","","","","","","66.570635711727","67.3220577738072","67.5206685335994","70.1358091892655","71.8321671035117","94.143602479329","97.9166758294011","97.6025154507527","100.09705768955","100","100.759240923004","102.082896592562","106.823318701786","110.520298697648","112.756258497889","",
"Seychelles","SYC","GDP deflator (base year varies by country)","NY.GDP.DEFL.ZS","3.21760973235681","3.26448718127993","3.28404213211993","3.28396124783274","3.42778510709367","3.51179395825579","3.2493131513262","3.31557464209338","3.42824019618272","3.50885950650728","3.61080519420181","3.66765480652901","4.68400662326782","5.27175924001779","6.37536867542231","7.23650479555235","7.8974994806648","11.3570186896377","11.3053170584437","13.2283479138762","17.333887586345","18.6073479478538","18.9285339087883","19.5317871663552","20.1437659351281","20.6029251987447","21.7869089055562","22.5873214569355","23.474721424187","23.9737390505954","25.5009087780659","24.979885255428","26.1460100627872","26.9377930028588","27.6532698342434","27.0800368018563","25.4334982184586","25.6559537369898","28.3271961320221","28.9097830897211","29.2717177173461","31.0739075891797","32.1966580094527","34.1113400689583","42.5280130349456","42.7230656873438","43.3392794531796","48.1410097113108","63.5106606093675","81.4092118525371","79.683572284632","80.5317093919307","88.9370325118207","93.9532870510615","100","98.9968135812864","96.7252639116457","98.9813714914881","102.393637441864","102.523626408918","107.886051471381","110.852982551611","112.54059831651","111.491146553549","",
"Syrian Arab Republic","SYR","GDP deflator (base year varies by country)","NY.GDP.DEFL.ZS","2.91713706762386","2.90064264611765","2.82094021391194","3.45568539077013","3.52878788956086","3.42461619762497","3.68457583344288","3.7191272601623","3.87992728955352","3.75672769328032","3.79034910230041","4.09935028393104","3.75688538405481","4.48406635381425","5.72766049739734","6.39906796116505","6.84298362388914","7.61322033611693","8.3028493059383","9.90296245289779","11.3767233172901","13.5453154505598","13.7810001382347","14.3501594766737","15.9669226025351","16.1293135860275","21.0407411306453","26.4446929225163","32.6442343965764","42.445300562437","52.5568604714934","56.6800499919045","59.8438966890446","62.7666126614846","71.6102294465889","75.4854548627453","83.1631406301724","85.4560500837289","84.8427212560832","91.1568835192621","100","106.554118436008","106.974074136436","105.44366000856","116.332163789945","130.234379660296","142.081158241865","157.381969636318","182.484592058537","177.411113386781","189.651176405648","211.60155114101","267.139034363381","352.009623588671","482.586129220329","667.004236000145","912.935645054123","1252.73885751758","1417.94930994931","1699.14785728803","2745.59209606055","5992.9160619185","12713.5910863254","","",
"Turks and Caicos Islands","TCA","GDP deflator (base year varies by country)","NY.GDP.DEFL.ZS","","","","","","","","","","","","","","","","","","","","","","","","","","","","","","","","","","","","","","","","","","","","","","","","","","","","99.2494899227918","100","102.624675487245","105.269086569421","105.92509021516","108.23892171619","110.636830135749","114.920860247695","113.817685065111","102.287676508561","126.656944007707","140.133625169512","157.9965133009","",
"Chad","TCD","GDP deflator (base year varies by country)","NY.GDP.DEFL.ZS","8.82305208408076","9.26974802668585","9.41199972228438","9.94303086247178","10.7614667566762","11.3711793544493","12.0515028177517","12.4467062937212","12.6995567681331","12.9620997631142","13.4623787542516","14.6728820309552","15.4877674851029","16.5275533599872","17.1449720959117","18.5544089051436","20.1221684129734","21.8563007993926","24.0200255573693","25.987207515043","28.2571652570172","30.5332116162984","33.348613000301","33.3526571685345","41.3794254223448","39.2636147813552","32.6151751767154","31.5933150559939","34.5510592258026","34.1182689784107","36.8519369499682","37.9845808511194","33.0820804766841","32.6471822164454","46.8633858856191","51.0028884022674","56.8470313934641","58.9974326342964","62.9794105614015","58.2100640127166","61.2892628078136","69.7457424641536","71.0763652975438","71.1325189610967","78.0567407973595","100","109.984427920414","113.616041429408","123.442488105488","111.642923746489","118.778240764109","128.969887697139","130.385004259966","124.985282193608","125.792418813764","115.12519998869","113.512480966647","113.544550414599","119.238421043545","122.643911032552","115.953812735451","124.263731185116","143.083624739975","141.743497550527","",
"East Asia & Pacific (IDA & IBRD countries)","TEA","GDP deflator (base year varies by country)","NY.GDP.DEFL.ZS","","","","","","","","","","","","","","","","","","","","","","","","","","","","","","","","","","","","","","","","","","","","","","","","","","","","","","","","","","","","","","","","","",
"Europe & Central Asia (IDA & IBRD countries)","TEC","GDP deflator (base year varies by country)","NY.GDP.DEFL.ZS","","","","","","","","","","","","","","","","","","","","","","","","","","","","","","","","","","","","","","","","","","","","","","","","","","","","","","","","","","","","","","","","","",
"Togo","TGO","GDP deflator (base year varies by country)","NY.GDP.DEFL.ZS","9.30084583326196","8.65473188587526","8.71665447044959","8.99340096269248","9.12469011251824","8.91262570048743","9.42401064802751","9.58875077698182","9.59459468199963","10.0588349979831","9.89575609451816","11.1221605857581","11.0807469218406","11.4280589909998","16.2315099692914","15.5394251249987","17.7475796265296","21.4137691491643","18.7789790482998","20.1962283607139","22.3099104003305","25.1315389778485","26.912550300994","30.750313268853","31.328248586107","32.3938593348832","34.2062309565709","34.7736581725817","35.6728272373337","36.0268281591969","37.0989665496378","38.0899143838338","39.3260976460317","36.1026264919222","49.0426675641503","54.4786600015293","57.4139308722836","58.5828983390445","64.1814506255602","64.8971554349217","71.4189669998334","72.5859911113371","76.2355099053155","74.0299350408788","72.6175260733846","76.8846464713891","76.4934856583375","80.2904633088461","87.5761796538873","90.3061305649968","90.2218424397363","92.7657330554889","94.3894975170569","95.9783331814891","96.4389099505656","98.5631806912328","100","99.1150484664224","99.5652906884292","99.5771823126909","101.502122386193","104.005537707961","108.327813521577","111.138449380197","",
"Thailand","THA","GDP deflator (base year varies by country)","NY.GDP.DEFL.ZS","15.4923366939927","16.0653412955338","16.1521743512618","15.9637209871437","16.3911948672885","17.0987327057113","18.5085794251418","18.1999132110867","18.1538700674655","18.7590057148496","17.8219561225165","17.6818179300037","18.8023033297947","22.2705090685059","26.7991485766321","27.7339091576151","28.9811266726367","30.7242541251464","33.7036411856421","36.6175155932082","41.2688492097478","44.7240516571597","46.9861291809964","48.7007261703096","49.4058477080632","50.4815131916701","51.3160510054615","53.739817660962","56.9203531747841","60.4020249427405","63.889143872489","67.560548718841","70.5943241698845","75.1763580369346","78.6891714908557","83.2061157554684","86.6160196363833","90.4454596967185","97.7387196881377","95.2200388408497","96.4874651291056","98.3376433852723","100","102.149549016092","105.795531422996","111.182170344553","116.857145440521","119.747417322797","125.894986704863","126.140195053238","131.287962823946","136.202200092778","138.802496825726","141.271440536499","143.307819422865","144.342664638679","148.147779225714","150.962505534876","153.119135002088","154.672411347264","152.663564647983","155.367346697863","162.773701569878","164.759928322872","",
"Tajikistan","TJK","GDP deflator (base year varies by country)","NY.GDP.DEFL.ZS","","","","","","","","","","","","","","","","","","","","","","","","","","0.00137748760243853","0.00132198860526078","0.00139896794524439","0.00136295269914259","0.00146194094186583","0.00155389575520868","0.00310209665481553","0.0209085816057739","0.273319288929173","0.992180390576231","3.91445689125835","20.7627775910654","34.3107391620406","64.4617637626306","81.5448684420571","100","130.947706315931","155.591675225369","197.73596596453","232.204466136055","254.297152924137","307.858335302683","391.712798197884","502.032783390021","562.910290270803","633.058300290311","717.409239182052","802.555066570075","831.711967984394","871.356860974967","931.186409717782","936.227757557127","1028.02926268784","1053.65009126127","1092.19981804079","1110.28621129111","1221.80901587115","1322.75821003773","1351.70306949344","",
"Turkmenistan","TKM","GDP deflator (base year varies by country)","NY.GDP.DEFL.ZS","","","","","","","","","","","","","","","","","","","","","","","","","","","","2.03030349788808E-05","1.9750101237556E-05","2.13918792804912E-05","1.69294570798168E-05","3.49019244092938E-05","0.00111307561226985","0.013735243369253","0.144536947999079","1.16456090418652","12.9733437459343","20.9908759029619","24.6887972258366","30.3685301771464","37.4943685762762","49.6106223174076","62.0892318332315","78.9491466558112","93.4345496232577","100","112.249959293056","122.654794893926","195.92924225524","215.05392720514","220.013260343661","248.301364893961","268.836096548485","271.934286939472","273.754019429738","259.646659603213","247.013284258251","243.203245924758","246.148135515297","256.936198508464","245.760137263143","252.572067620307","280.460779387872","271.251253125031","",
"Latin America & the Caribbean (IDA & IBRD countries)","TLA","GDP deflator (base year varies by country)","NY.GDP.DEFL.ZS","","","","","","","","","","","","","","","","","","","","","","","","","","","","","","","","","","","","","","","","","","","","","","","","","","","","","","","","","","","","","","","","","",
"Timor-Leste","TLS","GDP deflator (base year varies by country)","NY.GDP.DEFL.ZS","","","","","","","","","","","","","","","","","","","","","","","","","","","","","","","26.6307110715388","27.7124841727238","31.9124922932685","33.4304019534758","34.3908279807588","35.4438780326631","38.3361306818657","38.4247002557622","39.9143409019865","42.7822665844273","44.065262227991","49.2799578382004","51.9371517488548","55.4691075049012","49.6530990267127","50.5654633995229","51.7692240384344","56.1579678671896","60.2332189949991","61.2964111295475","68.0168264095315","75.8834303238175","80.5582040668547","93.9653192172911","93.2812036726704","99.9999937118091","100.141360776179","99.928260505788","98.5665431028443","103.656798784117","83.7270656622502","133.196239305624","148.458565426552","117.529542202448","",
"Middle East & North Africa (IDA & IBRD countries)","TMN","GDP deflator (base year varies by country)","NY.GDP.DEFL.ZS","","","","","","","","","","","","","","","","","","","","","","","","","","","","","","","","","","","","","","","","","","","","","","","","","","","","","","","","","","","","","","","","","",
"Tonga","TON","GDP deflator (base year varies by country)","NY.GDP.DEFL.ZS","","","","","","","","","","","","","","","","","","","","","","10.1148881335457","10.9104409072321","11.8113225370315","12.5807573565038","13.8685433603514","16.111165633941","17.8853344030698","19.5073882453416","20.83488569698","23.3866898650615","25.5993753855156","27.5058900280221","27.5239808353882","35.4029956444076","34.1912923532953","35.2083999647805","35.1668631563345","36.1611088300557","39.0055808591854","40.0352239414469","41.6449279108928","44.8179800453046","49.9270975122523","54.1254460593099","58.5920113083224","69.2813431293956","72.3343971491677","75.5405782594657","79.2487744573162","85.3680319357025","85.7737190705944","89.4487729287665","87.3992764567365","87.4355811815994","91.9839432948191","94.7191367918042","100","104.937340881589","109.898783346916","110.380630126563","113.112067992102","115.462570482083","","",
"South Asia (IDA & IBRD)","TSA","GDP deflator (base year varies by country)","NY.GDP.DEFL.ZS","","","","","","","","","","","","","","","","","","","","","","","","","","","","","","","","","","","","","","","","","","","","","","","","","","","","","","","","","","","","","","","","","",
"Sub-Saharan Africa (IDA & IBRD countries)","TSS","GDP deflator (base year varies by country)","NY.GDP.DEFL.ZS","","","","","","","","","","","","","","","","","","","","","","","","","","","","","","","","","","","","","","","","","","","","","","","","","","","","","","","","","","","","","","","","","",
"Trinidad and Tobago","TTO","GDP deflator (base year varies by country)","NY.GDP.DEFL.ZS","3.65052930486708","3.49574241891828","3.60227551696252","3.73559681113901","3.64299981726138","3.74329979508086","3.53468450515984","3.69761662213349","4.02753185602503","4.02534604900169","4.10076962737664","4.3728705564504","4.85869306666076","5.88789577717245","9.27412287973632","11.5529099623053","12.4766399367797","14.1413099474341","14.5888570391929","18.1934693899984","22.3301259801945","23.9423196427728","26.854171820773","28.5526103161154","30.2688241033348","30.6434304829337","30.2604889990324","31.7289311492502","33.048211026178","35.4223979146047","40.9089328905268","41.5521815521583","38.6789075013655","42.0872096794778","47.6712575171188","49.6588094761851","50.5772706109119","48.7850308174479","47.8793445849663","49.9396798330798","55.9539919151886","57.5173171488715","54.530710372775","60.2447443564822","65.5970228177818","74.3354814844712","75.6209000403128","85.263963999593","105.550410542348","76.384940593441","86.1112918286554","99.6563424993","99.9998556477841","101.65376437606","100.722554092075","91.9258347558302","91.2441899378154","98.7386779732585","101.391842796354","97.5264996935728","93.8284087618424","111.743404251733","135.002261257104","121.253788563616","",
"Tunisia","TUN","GDP deflator (base year varies by country)","NY.GDP.DEFL.ZS","","3.02144275714061","3.21752097448662","4.20531366301162","4.68334715947679","5.4613477380159","5.5447917540689","5.77387194424916","5.85061293077539","5.93139606800574","6.32282597020428","6.66952587697","6.86205665222461","7.44950382737638","9.26678988088968","9.72962529322161","10.0115463355521","10.9779918481792","11.6877113355328","12.901812229768","14.5530845282593","16.2137003313852","18.8091344376837","21.1980292600181","22.6779066612761","23.4936584135377","24.3212619647066","25.5788442491546","27.5494880226428","29.981910369874","31.3240519300835","33.5282634706735","35.43653962855","37.09898938158","38.7781110346367","40.8531647683043","42.6329718036991","48.6550225448786","50.2468572288298","51.9358646134115","53.641219971057","55.740510764657","57.0140715335252","58.544760392321","60.5069521200372","63.0336232555835","65.4502229363799","66.8420065874266","71.0800065418112","73.2287871046648","80.1599097810574","83.8241106878555","87.7318321170049","91.6800016047234","95.9565624025982","100.000018485074","104.93498299841","109.881498149862","118.589237313959","127.050831071421","135.697520811367","141.826679744973","146.159422341603","159.14954039631","",
"Turkiye","TUR","GDP deflator (base year varies by country)","NY.GDP.DEFL.ZS","5.55949889478754E-05","5.80263804389149E-05","6.13854915045297E-05","6.53244109496004E-05","6.68611262485949E-05","6.96143709208075E-05","7.37547487531145E-05","7.81357000872185E-05","8.18550814936094E-05","8.74836964619289E-05","9.50462284927121E-05","0.00011111102486961","0.000123306211014034","0.000150347532762189","0.00019393681169968","0.00023526327248555","0.00027199412142198","0.00033751484855645","0.000497973277877522","0.000880022692693872","0.00169847217579741","0.00244676925965527","0.00313741476674559","0.00396124483591994","0.0058720238765843","0.00898739542625212","0.0122234766113485","0.016332059565768","0.0276041418498561","0.0484189982537108","0.0766203523558659","0.1219520995239","0.201464183380466","0.339224240318075","0.694558705275812","1.29193157849924","2.28960651885308","4.15460236245479","10.12225913732","15.6166171764855","23.3251006377014","35.6826831339725","49.0903873895102","60.5231856474295","68.0447112469632","72.8659621926985","79.6980251766556","84.6391100298056","94.8348672245297","100","107.009283602597","115.784951326489","124.37928997851","132.190445829612","141.958683461453","153.095224254072","165.542597900735","183.723184042899","214.060064204913","243.745393522511","279.79373237886","360.858371794353","707.413034648407","1190.1087789362","",
"Tuvalu","TUV","GDP deflator (base year varies by country)","NY.GDP.DEFL.ZS","","","","","","","","","","","11.6294728606842","12.4153755111603","13.2625223910182","14.1728982883843","15.1401336166219","16.1576055441361","17.2320208821894","18.4200430353272","19.755169130134","21.0764312544998","22.3737388995296","23.7476399504133","25.6743072357855","28.0032781691328","29.066050374407","30.1299257208359","31.9191255583181","32.986047189787","35.1148694219185","38.5886671284588","39.37951052132","40.4203391938317","43.3888359572312","44.4937043514639","42.418111601098","44.6028202603957","50.2639277162438","49.6078063426534","50.9673810617982","54.0873251657565","61.9047619047619","64.2857142857143","67.3913043478261","68.1818181818182","72.0930232558139","73.1707317073171","76.1904761904762","75.5555555555556","79.1666666666667","80","79.5454545454545","80.8510638297872","82.6086956521739","83.3333333333333","89.5833333333333","92.4528301886792","100","102.969962228369","110.482232193512","117.595900125214","118.643474089806","124.201642901426","131.091799190234","138.962680207613","",
"Tanzania","TZA","GDP deflator (base year varies by country)","NY.GDP.DEFL.ZS","0.118417747034721","0.124787636661707","0.125529117010684","0.131654827116113","0.135328380040092","0.132034094404749","0.135637466884826","0.134032210464595","0.135224878542769","0.137556228454002","0.142398889625421","0.146628902341012","0.155830654174215","0.172107999386665","0.205733367539756","0.235159984350063","0.292388802667675","0.345488999190951","0.377135481243095","0.41499072600023","0.468891048432794","0.552046022078812","0.657041384505663","0.798775076436429","0.962072866575187","1.28942214425902","1.61771081927182","2.18953227340865","2.9859590916846","3.60108887891521","4.40950400798481","5.64913042388065","7.08262444815852","8.81517507248698","11.5628611117925","14.6688712390424","17.5019665458247","21.1051370289486","24.1067335981716","26.8886506554052","29.0938169263036","30.4949661930227","32.7006764534172","35.4536426262824","37.8948468435464","40.3300464475875","42.5522704363415","46.4242672761766","54.0289125871963","58.9140244909296","64.4688606933796","72.3330449456468","79.9163647028428","87.6412272238503","92.9442628187053","100.000000148067","107.472033826728","110.307279272753","113.66212321107","116.254084418822","123.721100525439","127.029777967289","130.539121456213","134.126613118314","",
"Uganda","UGA","GDP deflator (base year varies by country)","NY.GDP.DEFL.ZS","","","","","","","","","","","","","","","","","","","","","","","0.028183752045279","0.0411326339187876","0.0515296514859604","0.113538345440252","0.269404779689772","0.756995133935274","2.19509750653398","4.72926582105292","6.82811823328037","8.60474930662038","12.4827402272113","16.2446476030413","17.3571618964486","18.9846453571061","19.8527147125961","20.4672095412994","22.2653985722853","22.2402096042911","24.7127217349062","25.8333141243771","25.0145126793813","26.9673308648981","31.1708770426651","30.6281343162712","31.3649309069891","33.6612350697103","35.8035291589492","66.3630139458511","70.1043029434793","76.688257561025","79.6311354001411","82.4874292352235","86.6994908755232","91.1973389654348","95.5574840065791","100","104.443385271664","107.576699171176","110.504382301799","113.316850658901","118.894630962861","126.917658692282","",
"Ukraine","UKR","GDP deflator (base year varies by country)","NY.GDP.DEFL.ZS","","","","","","","","","","","","","","","","","","","","","","","","","","","","3.29231786761564E-05","3.34888411323889E-05","3.47771880656821E-05","4.0428163157607E-05","7.92807864058584E-05","0.00148114951425108","0.0508565338057685","0.535517243018554","2.76225085703599","4.58935996031037","5.41883149229032","6.06974249399412","7.73284748908133","9.85948973862018","10.8652479924926","11.4360800112521","12.3697604378308","14.2636618373972","17.7006421542283","20.3296292284946","24.973393079606","32.2207003231833","36.2901518888632","41.2521871734151","47.1025346796887","50.862523295066","53.0540843607439","61.4906056023153","85.3991859533563","100","122.098317497802","140.899663973741","152.518569075464","168.220294962594","209.946929966714","283.250499205471","335.596482056202","",
"Upper middle income","UMC","GDP deflator (base year varies by country)","NY.GDP.DEFL.ZS","","","","","","","","","","","","","","","","","","","","","","","","","","","","","","","","","","","","","","","","","","","","","","","","","","","","","","","","","","","","","","","","","",
"Uruguay","URY","GDP deflator (base year varies by country)","NY.GDP.DEFL.ZS","2.92267504132913E-06","3.4612329586932E-06","3.87625624117441E-06","4.64758141576346E-06","6.52295097992969E-06","1.05792341081497E-05","1.82299016706419E-05","3.25455683179654E-05","7.03795225304642E-05","8.94384571260706E-05","9.31836662560297E-05","0.000122713541582313","0.000207590898467105","0.000605281327979974","0.000777708050948648","0.00129082333434612","0.00190127295360167","0.00295850794175344","0.00434313879901239","0.00778326063526911","0.0120455843834033","0.0153394011910954","0.0181253841751428","0.0278643428780992","0.0435657905350509","0.0758119520542316","0.129610641624913","0.223946439648339","0.391091981732142","0.688632673582279","1.42434493531715","2.8602009652295","4.56555639710253","6.75026319781067","9.3799755418511","13.2302985628656","16.7272963864438","21.3248215815008","23.9656673253685","24.8962532446134","25.7774084500945","27.0215855720301","30.4307035600335","35.4644395176593","39.0481409897593","39.3128359880623","42.2276465574415","46.5834148611089","50.7304514650803","55.1019322849602","58.2685615290298","64.0228268511361","70.0492395058362","76.3531433586166","84.1569359472426","92.4509557147285","100","105.680171409291","113.633196177109","123.015132456699","136.518064638971","151.781633354677","158.224237845244","163.65286427836","",
"United States","USA","GDP deflator (base year varies by country)","NY.GDP.DEFL.ZS","15.7957919396161","16.0090594399595","16.2083137508142","16.3847227703567","16.6311391173962","16.9504280188764","17.4417833878245","17.9914227087098","18.7771420055498","19.7082044230552","20.7453937092704","21.7971452369545","22.7401173482217","23.9862583693481","26.1447081243556","28.566437707407","30.138589296408","32.0112001254309","34.2628457442855","37.1055387987158","40.4573212231603","44.2854593426994","47.0215940003724","48.8633869466405","50.6263189758705","52.2273890995827","53.2791925902157","54.5991251626476","56.5251092259821","58.7413228050462","60.940203834968","63.0010865565076","64.4367895554784","65.96415078209","67.3726162861179","68.7852101748941","70.0445054248398","71.2523864652208","72.0531675436637","73.0727905608817","74.7280318881458","76.410675446577","77.5980932623914","79.1301238282843","81.2580021785633","83.8058099105923","86.3902442614464","88.7307792856828","90.4403638161742","90.9981825388819","92.1040713320202","94.0042791549293","95.7547938722917","97.3844259036065","99.0804906455533","100","100.950322479212","102.75814417028","105.112220503843","106.847061617325","108.266880351916","113.210330412923","121.281639244701","125.645827265005","",
"Uzbekistan","UZB","GDP deflator (base year varies by country)","NY.GDP.DEFL.ZS","","","","","","","","","","","","","","","","","","","","","","","","","","","","7.48684761149002E-05","7.38898854340099E-05","7.49099599027997E-05","7.78911436012717E-05","0.000148559659550523","0.00120652617614317","0.0142235302274263","0.190395502933724","0.896656108358545","1.62792628118468","2.70377502655218","3.75819201072264","5.41613206914746","7.97756256804895","11.5865700936784","16.8565045433793","21.3681788657179","24.7696241845316","30.0779692920426","37.1360079026466","45.2677166625086","57.3956554419249","67.3030438902575","100","121.626509936149","140.355526504115","157.18119470592","179.225727796925","198.045682926359","215.731892196611","288.389035205775","363.027458892895","426.83320363371","472.121650193154","536.769141592297","614.400217940481","692.174303170295","",
"St. Vincent and the Grenadines","VCT","GDP deflator (base year varies by country)","NY.GDP.DEFL.ZS","5.05321557109216","5.17966157968866","5.18244577656935","5.21798789461891","5.41880817126715","5.49865790392617","5.85957367368194","6.54676652514568","6.76350537634788","7.13226728640715","7.13644834700768","7.4378678134807","7.9111533770368","9.92330125981884","12.4485457958686","14.374229208667","15.4831440779415","21.2511535661227","23.8658858841018","26.9746500162776","30.4957982807353","36.1415208391772","38.5482278929783","40.5478958248275","42.0158400621667","42.6819853895223","44.6383409329865","48.5148368387486","48.6198692462752","51.2943693218014","55.1270796960297","57.787874389903","59.2530318740856","58.5448496353206","59.9325364006489","60.7185558089864","62.8833294398064","63.7378143803989","65.7844368748646","66.9799347178334","72.1787262171685","76.5955083772816","76.7539730640064","75.0857325650897","77.899364818679","80.1612386176119","83.12902657373","89.2194016059678","91.2340848658036","90.190451565644","95.2236175373338","94.9199451495999","95.9571751196247","98.1087089339429","97.6724870133222","96.9575499694111","96.3820879819389","98.4750669777893","100","102.312470615646","101.42547177151","101.027429581392","104.466444618809","108.679726912969","",
"Venezuela, RB","VEN","GDP deflator (base year varies by country)","NY.GDP.DEFL.ZS","0.178324867006403","0.181915849352405","0.183125688237041","0.192135160381551","0.191430979527296","0.195579688630844","0.200752628289114","0.20563940261015","0.207829665889568","0.211527915359511","0.220746858606721","0.238920191620341","0.253897565208548","0.282335094112289","0.423807474966362","0.433398230282119","0.460240941774295","0.49912406301002","0.529504124211031","0.645706871447619","0.826680683022617","0.930895157521631","0.970779392955982","1.00606971474496","1.43416502058432","1.58360803941899","1.56497177198146","2.15096801297534","2.54884676215047","4.82147815078182","6.83399481416459","8.29986048847306","10.644078260367","14.0124845493167","22.8250320096638","34.6392461711542","74.6561376046117","100","118.890286702572","150.030874789928","194.219205953543","209.75072951237","279.016452993277","376.487379152837","504.318866039764","653.617722461968","770.643501976161","889.696191972166","1157.78347755699","1248.45721669076","1822.03927034193","2334.92858378704","2663.2062350756","3608.7156795691","5068.09798693893","","","","","","","","","","",
"British Virgin Islands","VGB","GDP deflator (base year varies by country)","NY.GDP.DEFL.ZS","","","","","","","","","","","","","","","","","","","","","","","","","","","","","","","","","","","","","","","","","","","","","","","","","","","","","","","","","","","","","","","","","",
"Virgin Islands (U.S.)","VIR","GDP deflator (base year varies by country)","NY.GDP.DEFL.ZS","","","","","","","","","","","","","","","","","","","","","","","","","","","","","","","","","","","","","","","","","","","68.0008338544924","72.059439095856","76.9402228976697","86.7045232034462","84.8278471433976","87.0134594397963","76.2623539982031","80.8195459792228","82.6926754637598","87.9791666666667","100","97.5469728601253","94.7130712008502","97.7321237993597","99.7373949579832","100.37037037037","101.869644248247","103.986878627303","108.463708643242","111.504205838694","117.122085735773","","",
"Viet Nam","VNM","GDP deflator (base year varies by country)","NY.GDP.DEFL.ZS","","","","","","","","","","","","","","","","","","","","","","","","","","0.0212278099025569","0.105730007786979","0.489060834403071","2.49929772697916","4.24102645568602","6.02629070402039","10.3981467349741","13.7909772136162","16.1926723965676","18.9377053945737","22.164727401709","24.09234212605","25.6818114575123","27.9515350597721","29.5544725317069","30.5619335676941","31.3633483890597","32.8370895990656","35.1716761299503","38.1378133600771","45.311734206038","49.1944731371939","53.9320118890197","66.1601874639457","70.2724553928358","100","121.413679281818","132.43520111857","137.783628020144","142.879056681767","140.426520946263","142.981631947039","149.219806374716","154.631482454076","158.37855419817","160.702724872318","165.332197431479","172.030205377658","175.309499001185","",
"Vanuatu","VUT","GDP deflator (base year varies by country)","NY.GDP.DEFL.ZS","","","","","","","","","","","","","","","","","","","","30.1486221427544","34.3430990123662","39.7288593805908","42.9456941249854","44.1471445331719","49.5181846440783","47.8097322436139","46.388574951197","54.0311772589405","59.3241013130516","63.1497120243101","62.5383569010787","68.9597006685886","70.881042781548","72.3430776079537","74.014419806829","75.2963042775563","76.866378856481","79.3084412325605","82.9518117110191","85.505598536718","87.3687403742941","90.5357746751051","93.1381542067981","93.8820884947103","95.8694579544654","96.2716704968875","100","105.776960147173","113.355425108881","116.251332377697","117.962213470299","121.249714054444","120.687072104245","124.316357141619","126.046605467568","133.437751273117","135.542043363469","142.812636395106","147.392131051631","152.225653812371","156.46565864424","157.560473182775","175.247451178551","195.067975281716","",
"World","WLD","GDP deflator (base year varies by country)","NY.GDP.DEFL.ZS","","","","","","","","","","","","","","","","","","","","","","","","","","","","","","","","","","","","","","","","","","","","","","","","","","","","","","","","","","","","","","","","","",
"Samoa","WSM","GDP deflator (base year varies by country)","NY.GDP.DEFL.ZS","","","","","","","","","","","4.09217343235889","4.27260454326912","4.60014297349114","5.14501428253076","6.44591469203469","6.98597996082177","7.30317272495779","8.41169008642714","8.16428748106358","9.33115294991373","11.3840063399714","13.2307175050856","15.9964915357351","18.8593461517026","21.8515021256881","22.1877928563908","22.1190759438575","23.1182894415269","27.3660412595507","26.6019556241963","28.9978446454838","30.7700113088638","33.4057607603416","33.6244782868787","56.565771454921","52.6200470756706","55.0353340436893","61.5495403931629","63.6506205857429","64.3674754070823","65.7030352666859","67.9151570212336","68.9212192776723","70.6769860985454","75.6757990671862","78.6991481844353","82.8498283390758","89.0541947297491","97.1757813440114","98.806122784083","93.7216155644129","92.8688801701262","96.608222657388","98.8749318201729","99.7184469367915","103.67195069319","105.999133564847","106.322330670906","107.489306929598","109.101094247884","110.436065317977","109.992937384054","116.194754184028","126.316344849952","",
"Kosovo","XKX","GDP deflator (base year varies by country)","NY.GDP.DEFL.ZS","","","","","","","","","","","","","","","","","","","","","","","","","","","","","","","","","","","","","","","","","","","","","","","","","99.9999717322478","97.1668425413911","103.37813713417","109.894853061624","113.769089354527","114.170838867495","115.999215096873","116.704305489928","117.61372865617","118.131251577355","119.90194364905","121.056551572359","122.728472288513","130.233981017813","139.60914861591","145.980599795146","",
"Yemen, Rep.","YEM","GDP deflator (base year varies by country)","NY.GDP.DEFL.ZS","","","","","","","","","","","","","","","","","","","","","","","","","","","","","","","99.9990520485947","111.992519470433","126.743888939405","147.499351415081","178.156154153412","259.650734400768","355.124537666365","402.322338392264","368.756779820552","492.146136928543","607.042829597024","623.725583394202","678.063810765236","751.920845700501","858.041840714071","1017.06576867612","1155.27124854056","1281.06044497028","1542.11169157308","1407.86670480708","1740.35261704197","2055.59428896985","2176.73372722095","2377.1882012351","2547.47389940982","3731.44426880556","3736.45973455039","4429.70626363653","5087.67998216372","","","","","","",
"South Africa","ZAF","GDP deflator (base year varies by country)","NY.GDP.DEFL.ZS","0.746488850450175","0.758077726549055","0.759472551188558","0.78228660163924","0.798312886303045","0.8222822185324","0.856160628587719","0.889165493675288","0.924038058402046","0.99229394119964","1.0388378395792","1.10059058805744","1.21859038977951","1.42730119313797","1.63879306326045","1.81815577234375","2.00528009082967","2.21095132160098","2.44355713004553","2.78472034230865","3.42649160168321","3.81733185133987","4.37289327488807","5.11930770105203","5.69013838715409","6.60877317756038","7.70958765494561","8.85430955531139","10.2197177935011","11.9654153706368","13.8135264779694","15.9759680086953","18.3266759804018","20.775900289094","22.8144704940301","25.2871756883173","27.3157351728326","29.5385347987388","31.9239895883521","34.1231802695868","37.2564359990556","40.1626149612901","45.1981867189742","48.0889558871907","50.994573117953","53.8487443629607","57.1144752454419","61.824000521583","66.6773896503651","72.4536798079928","76.8939546192366","81.1531541580179","84.9553469208063","89.9202320356868","94.7458428172568","100.000000176439","106.95217214959","112.806008890395","117.310685699107","122.722843148459","129.339315561787","137.796413208375","144.675859705926","151.626480693119","",
"Zambia","ZMB","GDP deflator (base year varies by country)","NY.GDP.DEFL.ZS","0.00226524223792916","0.00218242879294337","0.00222807565064424","0.00223706816525007","0.00232841001154172","0.00257496662895903","0.00318373641816695","0.0031921056480566","0.0037009242700322","0.0045501461170632","0.00403168400654715","0.00372944785734488","0.00386782942921378","0.00463713479975667","0.00513897246894337","0.00441078528181589","0.0050814269666009","0.00550084888477461","0.00619843837082919","0.00755521869773839","0.00844393270030187","0.00904840158859236","0.0096038468854735","0.0113929807848654","0.0134814545013583","0.0190273676931628","0.034627593787937","0.0561011682951225","0.075450632039245","0.136473092269897","0.281665341285524","0.542641175213357","1.44089656753379","3.51086468145346","6.34561401674523","8.28807784017215","10.3061634259712","12.9241908424904","15.1092673504459","17.8174332515955","23.6283878607846","29.6137558602608","35.3561365355832","41.5815473621037","49.7801075416399","58.0685945460204","66.5130762902781","75.1399624505151","83.1350384107039","87.757085219872","100","111.107413268618","118.876296094847","130.444019154565","137.540858081461","146.700105596621","166.616260348068","183.399244810868","196.992009958915","212.029336888599","241.530824495239","302.258382569342","320.818009618509","343.578859100779","",
"Zimbabwe","ZWE","GDP deflator (base year varies by country)","NY.GDP.DEFL.ZS","2.36389966605112","2.31564538635963","2.32652006967914","2.27189942841371","2.41148519583647","2.47669521108266","2.38431530865174","2.39806235718357","2.49077640616756","2.61731614469494","2.3018472546477","2.4437159454432","2.77248296872042","3.33947392161944","3.76872172672944","4.21847167380355","4.1481114265335","4.5011156716976","4.61279851161399","5.31305499595944","5.98998787569229","6.38527203660201","6.63166448640043","5.93523992997111","4.95030183653032","4.10792585237481","4.43762317904879","4.75665994315908","5.12697147038594","5.1676249124027","5.12006048838849","4.77305862670433","4.09864175030439","3.94325723333287","3.78964084324741","3.90479053001684","4.25561187940486","4.13309076483223","3.01514553982713","3.25656261382069","3.27701057115791","3.27272128508519","3.36150858683517","3.65736422211762","3.93574538921192","4.13790893042848","4.05441922301225","4.09070168640048","4.14589435516763","8.10143659068246","8.31009200818183","8.49056734812469","8.90286467276184","9.62320793968797","9.68335053396419","9.71892906687268","9.91467750544283","29.6771025794369","30.7319129404559","100","704.945864228018","1503.61414467397","5518.07072180434","56369.0597062673","",
