"Data Source","World Development Indicators",

"Last Updated Date","2025-06-05",

"Country Name","Country Code","Indicator Name","Indicator Code","1960","1961","1962","1963","1964","1965","1966","1967","1968","1969","1970","1971","1972","1973","1974","1975","1976","1977","1978","1979","1980","1981","1982","1983","1984","1985","1986","1987","1988","1989","1990","1991","1992","1993","1994","1995","1996","1997","1998","1999","2000","2001","2002","2003","2004","2005","2006","2007","2008","2009","2010","2011","2012","2013","2014","2015","2016","2017","2018","2019","2020","2021","2022","2023","2024",
"Aruba","ABW","GDP (current LCU)","NY.GDP.MKTP.CN","","","","","","","","","","","","","","","","","","","","","","","","","","","726000000","873000000","1068000000","1245000000","1369000000","1561000000","1716000000","1939000000","2230000000","2364000000","2470000000","2742000000","2981000000","3084000000","3353480000","3394658000","3511700000","3658960000","4036147000","4224431000","4420911000","4792978000","5089014000","4571290000","4391939000","4721768000","4681223000","4882851000","4995621000","5303604000","5340707000","5535448000","5864370000","6078480000","4442524249.88378","5243709375.06937","5870024943.05144","6530945913.71127","",
"Africa Eastern and Southern","AFE","GDP (current LCU)","NY.GDP.MKTP.CN","","","","","","","","","","","","","","","","","","","","","","","","","","","","","","","","","","","","","","","","","","","","","","","","","","","","","","","","","","","","","","","","","",
"Afghanistan","AFG","GDP (current LCU)","NY.GDP.MKTP.CN","","","","","","","","","","","","","","","","","","","","","","","","","","","","","","","","","","","","","","","","","167043599900","133474620100","182162721300","221358563000","249791940700","308163225800","348048404600","485419056200","515046858600","611692107000","726231122700","850347275400","1028794220100","1138809791300","1176469485800","1222756495400","1222916881100","1285460326500","1327690394700","1469596303300","1534966000000","1251172000000","1283441000000","1357275145600","",
"Africa Western and Central","AFW","GDP (current LCU)","NY.GDP.MKTP.CN","","","","","","","","","","","","","","","","","","","","","","","","","","","","","","","","","","","","","","","","","","","","","","","","","","","","","","","","","","","","","","","","","",
"Angola","AGO","GDP (current LCU)","NY.GDP.MKTP.CN","","","","","","","","","","","","","","","","","","","","","177.42880075","166.05935147","166.05935147","173.05593188","183.441471","226.00252894","211.5961353","241.86945061","262.37597645","305.21688326","335.9646477","700","3800","29400","678100","15015300","835493000","1751785000","2555800000","17171000000","91666100000","197110800000","665385000000","1328940000000","1967571000000","3222352000000","4209762000000","5006335000000","6643353000000","5577341000000","7701651000000","10500942000000","12224950000000","13195004000000","14323859000000","13950291000000","16549565000000","20262296000000","25627742000000","30330429000000","31700771000000","44535941000000","52183996000000","61993152000000","",
"Albania","ALB","GDP (current LCU)","NY.GDP.MKTP.CN","","","","","","","","","","","","","","","","","","","","","14991970000","15514160000","15968780000","16142520000","15935960000","16276690000","16778610000","16646370000","16409890000","18024720000","16228430000","15833650000","48934320000","120976260000","177981840000","221803320000","334359000000","331324000000","384848000000","443594000000","501199000000","563449000000","610494000000","677738000000","737656000000","804163000000","872735000000","965528000000","1080676000000","1143936000000","1239645000000","1300624000000","1332811000000","1350053000000","1395305000000","1434307000000","1472479000000","1550645485900","1660820462075.06","1712036781040","1655984492630","1866673733560","2149740803640","2369905914034.76","",
"Andorra","AND","GDP (current LCU)","NY.GDP.MKTP.CN","","","","","","","","","","","33075100","37328600","43809600","52817200","64679900","75943900","91389700","115960200","141930500","166030700","192360700","215833200","248204100","282616900","318914300","354366200","405699900","453657900","505070300","565962200","630395100","691276900","744521400","770274000","819228800","883347000","931789600","1038925600","1088194100","1163747900","1551090000","1728690000","1865830000","2092490000","2331570000","2540880000","2755130000","2887770000","2789260000","2644840000","2602310000","2607220000","2481850000","2404540000","2462690000","2514510000","2616860000","2655760000","2725270000","2818420000","2531090000","2810970000","3210310000","3500580000","",
"Arab World","ARB","GDP (current LCU)","NY.GDP.MKTP.CN","","","","","","","","","","","","","","","","","","","","","","","","","","","","","","","","","","","","","","","","","","","","","","","","","","","","","","","","","","","","","","","","","",
"United Arab Emirates","ARE","GDP (current LCU)","NY.GDP.MKTP.CN","","","","","","","","","","","3266600073","4462580035","6206540140","16909196156","46129476175","58313000000","75951000000","97082000000","92041000000","119147000000","161638000000","181103000000","171152000000","157131000000","153477000000","149056000000","124607000000","133569000000","133168000000","152218000000","186125000000","189248000000","199112000000","204200000000","217709000000","241345000000","270080000000","289418000000","277914000000","310126000000","383179000000","379412000000","403300000000","456662000000","542885000000","663317651100","815723000000","947197000000","1158580526300","931152675000","1102444296018.82","1325158236028.17","1412480685472.86","1469802550498.05","1520801959422.1","1359836661959.71","1356090185600.87","1434172962750.6","1568339039568.47","1535067253069.93","1283439648824.91","1524744116447.4","1846283032012.77","1888144013918.44","",
"Argentina","ARG","GDP (current LCU)","NY.GDP.MKTP.CN","0.1315089166","0.1668071896","0.2131359279","0.2534708977","0.359472096","0.4818600118","0.6012399793","0.8004699945","0.9252899885","1.0939699411","1.2001999617","1.664659977","2.7786400318","4.7289600372","6.5193099976","19.402299881","102.33899689","283.90499878","708.61102295","1932.1400146","3840.3999023","7474.2998047","21852.5","109490","790920","5305000","9984100","23332300","111062000","3244039936","68921999360","180898005000","226638004200","236504973300","257440000000","258031750000","272149750000","292859000000","298948250000","283523000000","284203750000","268696750000","312580000000","375909500000","485115194700","582538172900","715904271700","896980174100","1149646090600","1247929268900","1661720925900","2179024103600","2637913848200","3348308488200","4579086425400","5954510895700","8228159556500","10660228494800","14744810677300","21558444149200","27209814143300","46219083510300","82652824186400","191404996704200","",
"Armenia","ARM","GDP (current LCU)","NY.GDP.MKTP.CN","","","","","","","","","","","","","","","","","","","","","","","","","","","","","","","50310000","79690000","310190000","4218410000","187065008100","522255990800","661209022500","804334993400","955384987600","987443691500","1031338300000","1175876800000","1362471700000","1624642700000","1907945400000","2242880900000","2656189800000","3149283400000","3568227600000","3141651000000","3460202700000","3777945600000","4266460500000","4555638200000","4828626300000","5043633200000","5067293500000","5564493300000","6017035200000","6543321800000","6181902600000","6991777800000","8501449400000","9453175000000","",
"American Samoa","ASM","GDP (current LCU)","NY.GDP.MKTP.CN","","","","","","","","","","","","","","","","","","","","","","","","","","","","","","","","","","","","","","","","","","","512000000","524000000","509000000","500000000","493000000","518000000","560000000","675000000","573000000","570000000","640000000","638000000","643000000","673000000","671000000","612000000","639000000","647000000","721000000","750000000","871000000","","",
"Antigua and Barbuda","ATG","GDP (current LCU)","NY.GDP.MKTP.CN","","","","","","","","","","","","","","","","","","209240000","237690000","295880000","357590000","403320000","449350000","499090000","572920000","665130000","803350000","936470000","1110710000","1228900000","1292470000","1361630000","1417780000","1527210000","1687640000","1663240000","1833600000","1982860000","2132360000","2255890000","2431490000","2369290000","2424570000","2559480000","2770690000","3088030000","3519580000","4015710000","4205360000","3743400000","3505290000","3459610000","3583190000","3578650000","3722840000","3881940000","4022170000","4134110000","4486130000","4658450000","3809150000","4323690000","5042880000","5489330000","",
"Australia","AUS","GDP (current LCU)","NY.GDP.MKTP.CN","16614000000","17575000000","17789000000","19233000000","21251000000","23194000000","24383000000","27181000000","29209000000","32754000000","36906000000","40373000000","44548000000","49822000000","60363000000","71256000000","83349000000","96205000000","105059000000","118753000000","134614000000","152360000000","175860000000","189414000000","213693000000","235503000000","260875000000","286366000000","324582000000","368280000000","404703000000","415332000000","423280000000","444229000000","466617000000","495846000000","528969000000","556665000000","589240000000","621807000000","662674000000","707402000000","756446000000","803108000000","864089000000","925442000000","999585000000","1089023000000","1179629000000","1261441000000","1304322000000","1418559000000","1500738000000","1537271000000","1599333000000","1624165000000","1657914000000","1757655000000","1842045000000","1947319000000","1981663000000","2085822000000","2330329000000","2567513000000","",
"Austria","AUT","GDP (current LCU)","NY.GDP.MKTP.CN","12516169382.1121","13881290273.0381","14724904792.2933","15898295671.8664","17409131124.4903","18973652297.2543","20670165912.674","21983445858.1051","23618414169.7179","25786819698.9498","28933520000","32300425000","36912792000","41833061000","47613915000","50504342000","55787549000","61669112000","65227258000","71548735000","76849596000","81892991000","88013880000","93778015000","98470279000","103921308000","109450238000","113639106000","119176806000","127479947000","137009937000","146886762000","155179186000","160297645000","168292833000","175916998000","181541916000","187778736000","195274450000","203064920000","212406815000","219373302000","225087921000","230541872000","240541727000","252354933000","265933651000","282208227000","291846203000","286274126000","294050606000","308167045000","316589410000","321191709000","330113483000","342083540000","355665600000","367294903000","383234317000","395706770000","380317879000","406232064000","448007445000","473226718000","",
"Azerbaijan","AZE","GDP (current LCU)","NY.GDP.MKTP.CN","","","","","","","","","","","","","","","","","","","","","","","","","","","","","","","293200","534400","4820100","31400000","374700000","2133800000","2732600000","3158300000","3440600000","3775100000","4718100000","5315600000","6062500000","7146500000","8530200000","12522500000","18746200000","28360500000","40137200000","35601500000","42465000000","52082000000","54743700000","58182000000","59014100000","54380000000","60425200000","70337800000","80092000000","81896200000","72578100000","93203200000","133972700000","123005500000","",
"Burundi","BDI","GDP (current LCU)","NY.GDP.MKTP.CN","9799999500","10149999600","10675000300","11637499900","13037500400","13415200000","14476400000","15601000000","16030000000","16643000000","21239100000","22123700000","21595400000","24355100000","27189500000","33152700000","38675600000","49278200000","54920300000","70424700000","82775400000","87214200000","91190000000","100658000000","118171000000","138791000000","137201000000","139804000000","151964000000","176743000000","193878000000","211898000000","225599995900","227899998200","233721004000","249864994800","263100000000","342800000000","400200000000","455400000000","627333193100","728046498300","768235261400","849482572100","1007615939900","1208244000000","1309900000000","1467231000000","1911139000000","2191509000000","2501047000000","2819534000000","3365858000000","3812471000000","4184999000000","4879178000000","4897101000000","5485068000000","5414485000000","5559586343900","5910572984100","6612792676100","7969716254700","9116015288000","",
"Belgium","BEL","GDP (current LCU)","NY.GDP.MKTP.CN","14638880289.2954","15569822512.8961","16654512199.8523","17905108027.3245","20039767588.5449","21811882595.9277","23419605981.0656","25102329140.8561","26840494042.7778","29771582746.2852","33102330000","36266123000","40599196000","46130061000","54105540000","59878805000","68055986000","73603256000","79043163000","84538074000","91938570000","96393509000","104307846000","110506023000","119389867000","126978258000","132908805000","138264521000","147935633000","160411128000","170096820000","178197561000","187120977000","192721412000","203106897000","210489100000","214287100000","224101500000","232623800000","242307600000","256376400000","264334900000","273255900000","281200200000","296819700000","310037600000","325151500000","343618900000","351743100000","347734900000","363242400000","378745400000","387934900000","394616300000","404958300000","415538000000","428467100000","443407200000","459491800000","479444900000","463750900000","506023200000","563543600000","596320600000","",
"Benin","BEN","GDP (current LCU)","NY.GDP.MKTP.CN","55462047700","57800011800","57929838600","62216437800","66112991200","71045292000","74422198300","75330887700","80786079700","85981503500","92215746600","92264521700","103414964200","112419971100","133508014100","145062002700","166884999200","184271994900","209598971900","252337012700","296900984800","350837964800","416599998500","417399996400","459300012000","469800026100","462700019700","469561999400","482587410400","479244386300","533629545100","560387826700","594416368900","644069732800","887259268600","1082965970900","1207834857200","1323938197500","1448386288100","2263338000000","2499926000000","2685133000000","2909671000000","3102021000000","3264365000000","3462851000000","3674800000000","3909982000000","4365330000000","4580012000000","4718034000000","5039213000000","5688291000000","6182559000000","6559333000000","6732814000000","7005230000000","7375302197900","7922004056100","8432247506700","9008810371200","9809693955700","10854508073200","11934896172100","",
"Burkina Faso","BFA","GDP (current LCU)","NY.GDP.MKTP.CN","81022959600","85901672400","92999196700","96546406400","100539957200","103640383500","106597359600","110885888000","113989353500","124338790400","126704377900","132835033100","145822056400","150399729700","180801323000","201448276000","233346433000","277918974000","332974096400","371939672100","407499079700","482552217600","576523272200","609811824600","637904355300","697477693400","705183875100","712222048300","779182997500","834394193900","844374999000","884418019300","888488984600","905988997100","1052274262000","1187732652000","1323156242400","1428629487600","1654757130200","2086187976300","2108160114900","2336620419500","2512872151500","2749159243200","2874882704500","3240716112600","3420539891800","3649928073800","4215340616100","4444600582300","5002181838700","5692822881100","6413105899900","6640134954900","6884466390200","6995311000000","7605123000000","8191299000000","8826081000000","9393802001000","10202268001000","10922877001000","11739293983200","12328298364800","",
"Bangladesh","BGD","GDP (current LCU)","NY.GDP.MKTP.CN","20519491600","23124385800","24390785000","25533401100","25853063200","28351856600","30910501700","34817163300","35921691700","40660830900","43165066400","42008847300","37729475200","62922812900","99674260500","172623537500","150239133000","149303279700","200820319200","236906610500","280777000000","330880000000","371249000000","418391000000","473021000000","579239000000","653221000000","753239000000","829265000000","923893000000","1039585474800","1105182177000","1195424572200","1253694434000","1354123301400","1525177900500","1899334000000","2060032000000","2269299000000","2465089000000","2685034000000","2913370000000","3142804000000","3483202000000","3832940000000","4270741000000","4823369660200","5497997000000","6286822000000","7050718000000","7975387000000","9158288000000","10552040389000","11989231719000","13436744000000","15158023000000","20758211000000","23243072000000","26392481000000","29514285000000","31704694000000","35301848000000","39717164000000","44908417000000","",
"Bulgaria","BGR","GDP (current LCU)","NY.GDP.MKTP.CN","","","","","","","","","","","","","","","","","","","","","25791000","27818000","29013000","29814600","31670900","32595300","34423800","36531300","38345100","39579200","45390600","135700000","200800000","298900000","525600000","1275677000","2187139000","19032357000","26460038000","25042936000","28124880000","30986688000","34068712000","36637911000","41201297000","47017240000","53608436000","63494488000","72847049000","73181465000","74887599000","81126316000","82642828000","82253423000","84147688000","89571386000","95349439000","102682967000","109781654000","119906489000","121088413000","139601966000","168360033000","185232505000","",
"Bahrain","BHR","GDP (current LCU)","NY.GDP.MKTP.CN","","","","","","","","","","","186465225","200450117","234246939","304171399","411388903","434697056","625722704","787071154","880309863","1033926322","1316826211","1482609184","1558678326","1596883456","1669768837","1561293558","1305000813","1450202933","1582897649","1651803330","1808376138","1973590600","2031239400","2223288400","2380316100","2500844000","2608750700","2714497300","2643772200","2830704400","3407650000","3375050000","3607160000","4164130000","4944460000","6004240000","6957790000","8170480000","9667300000","8624770000","10079050000","11247920000","12018240000","12717570000","13074470000","12228760000","12740640000","13989010000","14877560000","15208000000","13474950000","15355920000","17551830000","17326030000","",
"Bahamas, The","BHS","GDP (current LCU)","NY.GDP.MKTP.CN","173200000","193900000","216500000","242500000","272000000","306400000","346800000","398000000","453800000","538700000","539500000","573400000","590900000","670900000","632400000","596200000","642100000","713000000","832400000","1139800100","1335300000","1426500000","1578300000","1732800000","2041100000","2320699900","2472500000","2713999900","2817900000","3062000000","3166000000","3111160000","3109000000","3092000000","3259000000","3429000000","3609000000","6332360000","6833220000","7683870000","8076470000","8317830000","8881160000","8870090000","9055290000","9836200000","10167250000","10618340000","10526000000","9981960000","10095760000","10070450000","10720400000","10395800000","10974100000","11671900000","11745100000","12236700000","12615800000","13016200000","9958200000","11368900000","13136400000","14338500000","",
"Bosnia and Herzegovina","BIH","GDP (current LCU)","NY.GDP.MKTP.CN","","","","","","","","","","","","","","","","","","","","","","","","","","","","","","","891650","1200100","16416400","1227627200","2034400000","2674985700","4192441000","6367297000","7244156000","8603006000","11819602100","12678173200","13982386800","14728006000","15998147500","17650338700","20057214800","22547858600","25519329600","24798520400","25364952600","26231262000","26222709800","26778754000","27358709700","28928938000","30265105000","31802727000","33941770000","35784879000","34727498000","39145339000","45617938000","49779827000","",
"Belarus","BLR","GDP (current LCU)","NY.GDP.MKTP.CN","","","","","","","","","","","","","","","","","","","","","","","","","","","","","","","433","900","9200","98500","1779300","12140300","19183900","36683000","70216100","302606400","913380000","1717320000","2613830000","3656480000","4999180000","6506710000","7926700000","9716530000","12979080000","14209130000","17046580000","30724500000","54761670000","67068850000","80579000000","89910000000","94949000000","105748000000","122320000000","134732000000","149721000000","176879000000","193741000000","216100300000","",
"Belize","BLZ","GDP (current LCU)","NY.GDP.MKTP.CN","40103500","42807100","45510800","48214400","51706500","57300000","63500000","68700000","75000000","79000000","88900000","97100000","105700000","127700000","176500000","213700000","216100000","235300000","272600000","303600000","514800000","521500000","497100000","524300000","580700000","574600000","623000000","742200000","842900000","982200000","1094300000","1194200000","1392500000","1505700000","1544600000","1638100000","1701700000","1746800000","1859000000","2000500000","2277800000","2345600000","2489300000","2617800000","2801700000","2949900000","3182300000","3414200000","3477800000","3377000000","3491400000","3654100000","3818800000","4065500000","4276500000","4386100000","4480400000","4532600000","4586500000","4776600000","4085700000","4841100000","5693400000","6133700000","",
"Bermuda","BMU","GDP (current LCU)","NY.GDP.MKTP.CN","72400000","76500000","80700000","82600000","92200000","98000000","115000000","134800000","150000000","164900000","186300000","211100000","235400000","269500000","312600000","345000000","386300000","447000000","475800000","517200000","613299968","739100032","785500032","889400000","985699968","1039500032","1173500032","1296499968","1415100032","1501500032","1592400000","1634900000","1679900000","1820359900","1867160100","2030750000","2695390000","2932827000","3130748000","3324433000","3480219000","3680483000","3937228000","4186525000","4484703000","4868136000","6144000000","6767000000","6980000000","6656000000","6634526000","6312691000","6378188000","6465756000","6413988000","6654541000","6899911000","7142316000","7225977000","7423465000","6887147000","7286607000","7827980000","8141700000","",
"Bolivia","BOL","GDP (current LCU)","NY.GDP.MKTP.CN","4479","4872","5327","5736","6463","7180","7950","8979","10192","11044","12082","13016","16720","25272","42026","48118","54667","64581","75202","90210","111259","144462","358425","1256050","19346939","2366157670","7609768831","8934398081","10805500141","12693905530","15443135928","19132128300","22014006000","24458969300","27636341900","32235072900","37536646800","41643866100","46822325700","48156174800","51928492100","53790326600","56682328500","61904448600","69626113100","77023817400","91747795300","103009182400","120693764200","121726745200","137875568000","166231562900","187153877600","211856031700","228003659166.789","228031369894.573","234533182042.419","259184717362.476","278387647199.59","282586680850.555","253112220692.699","279206231813.687","304097234686.708","311885600240.923","",
"Brazil","BRA","GDP (current LCU)","NY.GDP.MKTP.CN","0.0011573091","0.0016919273","0.0027098909","0.0048639273","0.0095322182","0.0155134545","0.0228323636","0.0301029091","0.0418803636","0.0550545455","0.0706601105","0.0939258602","0.1260293808","0.1861215459","0.2709586014","0.3816427535","0.5941683927","0.9065374124","1.315362053","2.1677221866","4.5482930909","8.7330138182","17.7020792727","39.7768487273","126.5040054545","475.5340421818","1273.6839276364","4037.8057352727","29375.6302541818","425595.310393455","11548794.5454545","60286000","640958800","14097114200","349204679000","705991552900","854763607800","952089196100","1002351019200","1087710456100","1199092070900","1315755467800","1488787255200","1717950396400","1957751213000","2170584503400","2409449922100","2720262937800","3109803089000","3333039355400","3885847000000","4376382000000","4814760000000","5331619000000","5778953000000","5995787000000","6269328000000","6585479000000","7004141000000","7389131000000","7609597000000","9012142000000","10079676679200","10856112278700","",
"Barbados","BRB","GDP (current LCU)","NY.GDP.MKTP.CN","137180652","146338239","152199095","171246876","170147965","180038159","194049267","218225297","251467337","282786284","332420406","368959177","410626198","510901804","640206932","812441000","873479000","993562000","1112015000","1348300000","2036000000","2241000000","2341000000","2486000000","2709000000","2835000000","3113000000","3428000000","3646000000","4035000000","4047000000","4064000000","3914000000","4150000000","4327000000","4459000000","4754000000","5025000000","5666000000","5937000000","6119000000","6109000000","6213000000","6419000000","6889000000","7639000000","8434646800","9351535900","9580820800","8933619200","10382377000","10684367600","10542515000","10722316700","10731953400","10576115500","10661523000","11034680900","11259832400","11576576000","10336688900","10550484100","12514607000","13441466400","",
"Brunei Darussalam","BRN","GDP (current LCU)","NY.GDP.MKTP.CN","","","","","","349100000","406400000","425600000","492300000","493500000","548200000","602900000","763600000","1064800000","5652498730.40129","5919761356.70559","7547843120.6486","8980023023.59587","9324465944.33003","13143827981.0285","23115265990.5402","19790047934.3404","19115127422.4142","16751395635.1222","16281370485.731","15329817689.3142","9123986912.582","10357245622.3728","9126609603.45795","9719350392.65209","10947483785.6862","10856783311.2784","10308048515.8085","10023300820.8421","9879175605.48904","10913991682.4324","10805676159.0433","11571144220.1086","9289907009.10124","10693602995.3271","11328159251.9675","10922622464.4887","11339942206.1069","12487489104.9203","14568377343.871","17554732386.5199","20091448343.6969","20243438516.996","22570448566.7148","17328141627.948","18689782890.2058","23302575510.0926","23802306198.9659","22638782901.0493","21663593182.1831","17778007375.7514","15747723314.7226","16747678102.2898","18300660513.62","18374986777.5148","16564437814.1911","18822028195.7988","23003104766.6727","20318507736.7386","",
"Bhutan","BTN","GDP (current LCU)","NY.GDP.MKTP.CN","","","","","","","","","","","463590848","497223909","532674974","610849117","752653376","727201330","792649449","855370564","770833409","856279565","1011718850","1205042822","1337327416","1582540640","1822825265","2019678535","2411419721","3146310366","3789594793","4296490109","5036894802","5464876700","6226392600","6890681800","8124378200","9419773500","10750720400","12790595200","14996062000","17192514600","20706099300","23409662500","27189951700","30369293300","33323395600","37943221600","42719066200","51924163100","57318854500","64444052000","78139959030.3079","92301520126.7712","105452353103.957","113896452706.564","127495510905.652","140352636929.567","158413270287.339","168753299438.758","176672953055.356","192647769887.814","182107417018.516","204664413162.738","227813716551.241","","",
"Botswana","BWA","GDP (current LCU)","NY.GDP.MKTP.CN","21693100","23515300","25424300","27246600","29849700","32800000","36900000","42049500","47500000","55550000","68950000","90800000","127100000","169450000","207950000","262650000","323500000","380250000","488950000","668200000","824550000","898500000","1045050000","1285850000","1611050000","2120950000","2616900000","3299500000","4835800000","6213550000","7052350000","7970750000","8747900000","10080305000","11434600000","13114200000","16114900000","18327800000","20244000000","25361400000","29530900000","32065900000","34416000000","37181580600","42036500200","50752072000","57831669700","64870361100","73257846600","72399012700","85852896700","103330101800","106260330200","119867022300","138860798400","137052846800","164418211000","166646763500","173725394700","179901643500","171388715300","207896582700","251358407200","263716600000","",
"Central African Republic","CAF","GDP (current LCU)","NY.GDP.MKTP.CN","27500003300","30200000500","30500003800","31700000800","34800005100","36900000000","38800000000","40300000000","47474848000","48882781000","52269637900","55470778500","58046469600","60443775600","67733982000","81151726200","107803103500","124632850100","137780646300","149067829200","168399988700","188799998000","245900130800","251000322300","278699993600","388545000000","388647000000","360942000000","376748000000","393634000000","392255000000","388567000000","373723000000","362103000000","472576000000","556745000000","515538000000","547331000000","570683000000","615377403800","651102539300","683069686500","690985647100","662425831200","670964091200","705416000000","763713000000","813587000000","889060000000","972276000000","1060142000000","1148896000000","1281561000000","835453000000","935578000000","1002592000000","1081516000000","1203324000000","1233635000000","1301484925000","1339227987800","1395475563300","1486181474900","1550084195700","",
"Canada","CAN","GDP (current LCU)","NY.GDP.MKTP.CN","39338053869.2468","41574439195.0876","45247543766.8137","48684216344.8305","53395049625.3475","58911136641.7614","65988268369.7787","71040394695.6083","77630812863.3538","85501327264.8224","92152090000","100582598000","112317864000","131777520000","157408306000","177419777000","204369810000","225807825000","250234837000","285694063000","321268761000","368358000000","388181000000","421316000000","461986000000","500027000000","526630000000","574336000000","626894000000","671579000000","695501000000","701773000000","718436000000","747037000000","791972000000","831621000000","859834000000","906895000000","940539000000","1007917000000","1106063000000","1144535000000","1193687000000","1254742000000","1335724000000","1421573000000","1496574000000","1577660000000","1657040000000","1571334000000","1666046000000","1774063000000","1827205000000","1902249000000","1994897000000","1990442000000","2025533000000","2140641000000","2235672000000","2313563000000","2220526000000","2517123000000","2813289000000","2892140000000","",
"Central Europe and the Baltics","CEB","GDP (current LCU)","NY.GDP.MKTP.CN","","","","","","","","","","","","","","","","","","","","","","","","","","","","","","","","","","","","","","","","","","","","","","","","","","","","","","","","","","","","","","","","","",
"Switzerland","CHE","GDP (current LCU)","NY.GDP.MKTP.CN","45532173440.7116","51221889688.0814","56803089632.1088","62462660471.3978","69237503923.4492","73379091564.7407","78797946998.6625","84822308178.0194","90572991509.0623","98137934865.6436","109316546000","124183066000","140719507000","156815860000","170127002000","168987597000","171163921000","175781826000","182877484000","191160776000","205370179000","220471247000","233572545000","240628982000","257187147000","272689730000","286186859000","297101275000","315400597000","340440355000","369198757000","385605029000","393625509000","402258170000","412190663000","417228341000","420368494000","427826113000","439954879000","447465787000","471540038000","483636918000","482077197000","487606519000","502265680000","520848315000","553721552000","589085155000","614407719000","603039074000","624545119000","635738744000","643645589000","654611669000","665618374000","668006382000","677848331000","684558467000","709521556000","716878590000","696619959000","743330231000","781460269000","795110102000","",
"Channel Islands","CHI","GDP (current LCU)","NY.GDP.MKTP.CN","","","","","","","","","","","","","","","","","","","","","","","","","","","","","","","","","","","","","","","3590000000","3871000000","4256000000","4330000000","4446000000","4491000000","4672000000","4855000000","5259000000","5755000000","","5841775057.88136","5761419992.77421","6022136834.45803","5985230317.5591","6137384740.69152","6398165217.65937","6616974610.33037","6790767429.38864","7125152102.33872","7515604547.27679","7859414223.26847","7363052405.02427","8112256861.365","9174424071.012","10062627387.456","",
"Chile","CHL","GDP (current LCU)","NY.GDP.MKTP.CN","4521000","5070700","5957900","9069100","13759400","19285100","27583300","35767300","49452900","72043000","103127300","132786200","246559400","1205476300","9609527600","37425087200","134962124500","300760724300","506241301200","812187712700","1132431685000","1345885243700","1289341223100","1603846028300","1932426506200","2847686144400","3644650048600","4883059000100","6380116701600","7977983648900","10096424396000","13212666667000","16665745886000","19924680966000","23953800141000","29141591313000","32393861842000","35946985040000","37741618688000","38461785405000","42215029917000","45409054801000","48428963170000","52897338900000","60391763165000","68467939844000","81577533476000","90159479206000","93867121298000","96138477277000","110777866880000","121509298510000","129973394040000","137309192010000","147951290040000","158622902850000","168764687920000","179314910110000","189434867410000","195531722450800","201257745107300","239561981379100","263842660899600","281870320628100","",
"China","CHN","GDP (current LCU)","NY.GDP.MKTP.CN","147010000000","123230000000","116220000000","124830000000","146990000000","173400000000","188870000000","179420000000","174410000000","196220000000","227970000000","245690000000","255240000000","275620000000","282770000000","303950000000","298860000000","325000000000","367870251960","410045367150","458758107780","493583283730","537335013630","602092410070","727850230680","909894802710","1037615445370","1217459467450","1518038647670","1717974173480","1887286882720","2200562845800","2719453090000","3567323035800","4863745033400","6133989133700","7181362958700","7971504449200","8519550709000","9056437577700","10028013925300","11086312304600","12171742474800","13742203491800","16184016090700","18731890311800","21943847481700","27009232371800","31924461277900","34851774373500","41211925579600","48794018052500","53857995346900","59296322954900","64356310454400","68885821804900","74639505948400","83203594856000","91928112906700","98651520229200","101356700223100","114923697861100","120472395261800","126058207462620","",
"Cote d'Ivoire","CIV","GDP (current LCU)","NY.GDP.MKTP.CN","133926436900","151630987300","158103633900","186469007400","225685553200","225399996400","251599994900","266400006100","317200007200","353900003300","402300010500","436200013800","466099994600","559100002300","738999992300","834499969000","1114000064500","1539199991800","1782800056300","1944899944400","2149899960300","2291399917600","2486599942100","2605799964700","2989499875300","3134800003100","3171574087700","3031708991500","3054484062200","3112694972400","2939329970200","2960043016200","2952100053000","3127745970200","4615726170100","5490705694700","9244342143400","10533806866000","11574650148000","11618853071000","11773496809000","12311998549000","12524564515000","12323837640000","12398020711000","12673666407000","13207658125000","13765549263000","15198896568000","15936745398000","17286284724000","17291860798000","18534370818000","21119264228000","24116592041000","27086367000000","28686711000000","30491647000000","32506103000000","35379003000000","36277950000000","40366859000000","43771176887900","47843485792500","",
"Cameroon","CMR","GDP (current LCU)","NY.GDP.MKTP.CN","150600319000","160100302800","170100342800","176000352300","190300405800","199500005400","209099997200","230299992100","259000008700","286099996700","318199988200","340599799800","377600868400","423800012800","519299989500","612299964400","692500037600","833999994900","1052200009700","1259100045300","1410199978000","1796399956000","2172500049900","2617999884300","3195000062000","3838866882600","4106168565800","3921899946000","3644487893000","3513100009500","3352800002000","3340200050700","3195299954700","4582084386900","4942679965100","5423134077700","5674926754200","6297476427600","6665360691300","7118457948300","7504468904900","8022307400000","8614011492400","9261144581200","9927778712300","10286732737000","10924187810000","11452867470000","12360954483000","13136692225000","13610554063000","14434774484000","15395858195000","16658553319000","17966123162000","19043066557000","20038566000000","20960865000000","22203329000000","23243662000000","23468507000000","24960500000000","27662000000000","29891400000000","",
"Congo, Dem. Rep.","COD","GDP (current LCU)","NY.GDP.MKTP.CN","0.0005710987","0.0005401807","0.0007937667","0.0015688294","0.0015848499","0.002224146","0.0024929631","0.0039142333","0.0065293335","0.0084041664","0.0081457338","0.0093432665","0.0103101004","0.0131432999","0.0160269235","0.0170963631","0.0254803002","0.0352433327","0.0428383343","0.0868066691","0.1343166693","0.183156669","0.261600076","0.4727933419","0.9461033354","1.1958700456","1.6085966793","2.8700065939","5.5244002445","11.468667142","22.390333146","472.0806651115","17654.5701637268","269238.531005859","69502312.625","396421800","2896399900","7999999900","9989899900","51823853700","1317075195100","2231456730100","3025905347400","3623266448400","4113594421900","5670065000000","6767519545400","8648878513700","11067568514000","15101187902000","19536676926000","23759424583000","26954556933000","30051179396000","33223988462000","35111225972000","37517392392000","55676093127000","77180538689000","85314148014000","90181047764600","110114746435800","132063706072500","162254030092700","",
"Congo, Rep.","COG","GDP (current LCU)","NY.GDP.MKTP.CN","32300007400","37200007200","40800010200","42200006700","45500010500","48600010000","54200000000","58399990000","62200000000","68899960000","76000000000","88700030000","103500000000","120800000000","140900000000","164400000000","180300000000","188000000000","198300000000","255000000000","360400000000","541700000000","710000000000","799200000000","958500000000","970800000000","640412500000","690558983000","659000000000","762300006400","762000000000","768700000000","776400000000","760100000000","982360000000","1056200000000","1299700000000","1355700000000","1150100000000","1449300000000","2292500000000","2048300000000","2104900000000","2031800000000","2455800000000","3506269000000","4217179000000","4203698000000","5195837000000","4572804000000","6505751000000","7377578000000","9033228000000","8869805400800","8847796130900","7351595596600","6477966441600","6871766653000","8206110586100","8189066000000","6601216000000","8221300000000","9866026000000","9293289000000","",
"Colombia","COL","GDP (current LCU)","NY.GDP.MKTP.CN","26746700000","30421000000","34199200000","43525500000","53760300000","60488000000","73285000000","84504000000","97102000000","111728000000","132768000000","155886000000","189614000000","243160000000","322384000000","405108000000","532270000000","716029000000","909487000000","1188817000000","1579130000000","1982773000000","2497298000000","3054137000000","3856584000000","4965883000000","6787956000000","8824408000000","11731348000000","15126718000000","24030173000000","31130592000000","39730752000000","52271688000000","67532862000000","84439109000000","100711389000000","121707501000000","140483322000000","151565005000000","208531000000000","225851000000000","245323000000000","272345000000000","307762000000000","337958000000000","381604000000000","428506000000000","476554000000000","501574000000000","544060000000000","619023000000000","666507000000000","714093000000000","762903000000000","804692000000000","863782000000000","920471000000000","987791000000000","1.060068E+15","998471000000000","1.192634E+15","1.469791E+15","1.572458E+15","",
"Comoros","COM","GDP (current LCU)","NY.GDP.MKTP.CN","","","","","","","","","","","","","","","","","","","","","44837000000","53354000000","60466000000","73020000000","80704000000","88381000000","96687000000","101438000000","106182000000","108933000000","116970000000","119643000000","121066000000","128238000000","132910000000","149167000000","151950000000","159535000000","163757000000","176608000000","187035000000","207916000000","221623000000","237853000000","250633000000","258559000000","273659000000","285627000000","306288000000","319332000000","336947000000","361596000000","388984000000","413477000000","425713000000","428346000000","450159000000","469217000000","495235000000","525167000000","527650000000","539116000000","580485511300","615321491000","",
"Cabo Verde","CPV","GDP (current LCU)","NY.GDP.MKTP.CN","","","","","","","","","","","","","","","","","","","","","5714754000","6791358000","8197831000","9926780000","11205501000","12620265000","15279722000","17047809300","19048026900","20855126900","21491983200","22838210600","24293375900","39442799400","33295296200","37438861600","41459204300","45684006400","51229696800","61316313600","64538549100","69380256100","72758110600","79526708100","82086506800","86185500000","97384400000","132984301000","147629989000","148252372000","151962910000","162265346000","165135169000","168546702000","169550647000","173910814000","184402075000","195295176000","205986237000","221828589000","176319797000","191268854000","235627660000","257955009700","",
"Costa Rica","CRI","GDP (current LCU)","NY.GDP.MKTP.CN","2860500200","2929300700","3186600400","3404200400","3608200400","3928500200","4288399800","4633900100","5126699900","5655300100","6524499800","7136999700","8215800000","10162400100","13215699900","16804599900","20675600000","26330699500","30193899500","34584400600","41405500800","57102700500","97505099300","129314000000","163010900000","197919800000","246579300000","284533400000","349742800000","425910700000","522847900000","881040082000","1151917873800","1362412387500","1647124682900","2079862886900","2425725554400","2934156514100","3519453786900","4072330200200","4627050525500","5254084454200","5965391259700","6885560043700","8150137801000","9577022226900","11613319990800","13889052911100","16208974698500","17626147744800","19802010592700","21623524556500","23752868569300","25462954639400","28001327620500","30171918863700","32056288212000","34343647497600","36014718708000","37832149784100","36495246081800","40326625935900","44810030571300","47059272162300","",
"Caribbean small states","CSS","GDP (current LCU)","NY.GDP.MKTP.CN","","","","","","","","","","","","","","","","","","","","","","","","","","","","","","","","","","","","","","","","","","","","","","","","","","","","","","","","","","","","","","","","","",
"Cuba","CUB","GDP (current LCU)","NY.GDP.MKTP.CN","","","","","","","","","","","5693005200","6914658400","7752798800","8279811300","9352885000","10682480500","11321245100","11791111700","13740423100","14296643600","14337280700","16724710900","17810483700","19074043900","21118598500","20992877500","20190427300","19825717100","20813921600","21086412600","21541368300","17816740600","16343535100","16551768600","21051761800","23835665200","25017368700","25365908100","25736331200","28364615200","30565400000","31682400000","33590500000","35901200000","38203000000","42643836100","52742800000","58603900000","60806300000","62080000000","64328000000","68990000000","73141000000","77148000000","80656100000","87132800000","91370407863.7","96850649691.7406","100050036096.123","103427600000","107351800000","545217900000","633442300000","","",
"Curacao","CUW","GDP (current LCU)","NY.GDP.MKTP.CN","","","","","","","","","","","","","","","","","","","","","","","","","","","","","","","","","","","","","","","","","3795715100","3836776800","3867804600","3941790100","4004517300","4196900700","4399071300","4642958400","5071922300","5135784200","5282903600","5244865100","5392976900","5430087800","5476338500","5475214800","5414195400","5429845500","5452993000","5416762200","4536446400","4903898600","5504573694.15626","5873740631.79325","",
"Cayman Islands","CYM","GDP (current LCU)","NY.GDP.MKTP.CN","","","","","","","","","","","","","","","","","","","","","","","","","","","","","","","","","","","","","","","","","","","","","","","3500226200","3721883500","3821608900","3568081200","3464020400","3488380300","3575822800","3671482000","3802362800","3923457000","4091085500","4305217200","4608463600","4951560700","4712779500","5050001900","5500681300","5949500000","",
"Cyprus","CYP","GDP (current LCU)","NY.GDP.MKTP.CN","","","","","","","","","","","","","","","","439110600","570502000","722909300","865406600","1076077200","1299049700","1496734900","1751145600","1942167300","2285083700","2532489200","2735300000","3041652200","3410197700","3856142800","4366672700","4569996300","5301619400","5595157100","6237591300","7678315000","7979496000","8373435000","9059779000","9731560000","10594984000","11416893000","11877038000","12845292000","13856441000","14822307000","15999993000","17511552000","19009540000","18675451000","19461127000","19858075000","19495372000","18040346000","17482799000","17944153000","19013816000","20312442000","21807793000","23400854000","22373638000","25680083000","29415721000","31339989000","",
"Czechia","CZE","GDP (current LCU)","NY.GDP.MKTP.CN","","","","","","","","","","","","","","","","","","","","","","","","","","","","","","","736376079000","886403288000","990893620000","1199810782000","1387105349000","1607591000000","1840556000000","1982423000000","2168884000000","2267275000000","2399700000000","2591574000000","2704466000000","2833197000000","3087777000000","3288493000000","3530252000000","3856629000000","4037564000000","3945505000000","4032952000000","4095355000000","4118386000000","4169011000000","4377991000000","4651813000000","4843030000000","5179344000000","5475773000000","5888869000000","5828318000000","6307755000000","7049872000000","7618557000000","",
"Germany","DEU","GDP (current LCU)","NY.GDP.MKTP.CN","181714847850.595","199123324996.082","216573896835.731","229534263055.822","252231328739.871","275636804851.756","293081239521.041","296755162141.369","320124523366.113","358345207418.062","405378278000","449940660000","490557180000","546372575000","591339661000","619432848000","671583426000","715583719000","763248830000","828934500000","886436161000","928334243000","967028421000","1009814603000","1058974869000","1106651222000","1165917841000","1197394801000","1262776944000","1349754529000","1468939790000","1591610000000","1709890000000","1757340000000","1838020000000","1899930000000","1928560000000","1967180000000","2022310000000","2077240000000","2129660000000","2195530000000","2223360000000","2240810000000","2293040000000","2325710000000","2426180000000","2542220000000","2589680000000","2494870000000","2616060000000","2747810000000","2800380000000","2867280000000","2985170000000","3085650000000","3196110000000","3331110000000","3431130000000","3534880000000","3449620000000","3676460000000","3953850000000","4185550000000","",
"Djibouti","DJI","GDP (current LCU)","NY.GDP.MKTP.CN","","","","","","","","","","","","","","","","","","","","","","","","","","60600999900","","66355998700","70341001200","72727003100","80388200000","82182100000","84961000000","82826600000","87383500000","88456000000","87795000000","89336000000","91396200000","95272700000","97965300000","101730600000","105054800000","110550400000","118375000000","125939000000","136645000000","150693000000","177562000000","186449000000","200578000000","220222000000","240569000000","363051509000","393594981000","430865332500","462955248200","490968717300","517784221100","548954157500","566068217500","601732245500","653000000000","728394941400","",
"Dominica","DMA","GDP (current LCU)","NY.GDP.MKTP.CN","","","","","","","","","","","","","","","","","","123856958","154251582","148547949","196572564","221689956","241724457","266396017","294724091","322628219","364937288","410045637","461986697","499870556","543860000","593360000","631960000","662920000","713810000","741210000","789170000","818070000","870510000","895750000","900370000","918550000","899630000","926940000","991440000","983490000","1053680000","1137710000","1237110000","1320500000","1333330000","1352770000","1312190000","1345400000","1405160000","1459990000","1555820000","1408190000","1497880000","1651150000","1361380000","1499220000","1639330000","1765780000","",
"Denmark","DNK","GDP (current LCU)","NY.GDP.MKTP.CN","43937466474.659","48753087615.4709","54934380331.7431","58476156043.7127","66843163724.6264","75085243148.4921","82414198000","90845933000","101291806000","115611770000","128065933000","141739793000","161436878000","185829638000","207992805000","232255472000","269024307000","298429335000","332641164000","370337734000","399085337000","437803747000","500645712000","551728444000","609681560000","661770834000","709974693000","746847528000","777758787000","821024650000","855374310000","890268118000","923321056000","927919397000","992367577000","1035595130000","1087146990000","1144172600000","1185217921000","1240980316000","1325982579000","1372276534000","1411479278000","1438893296000","1509674257000","1590078561000","1685240766000","1743144366000","1809720846000","1729529013000","1812895797000","1848531108000","1892937992000","1935555208000","1980261218000","2030205915000","2101520255000","2189589424000","2243542220000","2303636685000","2326592274000","2567519953000","2844227937000","2804742256000","",
"Dominican Republic","DOM","GDP (current LCU)","NY.GDP.MKTP.CN","672399700","654100200","824100000","940799900","1025599900","888100000","983900000","1034800000","1079100000","1230500000","1485500000","1666500000","1987400000","2344800000","2925700000","3599200000","3951500000","4587100000","4734400000","5498800000","6761300000","7561300000","8267400000","9220600000","11594000000","15701800000","17780700000","22403600000","32850500000","42393000000","60305206122","123551906700","145067281300","163513030000","184769394600","214122962700","235250330700","280362823900","318648990800","350520116900","393302968400","427319066300","477430189800","628611039700","935984734500","1083445000900","1261399667600","1458416518100","1661642680500","1736041063700","1983201682200","2210213934500","2386016247000","2619769696500","2925665101900","3205655136100","3487292512700","3802655772400","4235846766900","4562235075700","4456657376800","5392714102100","6260564018600","6820019260000","",
"Algeria","DZA","GDP (current LCU)","NY.GDP.MKTP.CN","13446652900","12020492300","9881251800","13344784400","14363469800","15484023800","15007967200","16642189300","19018281000","21018314800","24011524100","24942362600","30318497800","34504847400","55227170800","61444505600","73817292800","86966280200","104558936100","128096878600","162500001800","191400001500","207599992800","233699999700","267600003100","291300016100","299500011500","323699998700","349500014600","423300005900","555800002600","844499976200","1048200020000","1165999996900","1491500007400","1990600032300","2570000007200","2780199911400","2830500102100","3238198000000","4123514000000","4587607000000","4901720000000","5687158000000","6623355000000","7843981000000","8941655000000","9872971000000","11649694000000","10920163000000","13224716000000","15924670000000","17611810000000","18231035000000","19253765000000","18879025000000","19783349000000","21071656000000","22683845000000","23090099000000","20902124000000","25153206000000","32039527000000","33638264000000","",
"East Asia & Pacific (excluding high income)","EAP","GDP (current LCU)","NY.GDP.MKTP.CN","","","","","","","","","","","","","","","","","","","","","","","","","","","","","","","","","","","","","","","","","","","","","","","","","","","","","","","","","","","","","","","","","",
"Early-demographic dividend","EAR","GDP (current LCU)","NY.GDP.MKTP.CN","","","","","","","","","","","","","","","","","","","","","","","","","","","","","","","","","","","","","","","","","","","","","","","","","","","","","","","","","","","","","","","","","",
"East Asia & Pacific","EAS","GDP (current LCU)","NY.GDP.MKTP.CN","","","","","","","","","","","","","","","","","","","","","","","","","","","","","","","","","","","","","","","","","","","","","","","","","","","","","","","","","","","","","","","","","",
"Europe & Central Asia (excluding high income)","ECA","GDP (current LCU)","NY.GDP.MKTP.CN","","","","","","","","","","","","","","","","","","","","","","","","","","","","","","","","","","","","","","","","","","","","","","","","","","","","","","","","","","","","","","","","","",
"Europe & Central Asia","ECS","GDP (current LCU)","NY.GDP.MKTP.CN","","","","","","","","","","","","","","","","","","","","","","","","","","","","","","","","","","","","","","","","","","","","","","","","","","","","","","","","","","","","","","","","","",
"Ecuador","ECU","GDP (current LCU)","NY.GDP.MKTP.CN","1723727708","1606925599","1517480482","1823470010","2243071157","2385904000","2428145000","2552372000","2580943000","3110675000","2861132000","2752900000","3184460000","3889890000","6596096000","7727971000","9087566000","11021061000","11916787000","14168371000","17872943000","21800312000","19920300000","17144261000","16904408000","17140874000","15306803000","13938747000","13045630000","13884170000","15231973000","16980041000","18085191000","18929248000","22697319000","24420668000","25213780000","28147972000","27967906000","19635450000","17530685000","23127055000","27054197000","30965208000","35194947000","40278849000","45690762000","49848725000","61139438000","60094978000","68151329000","78986648000","87735048000","96570334000","102717794000","97209558000","97671433000","104467486000","107478962000","107595829000","95865472000","107435101000","116586079000","118844826000","",
"Egypt, Arab Rep.","EGY","GDP (current LCU)","NY.GDP.MKTP.CN","1464800000","1565200000","1632300000","1820500000","2047500000","2265500000","2445300000","2534800000","2539000000","2694600000","3201600000","3375700000","3597100000","3997000000","4441900000","5306600000","6704600000","8209900000","9769800000","12614400000","15602333887","16380700000","22456000000","26600000000","31600000000","37300000000","44100000000","51500000000","61600000000","77000000000","95800000000","112500000000","139100000000","155200000000","175000000000","204000000000","229400000000","265900000000","287400000000","307600000000","340100000000","358700000000","378900000000","417500000000","485300000000","538500000000","617700000000","744800000000","895500000000","1042200000000","1206600000000","1371100000000","1674700000000","1860400000000","2130000000000","2443900000000","2709400000000","3655900000000","4666200000000","5596000000000","6152600000000","6663100000000","7842500000000","10157360200000","",
"Euro area","EMU","GDP (current LCU)","NY.GDP.MKTP.CN","","","","","","","","","","","","","","","","","","","","","","","","","","","","","","","","","","","","","","","","","","","","","","","","","","","","","","","","","","","","","","","","","",
"Eritrea","ERI","GDP (current LCU)","NY.GDP.MKTP.CN","","","","","","","","","","","","","","","","","","","","","","","","","","","","","","","","","2186700000","2446600000","3275200000","3699300000","4408600000","4942660000","5488489000","5616500000","6798819100","8508911500","10180013500","12077210600","15291082100","16880499400","18621613900","20263857800","21220402800","28546694100","24438800000","31749400000","","","","","","","","","","","","","",
"Spain","ESP","GDP (current LCU)","NY.GDP.MKTP.CN","4480370035.17475","5134371969.85562","5989554276.9537","7079338994.73371","7921415116.10796","9188135975.88671","10659347479.0186","12071564284.1407","13628567766.1121","15604367419.6116","17233435000","19449705000","22826535000","27519891000","33700808000","39569796000","47617701000","60419905000","73951474000","86508592000","100227580000","112457712000","129324214000","147254662000","166167054000","184638938000","211385847000","236373880000","263161791000","294888855000","328461005000","360182812000","387925332000","401343468000","426850858000","460259000000","488946000000","518971000000","555559000000","595242000000","647569000000","700958000000","749744000000","802683000000","860059000000","928122000000","1004976000000","1077541000000","1112432000000","1072990000000","1077145000000","1068690000000","1035964000000","1025652000000","1038949000000","1087112000000","1122967000000","1170024000000","1212276000000","1253710000000","1129214000000","1235474000000","1373629000000","1498324000000","",
"Estonia","EST","GDP (current LCU)","NY.GDP.MKTP.CN","","","","","","","","","","","","","","","","","","","","","","","","","","","","","","","53011999.2968421","113427208.26065","870594380.738244","1516547346.73792","2083357670.3955","2861638000","3679970000","4573002000","5100431000","5406892000","6171645000","6982119000","7824856000","8746713000","9779619000","11345442000","13571163000","16402163000","16618922000","14132542000","14741766000","16741857000","18086559000","19163231000","20365580000","21010885000","22188959000","24316119000","26438472000","28472063000","27859289000","31456240000","36442805000","38187777000","",
"Ethiopia","ETH","GDP (current LCU)","NY.GDP.MKTP.CN","4001267988","4176045037","4341776063","4534303906","4960322964","5399996478","5811166040","6154405007","6549872162","6922468430","7613386137","8039744262","8096581758","8542906413","9474824630","9474489058","10233678613","11699310010","12450970170","13633120184","14516051890","15540863583","16352976900","18178045364","17177500832","20115002862","20895260819","22335303225","23144917816","24349269255","25831413863","28565584600","30140324300","38663344100","41066095700","49120169200","55355988200","57208774600","55147488800","59283334900","67159835100","68548836800","67067110300","73995583200","87325768600","107289698100","132651633500","173308781900","250206540400","337965157200","385876491200","515078541000","747326498000","866921083000","1060814376000","1297961440000","1568097000000","1832786000000","2200121000000","2690751000000","3374747000000","4341024000000","6157015000000","8722308000000","",
"European Union","EUU","GDP (current LCU)","NY.GDP.MKTP.CN","","","","","","","","","","","","","","","","","","","","","","","","","","","","","","","","","","","","","","","","","","","","","","","","","","","","","","","","","","","","","","","","","",
"Fragile and conflict affected situations","FCS","GDP (current LCU)","NY.GDP.MKTP.CN","","","","","","","","","","","","","","","","","","","","","","","","","","","","","","","","","","","","","","","","","","","","","","","","","","","","","","","","","","","","","","","","","",
"Finland","FIN","GDP (current LCU)","NY.GDP.MKTP.CN","2841424465.18532","3220830585.90881","3448684747.89314","3745298570.906","4224336153.35865","4671800044.56277","5008578668.08491","5493938181.03101","6298521033.67364","7189243164.49808","8023665000","8817574000","10282814000","12516003000","15772953000","18236338000","20700844000","22704837000","25109629000","29131785000","33660000000","38061000000","42792000000","47736000000","53442000000","58225000000","62676000000","67694000000","76709000000","85876000000","90964000000","86913000000","84786000000","85610000000","90646000000","98454000000","101977000000","110764000000","120431000000","126888000000","136386000000","144613000000","148440000000","151714000000","158741000000","164666000000","172861000000","187059000000","194253000000","181735000000","188147000000","197655000000","200378000000","203497000000","205855000000","210192000000","215717000000","224706000000","231905000000","238518000000","236387000000","248764000000","266124000000","273320000000","",
"Fiji","FJI","GDP (current LCU)","NY.GDP.MKTP.CN","89200000","92900000","97600000","102800000","111200000","116800000","119700000","130800000","145800000","159300000","191800000","211900000","261300000","338300100","450000000","562400100","623499700","660099700","702200000","852200000","983700100","1056000000","1113400000","1142200100","1275300000","1316400000","1461700000","1465200000","1587600000","1754279000","1980000000","2042000000","2303200000","2522500000","2673100000","2770900000","2987200000","3017600000","3284500000","3814100000","3572300000","3762000000","4009200000","4361200000","4693100000","5040000000","5325700000","5440100000","5614901400","5614080600","6024438100","6768488300","7109505300","7715729700","9167032442.55521","9822110337.91771","10327298779.0329","11064951592.9369","11650555594.7145","11762059234.9612","9613154937.34473","8914140560.81574","10939899925.2117","12245285027.1768","",
"France","FRA","GDP (current LCU)","NY.GDP.MKTP.CN","46481309000","50281978000","56364894000","63190365000","70056069000","75658295000","81984917000","88625577000","96660949000","111145548000","124403090000","138732576000","155047127000","178078991000","207570517000","233227562000","269807128000","304157521000","345186400000","394490600000","447415700000","504709600000","579250800000","642944700000","699501900000","749583300000","807707100000","848787800000","917932600000","988883500000","1043974800000","1082833000000","1121458100000","1134838600000","1172960400000","1213802400000","1246973700000","1289669200000","1346317600000","1395148000000","1473517300000","1530070900000","1578330400000","1622312800000","1696107700000","1762047700000","1846020800000","1937876300000","1989999700000","1935840200000","1996075100000","2062141400000","2088286700000","2120351900000","2153733100000","2201401600000","2231819200000","2291680500000","2355362800000","2432206800000","2318276200000","2508102300000","2655435000000","2822454600000","",
"Faroe Islands","FRO","GDP (current LCU)","NY.GDP.MKTP.CN","","","259900000","311400000","354800000","400300000","444800000","460700000","488900000","525800000","637000000","735900000","829300000","975400000","1199300000","1306700000","1635000000","2087900000","2193900000","2359900000","2778600000","3250000000","3700000000","4450000000","4412000000","4867000000","5574000000","6064000000","6520000000","6374000000","5946000000","5816000000","5509000000","4934000000","4826000000","5050000000","5738000000","6167000000","7402700000","7867000000","8625600000","9656700000","10066500000","9894300000","10333200000","10553000000","11998700000","12732900000","12693700000","12308900000","13114200000","13452600000","14059500000","15108500000","16354800000","17317000000","18938200000","19677000000","20134800000","21785300000","21404700000","23040300000","25238500000","26920300000","",
"Micronesia, Fed. Sts.","FSM","GDP (current LCU)","NY.GDP.MKTP.CN","","","","","","","","","","","19885926","21783158","25100928","34821467","46095175","46119184","46813193","47305560","53656834","60270778","64186644","76472529","80055706","84110353","84676118","101931941","112210000","116700000","124700000","135200000","147200000","166200000","178100000","198400000","202500000","221575300","218534700","206626300","218873100","220140500","233271800","240970900","242517200","245432900","240236000","250281900","253541900","256787200","263145100","280284600","296944100","311301600","327248700","317214400","319271200","316489900","325000000","359000000","392000000","394000000","372000000","390000000","430000000","460000000","",
"Gabon","GAB","GDP (current LCU)","NY.GDP.MKTP.CN","34687500300","41114890200","44787683300","37850185700","52847427600","55500000000","60399990000","66800000000","72900020000","82699880000","89500020000","105100000000","108500000000","161100000000","371700000000","462400000000","719100000000","690200000000","539200000000","644600000000","904200000000","1049500000000","1188900000000","1292300000000","1556200000000","1500500000000","1178700000000","986300000500","1142100001300","1335500000000","1620600000000","1524201000000","1480260000000","1530840000000","2326762580000","2475200000000","2912800000000","3109100000000","2645000000000","2871000000000","3608200000000","3679028000000","3701273000000","3776236000000","4097532000000","5052603000000","5395402000000","5961579000000","6944822000000","5696993000000","7111476556500","8581582503200","8766489229800","8690531739900","8988342089900","8503461562900","8310636115400","8668907682300","9368896705900","9886900000000","8830776421395.47","10782812984803.4","12750057284669.7","11760418482600","",
"United Kingdom","GBR","GDP (current LCU)","NY.GDP.MKTP.CN","26155000000","27765000000","29017000000","30915000000","33717000000","36366000000","38776000000","40960000000","44900000000","48527000000","54451000000","60860000000","68054000000","78594000000","88183000000","109274000000","129450000000","150816000000","175163000000","207293000000","243097000000","269085000000","294814000000","323001000000","346946000000","381251000000","410311000000","455965000000","511671000000","566512000000","615673000000","647966000000","672170000000","707734000000","745196000000","851845000000","909993000000","953405000000","998501000000","1043248000000","1100752000000","1146135000000","1191439000000","1258334000000","1322637000000","1398749000000","1472038000000","1544637000000","1593600000000","1548802000000","1608553000000","1662590000000","1713715000000","1781361000000","1862514000000","1916451000000","1991645000000","2082482000000","2152304000000","2233921000000","2103486000000","2285400000000","2526428000000","2720029000000","",
"Georgia","GEO","GDP (current LCU)","NY.GDP.MKTP.CN","2841","3000","3319","3334","3590","3945","4165","4482","4711","5094","5698","6022","6108","6529","7166","7748","8264","8955","9669","10674","11274","12298","12984","13161","14053","14079","13717","14217","14672","14354","14966","19146","149200","16396900","902300000","2432203500","3868500000","4554900000","5022100000","5668700000","6043100000","6674000000","7456000000","8564100000","9824300000","11620900000","13789900000","16993800000","19074900000","17986000000","22149000000","26099000000","27897000000","29138000000","31722000000","34548000000","36553000000","41340000000","45374000000","49726000000","49789000000","60724000000","72860000000","80882761660.0357","",
"Ghana","GHA","GDP (current LCU)","NY.GDP.MKTP.CN","86900","93000","98700","110000","123600","146600","151800","150400","170000","200100","225900","250000","281500","350100","466000","528300","652600","1116300","2098600","2822200","4285200","7262600","8645100","18403800","27056100","34304800","51139300","74600000","105119600","141721400","192079100","242752900","280287500","387210000","520500000","775170000","1133870000","1411340000","1729600000","2057980000","2715250000","3807070000","4886200000","6615770000","7988791000","9726080000","19112044100","23154448200","30178598000","36597592000","46042100100","59816320900","75315365300","124477578800","158683994600","183525640000","219594595400","262797966100","308587395700","356544265600","391940733200","461694936000","614336252700","841632931000","",
"Gibraltar","GIB","GDP (current LCU)","NY.GDP.MKTP.CN","","","","","","","","","","","","","","","","","","","","","","","","","","","","","","","","","","","","","","","","","","","","","","","","","","","","","","","","","","","","","","","","","",
"Guinea","GIN","GDP (current LCU)","NY.GDP.MKTP.CN","","","","","","","","","","","79491244444","88465686089","95562129221","106730971300","116994349811","126164173287","144601511158","146201017654","159510311452","169614759965","184880788236","202074767716","266737988603","349427679418","443772837177","554494011199","970056789780","1275231727554","1649227769308","2098023019412","2566939693985","3314094842900","4319883199900","4568358004800","4817552515200","5339449046200","5663901620900","6042818954800","6471249719500","7001946457500","7629382508000","8047082244500","8499306768600","9974612950600","11894558875600","15606743201000","21727827178316.3","26369934823585.5","32047004378843.4","32248421631105.2","39243439615400","45175655589600","53358073367100","57864624960500","61573254917700","65829144378600","77087899618300","93833883938300","106845291575900","123457571240300","134759513502400","159336610898300","170314011043600","188931799000000","",
"Gambia, The","GMB","GDP (current LCU)","NY.GDP.MKTP.CN","","","","","","","78950000","85700000","85750000","94100000","108950000","114500000","118400000","128000000","163900000","208250000","249700100","316650100","358400000","391114800","414899900","435385000","494649900","563200100","635600000","878950000","1285600000","1560800000","1788950000","2154650100","2498299900","6028584000","6353802300","6881759800","7152734100","7501791000","8310348600","8197194300","8943240100","9283855300","10011609000","10783519400","11517189700","13895461100","28885956400","29367003000","29584431200","31830608000","34659278900","38638120500","43230706500","41531716100","45389296600","49463596600","51309079300","58581061600","64389939300","70142188200","80445799900","90793764500","93329809100","105487037500","121093207400","146701897300","",
"Guinea-Bissau","GNB","GDP (current LCU)","NY.GDP.MKTP.CN","","","","","","","","","","","112379892","109936331","122761907","137075456","156115996","180491557","192281219","183966873","221300326","235373938","220648363","265472371","322382128","384011077","667880084","920514661","1944170734","3886340867","7298699778","15430018807","21322904383","37625753100","62758244500","95511221200","121484031000","183560135400","285224593800","407463804100","348681642000","356714989400","277936765100","302195250400","323807097500","321039797600","307000298400","337327267900","331626331500","360489206000","424889763700","418640077400","465162289900","545269683100","535784038200","548071929600","560538364900","681303000000","737838000000","853553000000","863238000000","930801000000","947645000000","1027987000000","1120652000000","1242466000000","",
"Equatorial Guinea","GNQ","GDP (current LCU)","NY.GDP.MKTP.CN","","","2235200000","2656000000","3114900000","3884900000","4146600000","4459600000","4726000000","4705800000","4643200000","4511800000","4205200000","4730900000","5431800000","5987300000","6934700000","7899100000","","","5602621900","6781722600","9732420000","12748763200","16179180400","27907572800","26460332300","28053843700","29944068500","28157578500","30526167800","31287356900","35655887100","38523676000","55968521200","70805881800","118917024200","258179067200","218687827900","382421723200","744726139300","1071071157000","1259278371800","1444135082900","2330139756500","4334400062300","5274146000000","6264840820000","8844107000000","7095919000000","8072293000000","10064618859000","11430511000000","10840521000000","10746852000000","7795420000000","6661366440400","7084543000000","7274689000000","6658371000000","5694742030100","6774079091200","8537800376800","7483584973200","",
"Greece","GRC","GDP (current LCU)","NY.GDP.MKTP.CN","376366000","430732000","452579000","511808000","579038000","667546000","745886000","805276000","876038000","1008432000","1140226000","1266215000","1465258000","1915017000","2199887000","2646951000","3293136000","3856260000","4705953000","5839812000","7010511000","8393161000","10556236000","12594777000","15664090000","19112222000","22838609000","25727529000","31306014000","37207177000","44905564000","55458894000","64111815000","72188550000","81865805000","91769240000","100664108000","111193250000","121086192000","128668045000","136161171000","147438724000","158902258000","174096009000","188905200000","194773381000","214298875000","229282767000","238735403000","234322608000","223590494000","203474989000","185899164000","178113897000","176071843000","175362878000","174448185000","177378457000","180615656000","185181215000","167539518000","184574585000","207854185000","225196891000","",
"Grenada","GRD","GDP (current LCU)","NY.GDP.MKTP.CN","","","","","","","","","","","","","","","","","","193035137","238470443","276059778","299431234","312260181","338676093","355869591","392939939","452866829","506491711","580525838","638165314","721784634","750866660","812046300","837433200","836492900","877801900","923865800","990660900","1058914600","1203939700","1301425300","1404119800","1405199300","1458909700","1595749700","1617620200","1878000000","1886491800","2048445700","2230135300","2082444000","2081740000","2102370000","2159680000","2275070000","2461040000","2691920000","2866430000","3039350000","3149590000","3276410000","2817210000","3031560000","3306360000","3555180000","",
"Greenland","GRL","GDP (current LCU)","NY.GDP.MKTP.CN","","","","","","","","","","","521400200","656983900","737328900","847860100","1035639000","1213543600","1455517600","1694519500","1963137200","2213000000","2683000000","3104000000","3353000000","3806000000","3929000000","4375000000","4879000000","5386000000","6049000000","6797000000","6306000000","6502000000","6265000000","6012000000","6398000000","6773000000","6944000000","7081000000","7705000000","7894000000","8633000000","9040000000","9230000000","10268600000","10918700000","11093100000","11971500000","12247300000","12740700000","13562800000","14078000000","14412100000","15116500000","15079500000","15951000000","16813800000","18223700000","18828900000","19296100000","19990400000","20168700000","20343900000","","","",
"Guatemala","GTM","GDP (current LCU)","NY.GDP.MKTP.CN","1043599900","1076699900","1143600000","1262800000","1299099900","1331399900","1390700000","1453500000","1610500000","1715399900","1904000000","1984800000","2101300000","2569200100","3161499900","3645900000","4365300200","5480500200","6070600200","6902600200","7878700000","8607500300","8716999700","9050000400","9470000100","11179899900","15838000100","17710999600","20544999400","23684599800","34316931700","47302324900","53985418500","64243235700","74669184400","85156693000","95478558700","107873382000","124022534000","135286970000","149743023000","144639135000","159908446000","171335652000","187356905000","204462894000","226134533000","257576324000","291089203000","303007101000","327762554000","364949303000","388499254000","416383221000","447326327000","476022821000","502001705000","526507414000","551368082100","593972019900","600122500900","668860868600","740968640100","818054049200","",
"Guam","GUM","GDP (current LCU)","NY.GDP.MKTP.CN","","","","","","","","","","","","","","","","","","","","","","","","","","","","","","","","","","","","","","","","","","","3394000000","3569000000","3869000000","4213000000","4238000000","4397000000","4658000000","4828000000","4949000000","4984000000","5265000000","5399000000","5610000000","5799000000","5901000000","6013000000","6051000000","6355000000","5916000000","6234000000","6910000000","","",
"Guyana","GUY","GDP (current LCU)","NY.GDP.MKTP.CN","291800000","318600000","334200000","301300000","333900000","362500000","388800000","425300000","459500000","498600000","535600000","564100000","599300000","644800000","954700000","1187500000","1136100000","1124700000","1267700000","1326100000","1508000000","1596999900","1446000000","1468000000","1663000100","1950000000","2169999900","3475000100","4137999900","10329999400","15664999400","38966000000","46734000000","59124000000","74803003400","88271003600","99039002600","106678001700","108002000900","123664998400","130012004400","133403800000","138447850000","144064000000","156229500000","164873000000","476411796400","552603000000","616029000000","645637000000","699064000000","753107000000","830326000000","856042000000","852152000000","883787000000","925677000000","980498000000","994472000000","1078729000000","1140757000000","1676624371700","3068783693000","3577757744400","",
"High income","HIC","GDP (current LCU)","NY.GDP.MKTP.CN","","","","","","","","","","","","","","","","","","","","","","","","","","","","","","","","","","","","","","","","","","","","","","","","","","","","","","","","","","","","","","","","","",
"Hong Kong SAR, China","HKG","GDP (current LCU)","NY.GDP.MKTP.CN","7116188200","7455000000","8687000000","10427000000","11888000000","13953000000","14282000000","15475000000","16533000000","19437000000","23106000000","26681000000","32213000000","41327000000","47240000000","49589000000","63156000000","73284000000","85782000000","112691000000","143619000000","173578000000","196005000000","217281000000","261992000000","278128000000","320525000000","394770000000","466076000000","536558000000","599256000000","691323000000","807130000000","931010000000","1049610000000","1119006000000","1235301000000","1373083000000","1308074000000","1285946000000","1337501000000","1321142000000","1297341000000","1256669000000","1316949000000","1412125000000","1503351000000","1650756000000","1707487000000","1659245000000","1776332000000","1934430000000","2037059000000","2138305000000","2260005000000","2398280000000","2490598000000","2659611000000","2835429000000","2845022000000","2675793000000","2867973000000","2808981000000","2981601000000","",
"Honduras","HND","GDP (current LCU)","NY.GDP.MKTP.CN","671300000","712400000","775500000","820400000","914000000","1017300000","1099900000","1196200000","1293600000","1336000100","1446000000","1462000000","1605999900","1824999900","2069000000","2248000000","2695999900","3338999900","6194484186","7088563953","7936320092","8087789757","8533007051","8953394370","9830623693","10556241425","11355657918","12381042483","13753330823","15753800215","20243415276","24715575700","27179970600","32103058400","39036009800","51281997600","61745943200","75442860400","86200247200","92048369600","106654200000","118415700000","129166600000","142817800000","161507500000","183747400000","206288000000","233567200000","262416900000","275632200000","299286000000","335027800000","361348500000","376539400000","414633500000","460405200000","495921900000","543403000000","575284900000","609827000000","574041800000","675932700000","769494100000","846309200000","",
"Heavily indebted poor countries (HIPC)","HPC","GDP (current LCU)","NY.GDP.MKTP.CN","","","","","","","","","","","","","","","","","","","","","","","","","","","","","","","","","","","","","","","","","","","","","","","","","","","","","","","","","","","","","","","","","",
"Croatia","HRV","GDP (current LCU)","NY.GDP.MKTP.CN","","","","","","","","","","","","","","","","","","","","","","","","","","","","","","","38244468","60145800","368968800","5317008400","11920200800","15716117600","17315647700","19650400100","21736348400","22309080700","23965369800","25755790500","28297094200","31157459400","33633157500","36181275200","39495220300","43267631900","46558856900","44681439000","44490987300","45189478800","44794477500","45066164800","44871789600","45971344400","47569660300","49735510100","52216872500","54906286600","50747105100","58346838500","67615065400","78048479200","",
"Haiti","HTI","GDP (current LCU)","NY.GDP.MKTP.CN","1365936000","1355330000","1409484000","1474417000","1626406000","1766259000","1844743000","1845621000","1839844000","1959102000","1656000000","1814000000","1860000000","2334000000","2827000000","3407000000","4395000000","4735000000","4871000000","5403000000","6919000000","7397000000","7371000000","8118000000","9081000000","10047000000","11590000000","10236000000","13069634000","13681219000","15481449000","18077000000","20696000000","23162000000","31959000000","40728899000","46647000000","54006000000","62997000000","69254000000","133691930700","150884945100","168056098800","205183619400","241564076600","274063476600","316615042400","345149437500","399233924500","471795554900","478044247100","524124004000","569992486400","642673665900","675911848200","721054965000","849404900100","990712417900","1073066120100","1263386318400","1449887922300","1693774236400","2168222876400","2798324325200","",
"Hungary","HUN","GDP (current LCU)","NY.GDP.MKTP.CN","182179483420.032","192612811288.107","203163633965.634","213776849146.355","224717544061.278","223414813122.375","246858297976.88","266933405251.146","292217017570.826","324726015610.386","345724303687.424","375144574738.452","406450690284.022","446004164740.592","466736326563.224","500554187483.033","548475581630.727","603589061650.16","653232032397.013","707850664749.844","749599851136.961","810813863335.909","881465546460.087","931883049531.588","1017224615741.67","1074613795459.87","1131940701907.07","1274961556793.69","1497434384493.16","1791095508317.25","2172096189239.91","2597308031000","3059263140000","3688852139000","4537754652000","5836483000000","7122305000000","8834560000000","10442818000000","11637546000000","13324052000000","15398700000000","17433859000000","19130011000000","21110059000000","22594966000000","24345409000000","25741898000000","27249944000000","26520776000000","27485093000000","28538202000000","28996631000000","30351903000000","32804707000000","34965213000000","36206666000000","39274757000000","43386710000000","47674187000000","48444474000000","55204977000000","65951746000000","74992045000000","",
"IBRD only","IBD","GDP (current LCU)","NY.GDP.MKTP.CN","","","","","","","","","","","","","","","","","","","","","","","","","","","","","","","","","","","","","","","","","","","","","","","","","","","","","","","","","","","","","","","","","",
"IDA & IBRD total","IBT","GDP (current LCU)","NY.GDP.MKTP.CN","","","","","","","","","","","","","","","","","","","","","","","","","","","","","","","","","","","","","","","","","","","","","","","","","","","","","","","","","","","","","","","","","",
"IDA total","IDA","GDP (current LCU)","NY.GDP.MKTP.CN","","","","","","","","","","","","","","","","","","","","","","","","","","","","","","","","","","","","","","","","","","","","","","","","","","","","","","","","","","","","","","","","","",
"IDA blend","IDB","GDP (current LCU)","NY.GDP.MKTP.CN","","","","","","","","","","","","","","","","","","","","","","","","","","","","","","","","","","","","","","","","","","","","","","","","","","","","","","","","","","","","","","","","","",
"Indonesia","IDN","GDP (current LCU)","NY.GDP.MKTP.CN","390200000000","470100000000","1335100000000","3208800000000","7133500000000","23710000000000","315900000000","847800000000","2096700000000","2718000000000","3340000000000","3672000000000","4564000000000","6753400000000","10708000000000","12642500000000","15466700000000","19010700000000","22746000000000","32025400000000","45445700000000","54027000000000","59632600000000","73697600000000","87054800000000","94720800000000","102545900000000","124816900000000","142104800000000","167184700000000","195597200000000","227450200000000","259884500000000","329775800000000","382219700000000","454514100000000","532568000000000","627695800000000","955753500000000","1.0997316E+15","1.3897699E+15","1.646322E+15","1.8218334E+15","2.0136746E+15","2.2958262E+15","2.7742811E+15","3.33921680000001E+15","3.9508932E+15","4.94868839721607E+15","5.6062033657575E+15","6.8641331E+15","7.831726E+15","8.6157045E+15","9.546134E+15","1.05697053E+16","1.15263328E+16","1.24017285E+16","1.35898257E+16","1.4838756E+16","1.58326572E+16","1.54433532E+16","1.69767514E+16","1.95880899E+16","2.08923767E+16","",
"IDA only","IDX","GDP (current LCU)","NY.GDP.MKTP.CN","","","","","","","","","","","","","","","","","","","","","","","","","","","","","","","","","","","","","","","","","","","","","","","","","","","","","","","","","","","","","","","","","",
"Isle of Man","IMN","GDP (current LCU)","NY.GDP.MKTP.CN","","","","","","","","","","","","","","","","","","","","","","","","","188849000","199733000","243059000","281459000","328720000","377489000","428885000","465795000","487093000","510534000","544449000","584442000","645619000","719682000","836338000","972730000","1058134000","1159235000","1261677000","1379730000","1530565000","1667820000","1860211000","2232157000","3225061000","3522159000","3831539000","4097902000","4235229000","4478379000","4684659000","4637321000","5070660000","5423135000","5615231000","5730875000","5213696000","5766493000","","","",
"India","IND","GDP (current LCU)","NY.GDP.MKTP.CN","176332604030","186820935960","200768760460","230580357320","268953492670","283600217490","321058234240","376012066530","398140919030","438359962630","468168622910","501199112460","552453366230","672406564750","793778760990","852124496860","918116831150","1040235198700","1126713683400","1235621792700","1470628683700","1727755053200","1932545634100","2250742389600","2521882497900","2845340853900","3183659412800","3618647035300","4293629901200","4932776135700","5761092055700","6622604835400","7611959317400","8759924253800","10275700589000","12055826758000","13948159747000","15452938758000","17722970117000","19882615729000","21398856906000","23152429571000","24926137847000","27925301414000","31863319237500","36321246607300","42546289837700","48986620590700","55141523846600","63664065417500","76344721043800","87363287113700","99440131041500","112335216116400","124679592925500","137718738788600","153916690148700","170900423611300","188996684445900","201035928565900","198540960065000","235973985282900","269496458603000","295356668443500","",
"Not classified","INX","GDP (current LCU)","NY.GDP.MKTP.CN","","","","","","","","","","","","","","","","","","","","","","","","","","","","","","","","","","","","","","","","","","","","","","","","","","","","","","","","","","","","","","","","","",
"Ireland","IRL","GDP (current LCU)","NY.GDP.MKTP.CN","906298693.611839","975781853.975053","1056319555.20885","1135995826.81589","1292907531.83787","1376603324.70461","1450595123.70843","1584269795.87703","1787528802.36548","2064766021.26382","2325921000","2660267000","3212102000","3877492000","4288785000","5443706000","6680024000","8187667000","9699903000","11365315000","13438000000","16306713000","19211315000","21216671000","23552928000","25538905000","27095070000","28981691000","31483710000","35153676000","37851934000","39277361000","41732005000","45073789000","48475910000","54758740000","60147567000","69400729000","80430814000","92790527000","108495289000","122089174000","135997894000","145576854000","156259951000","170306765000","184916243000","197069396000","187282983000","169519714000","167445750000","173380117000","176893623000","183192720000","200818277000","272544313000","276205869000","308522795000","334865749000","363674939000","382207149000","449216546000","520935340000","509951806000","",
"Iran, Islamic Rep.","IRN","GDP (current LCU)","NY.GDP.MKTP.CN","318084430035","335341393934","355537656049","373343572393","407523307813","469446984625","514337854385","572320314530","653205351712","738039037768","831450570384","1040183968480","1299374842180","1865441538823","3124889851378","3529377972702","4800280238521","5688676060182","5496649463899","6370367554545","6753979874640","8042658501438","10636624378827","13639419881496","14913555913591","15808050375669","16006188708353","19419388509226","21900607581596","27232178019077","37986542436155","53785438612000","71861214730000","106133132680000","139731641980000","197370155100000","270427231010000","316638314730000","353547784240000","474975733770000","628070077410000","738307447970000","1.0236130095E+15","1.2581287416E+15","1.6370321067E+15","2.0299076605E+15","2.4422121132E+15","3.2473042552E+15","3.887723271E+15","4.1074662219E+15","5.035812289E+15","6.8959997064121E+15","7.8956768019434E+15","1.06349977961169E+16","1.22547075850814E+16","1.21038900865717E+16","1.44088908141246E+16","1.67364189901866E+16","2.16270699687997E+16","2.73640132470194E+16","4.07913768579528E+16","6.67745028405847E+16","1.04350049951473E+17","1.43039267E+17","",
"Iraq","IRQ","GDP (current LCU)","NY.GDP.MKTP.CN","549018860","597129155","637205448","644965083","763003233","834209443","903681110","911258456","1034500000","1074200000","1171900000","1366400000","1369500000","1555200000","3400900000","3974300000","5243000000","5858200000","7017000000","11167200000","15770700000","11346900000","12714700000","12621000000","14550900000","15011800000","14652000000","17600000000","19432200000","20407900000","55926500000","42451600000","115108400000","321646900000","1658325800000","6695482900000","6500924600000","15093144000000","17125847500000","34464012600000","50213699900000","41314568500000","41022927400000","29585788600000","53235358700000","73533598600000","95587954800000","111455813400000","157026061600000","130643200400000","162064565500000","217327107400000","254225490700000","273587529200000","266332655100000","194680971800000","196924141700000","221665709500000","268918874000000","276157867600000","215661516500000","304053321284000","415628494400000","330046390600000","",
"Iceland","ISL","GDP (current LCU)","NY.GDP.MKTP.CN","91261481.8052647","103295967.384142","124356304.966738","148425268.004199","189543086.965119","228574916.299395","274490399.341549","278500492.430557","299352950.508462","370431727.894705","463500000","589821000","741077000","1040497000","1514433000","2162367000","3041307000","4392062000","6809812000","10061212000","16222697000","25234109000","39606649000","68713951000","90784746000","123861150000","163990251000","213510459000","262670833000","323573572000","377022536000","407648521000","407481467000","420396011000","446906970000","460839956000","493834471000","536722360000","603407606000","649719107000","709561315000","802276656000","854139932000","876732708000","970421488000","1061428264000","1225716056000","1386951246000","1589625135000","1626390727000","1680966939000","1765008670000","1845159750000","1970145725000","2086359608000","2310847787000","2512054819000","2641959405000","2844054748000","3026099913000","2929165284000","3279523784000","3892030733000","4321079063000","",
"Israel","ISR","GDP (current LCU)","NY.GDP.MKTP.CN","612964.922758962","740325.645547691","888176.633443467","1058794.42693865","1205038.24993452","1296288.59226295","1408342.65619833","1426035.40313549","1634455.96205529","1885810.92020928","2217844.80439674","2816453.3885794","3682440.47369698","4752952.15841029","6857061.33181233","9668526.31552354","12742381.3953015","18224638.345441","30037181.0733121","56422849.7831099","129282493.606902","305903951.731942","709624536.843225","1833075169.37971","8969133994.74595","34015694350.4268","53218182764.7925","68523358158.807","84032219102.7183","100321954967.886","124813280919.713","161522281903.1","195043027720.186","225593713195.268","272736196417.82","317113100000","366620066000","411327292000","457372527000","501592992000","555430295000","566175157000","592487789000","598021160000","627028548000","660155488000","707237350000","756171880000","791342165000","835431454000","893288322000","956813888000","1013790914000","1074684970000","1123791469000","1176632507000","1232664194000","1285858783000","1346996485000","1424567151000","1417336815000","1581854861000","1763798956000","1883604365000","",
"Italy","ITA","GDP (current LCU)","NY.GDP.MKTP.CN","13539009382.8162","15057780716.5963","16918441034.9261","19378729326.7658","21213715880.38","22826430119.5472","24732618467.0119","27243745095.3224","29530181275.2535","32600265420.9487","36688373000","40037092000","43853164000","52962445000","67188211000","76956001000","96828615000","117657192000","138408333000","169316212000","211577193000","253448448000","299137809000","348323407000","398255075000","446959451000","494169795000","540587448000","600720897000","659566091000","732625247000","800293526000","842219569000","867486210000","917537533000","990520900000","1047745400000","1095091600000","1141256800000","1177549700000","1244744200000","1308623100000","1355522300000","1399386000000","1457356200000","1499073100000","1559864200000","1621714500000","1643718800000","1584106800000","1617944700000","1657362200000","1632898500000","1621260700000","1635870700000","1663277700000","1704856700000","1744493000000","1777744400000","1804066800000","1670011900000","1842507400000","1997054900000","2128001400000","",
"Jamaica","JAM","GDP (current LCU)","NY.GDP.MKTP.CN","499331900","534317000","555520000","590505000","641392400","694400000","783400000","831400000","903200000","992700000","1170599900","1282400000","1439100000","1719900000","2159200000","2600399900","2696399900","2954299900","3737400100","4279700000","4773100000","5306900000","5867100200","6993200100","9358499800","11674300400","15088962600","18034714600","21012066300","25304791000","32990537700","49750298600","81175224300","135722000000","180403000000","231148000000","274458000000","297399000000","321172000000","346982000000","387089000000","422923000000","470555000000","544510000000","622661000000","700276000000","784336000000","885632000000","997444000000","1065317000000","1152781000000","1240702000000","1314126000000","1432096000000","1541903000000","1659677000000","1760975000000","1895025000000","2027251000000","2110433000000","1966928000000","2210219000000","2623255000000","2994281000000","",
"Jordan","JOR","GDP (current LCU)","NY.GDP.MKTP.CN","","","","","","214200000","235000000","225600000","200400000","249600000","228400000","242200000","281600000","310100000","385700000","435900000","567200000","690400000","795300000","982500000","1164900000","1448600000","1650100000","1786600000","1909700000","1970600000","2240500000","2286700000","2349600000","2425500000","2761100000","2958000000","3610400000","3884400000","4357300000","4714700000","4911600000","5137300000","5609800000","5778300000","5998700000","6363700000","6794000000","7228700000","8090900000","8925600000","10675400000","12131300000","16080143000","17421892000","19265001000","20962145900","22460538800","24462652500","26161826900","27396782700","28323711300","29541989500","30793311100","31597134500","31027272000","32870231100","34623124000","36186907500","",
"Japan","JPN","GDP (current LCU)","NY.GDP.MKTP.CN","17070925778806.3","20616032944651.8","23395628714985.2","26776542457219.5","31496612694472.9","35041718738096.5","40696842304544","47691221121546.8","56483098833286","66347582869680.1","78200514979000","86043703039000","98511004992000","119945590758000","143130878624000","158146614293000","177600518394000","197910475307000","217935863164000","236213214422000","256075900000000","274615900000000","288613000000000","301844100000000","319663600000000","340395300000000","357276100000000","373273000000000","400566900000000","428994100000000","461295100000000","491418900000000","504161200000000","504497800000000","510916100000000","521613500000000","535562100000000","543545400000000","536497400000000","528069900000000","535417700000000","531653900000000","524478700000000","523968600000000","529400900000000","532515600000000","535170200000000","539281700000000","527823800000000","494938400000000","505530600000000","497448900000000","500474700000000","508700600000000","518811000000000","538032300000000","544364600000000","553073000000000","556630100000000","557910800000000","539808200000000","552571400000000","559710100000000","590694100000000","",
"Kazakhstan","KAZ","GDP (current LCU)","NY.GDP.MKTP.CN","","","","","","","","","","","","","","","","","","","","","","","","","","","","","","","92700000","162000000","2412000000","29423100000","423468800000","1014190000000","1415749700000","1672142500000","1733263500000","2016456300000","2599901600000","3250593300000","3776277300000","4611975300000","5870134300000","7590593500000","10213731200000","12849794000000","16052919200000","17007647000000","21815517000000","28243052700000","31015186600000","35999025100000","39675832900000","40884133600000","46971150000000","54378857800000","61819536400000","69532626500000","70649033200000","83951587900000","103765518200000","119808038700000","",
"Kenya","KEN","GDP (current LCU)","NY.GDP.MKTP.CN","5651898400","5663998500","6200798200","6618498000","7133998100","7127998000","8318001000","8804000000","9666400000","10417000000","11453200000","12702800000","15052000000","17566000000","21214000000","23934000000","29072000000","37198000000","40994600000","46604000000","53910002000","62016000000","70247800000","79592200000","89242600000","100811600000","117460200000","131155800000","148283780000","170404100000","196433610000","224230069300","264471872700","333611292400","400657837200","465250740000","687998000000","770313000000","850808200000","906927630000","967836930000","1020221000000","1035373000000","1131782000000","1274329000000","1415725000000","1862041000000","2151349000000","2483058000000","3275642000000","3597630000000","4162514000000","4767191000000","5311322000000","6003835000000","6884317000000","7594064000000","8483396000000","9340307000000","10237727000000","10715070000000","12027662000000","13489642000000","15108806000000","",
"Kyrgyz Republic","KGZ","GDP (current LCU)","NY.GDP.MKTP.CN","","","","","","","","","","","","","","","","","","","","","","","","","","","","30700000","34100000","37500000","42800000","92500000","741300000","5354700000","12019200000","16145100000","23399300000","30685700000","34181400000","48744000000","65357700000","73883500000","75366800000","83871400000","94350700000","100899200000","113800100000","141897700000","187991900000","201222900000","220369300000","285989100000","310471300000","355294800000","400694000000","430489400000","476331200000","530475700000","569385600000","654015200000","639688600000","782854300000","1020744600000","1228898800000","",
"Cambodia","KHM","GDP (current LCU)","NY.GDP.MKTP.CN","","","","","","","","","","","","","","","","11110765804","10977603068","10827794990","10658567346","10564243740","10564243740","10697406478","10320112059","12966721440","22496179753","21347651152","57013070674","124436989254","246105923165","303102833081","753164611787","1680968805100","3155716920200","6813193495000","7105040198500","8433706912200","9201920588400","10145328867000","11720318188000","13376073141000","14237327246300","16267593266000","17631308613500","20080793374100","23629086383200","28918818276300","34264316394100","41080517150800","49356657467000","51753675571100","57788146992400","65068396483700","71894422510300","79768285447100","88992410770400","98334481518800","107784905850900","118907472809900","134279541225600","148984697132500","142502828581900","150792682537500","164059088593300","174027143165900","",
"Kiribati","KIR","GDP (current LCU)","NY.GDP.MKTP.CN","","","","","","","","","","","10359702.1316341","10842507.9218438","12787479.3212645","17974608.866331","29510189.7567001","34028507.9307391","27205337.9943928","28259100.0457214","31944436.7056633","30834872.9800894","29120571.3745022","30690298.1512006","32279828.9239876","34411070.814054","39192806.8331574","37410569.7125938","38884865.3381303","42209020.8911933","48993355.5560413","47606157.7236386","46802514.0925263","52952075.2722467","83729633.9439809","86694847.1103071","91715040.2384519","92538765.8345207","104090684.973426","108067674.94344","119237030.651466","119848253.904107","129207748.282307","125549694.799495","137570842.386794","148186623.695958","141530959.618125","149143039.802846","149182312.309824","164985619.40101","175271503.220559","179733873.748935","180376049.142716","189985765.279927","199922311.493057","208961486.534863","222191292.876683","254982799.31715","277743420.907206","290798884.748076","312538881.6223","312134962.620995","324217586.235941","385175409.862811","390462726.237944","420262728.423691","",
"St. Kitts and Nevis","KNA","GDP (current LCU)","NY.GDP.MKTP.CN","21200000","21400000","21500000","22000000","23000000","23300000","24800000","29500000","29200000","31700000","32600000","38700000","44100000","47400000","64700000","72400000","78700000","120140000","133470000","158870000","184840000","218400000","232260000","234560000","266230000","299720000","352850000","398920000","466270000","519800000","586600000","595460000","653770000","712140000","796930000","846410000","901650000","1010520000","1033760000","1096710000","1137440000","1237100000","1297610000","1267380000","1368630000","1477450000","1739920000","1861070000","2099770000","2090540000","2102540000","2257450000","2226380000","2361280000","2570700000","2584500000","2718410000","2853840000","2906680000","2991210000","2386590000","2318280000","2649860000","2849849400","",
"Korea, Rep.","KOR","GDP (current LCU)","NY.GDP.MKTP.CN","249900000000","301700000000","365900000000","518500000000","739700000000","831400000000","1066100000000","1313600000000","1692900000000","2212700000000","2796600000000","3438000000000","4267700000000","5527300000000","7905000000000","10543600000000","14472800000000","18608100000000","25154500000000","32402300000000","39725100000000","49669800000000","57286600000000","68080100000000","78591300000000","88129700000000","102985800000000","121697800000000","145994700000000","165801800000000","200556200000000","242481100000000","277540800000000","315181300000000","372493400000000","436988800000000","490850900000000","542001800000000","537215300000000","591453000000000","651634400000000","707021300000000","784741300000000","837365000000000","908439200000000","957447800000000","1.0056015E+15","1.0896602E+15","1.1542165E+15","1.2053477E+15","1.3226112E+15","1.3889372E+15","1.4401114E+15","1.5008191E+15","1.5629289E+15","1.6580204E+15","1.7407796E+15","1.8356982E+15","1.8981926E+15","1.9244981E+15","1.9407262E+15","2.0801985E+15","2.1617739E+15","2.2363294E+15","",
"Kuwait","KWT","GDP (current LCU)","NY.GDP.MKTP.CN","","","653000000","679000000","740000000","749000000","854000000","872000000","951000000","989000000","1026300000","1381799900","1464000000","1604100000","3812999900","3487000100","3839700000","4051300100","4264300000","6839799800","7741000200","6985800200","6212299800","6083440100","6424569900","6449940000","5202809900","6233330200","5773199900","7142900200","5307200000","3129799900","5826500100","7230300200","7379999700","8113900000","9429100000","9206700000","7906500000","9169700000","11570300000","10700000000","11590000000","14267200000","17516700000","23593200000","29469500000","32580600000","39619800000","30496200000","33079121049.0645","42511593014.7019","48722206465.1139","49392162043.2106","46284950828.4456","34473293642.8428","33055804288.9099","36610565160.5682","41865087091.2038","42765550902.8817","34005787555.7469","44781706051.8995","56331690863.7087","50287683217.4781","",
"Latin America & Caribbean (excluding high income)","LAC","GDP (current LCU)","NY.GDP.MKTP.CN","","","","","","","","","","","","","","","","","","","","","","","","","","","","","","","","","","","","","","","","","","","","","","","","","","","","","","","","","","","","","","","","","",
"Lao PDR","LAO","GDP (current LCU)","NY.GDP.MKTP.CN","","","","","","","","","","","","","","","","","","","","","","","","","61499998200","106499997700","168799993900","190400004100","234800005100","416300007400","612599988200","721800003600","807599996900","950999973900","1107799965700","1419100028900","1725688971300","2201200000000","4222449098800","10329402638000","13638378021000","15701800000000","17681982600000","21277279467000","25049270658000","29147834246000","35081076407000","40553790510000","47602813795000","49673414248000","58866800648000","70256887355000","81609860356000","93867573852000","106797293550000","117252000000000","129279000000000","140749000000000","152414000000000","162657000000000","171705383000000","182584101000000","217107907000000","280247579012700","",
"Lebanon","LBN","GDP (current LCU)","NY.GDP.MKTP.CN","","","","","","","","","","","","","","","","","","","","","","","","","","","","","1356000002000","1350000050200","1972999946200","4353769930100","10008823951000","13829436189000","16127493357000","19000855070000","21512807518000","24250000000000","26149000000000","26223000000000","26020000000000","26607000000000","28872000000000","30275000000000","31898440698000","32407234772000","33199235101000","37427237685000","43896766029000","53364871265000","57954189866000","60190142387000","66355325270000","70671755394000","72503534723000","75268476789000","77104567977000","79939228634000","82764040127000","80195660490000","116954329000000","271915973000000","573282051000000","","",
"Liberia","LBR","GDP (current LCU)","NY.GDP.MKTP.CN","190495600","183920900","191861800","200229600","218929100","229260800","244459500","261024300","276820700","306961800","323099700","341543100","368098000","386968300","486955000","577549300","596675700","673010600","717240400","814067900","854711500","846514500","863933200","823374900","848478300","851296100","840964400","972800000","1038300000","786300000","384400000","348000000","223500000","160400000","132200000","134800000","159400000","295900000","359600000","441800000","874000000","906000000","927000000","748000000","897000000","949000000","1119000000","1373000000","1726000000","1768000000","1998000000","2398000000","2791614000","3177198100","3225652000","3227075700","3398419600","3390703400","3422754800","3319596500","3176126300","3513049500","4001047000","4240000000","",
"Libya","LBY","GDP (current LCU)","NY.GDP.MKTP.CN","143444432","158537782","221330726","318688667","479069985","644635858","825871236","973924287","1375223084","1564639012","1643446890","1874340725","2072167266","2587991102","4474083680","4355180344","5653669077","6639919787","6553510060","9040340489","12124450435","10768700215","9994792797","9829113589","8726490543","9334718752","7626401741","7865130440","6957224235","7537000000","8185000000","8981000000","9541000000","9332000000","9967000000","10680000000","12180000000","14149000000","12742000000","16686000000","19602000000","20640000000","26012000000","33620000000","43059000000","61932000000","78938100000","85901500000","106096000000","76225600000","95491600000","58966500000","116755200000","95823400000","73000700000","67289100000","69396200000","93605400000","104673900000","96836000000","65065000000","158989000000","208152000000","217044000000","",
"St. Lucia","LCA","GDP (current LCU)","NY.GDP.MKTP.CN","","","","","","","","","","","","","","","","","","","","","460000000","525000000","495000000","532000000","679000000","768000000","918000000","1014000000","1160000000","1314000000","1565000000","1657000000","1820000000","1849000000","1927000000","2060000000","2130000000","2176000000","2369000000","2489000000","2518000000","2410000000","2430000000","2666000000","2880000000","3066000000","3424461800","3607439800","3881874000","3784071300","4002440000","4234600000","4315160000","4482600000","4722800000","4880600000","5045100000","5396000000","5564600000","5657500000","4048100000","5041400000","6325300000","6561400000","",
"Latin America & Caribbean","LCN","GDP (current LCU)","NY.GDP.MKTP.CN","","","","","","","","","","","","","","","","","","","","","","","","","","","","","","","","","","","","","","","","","","","","","","","","","","","","","","","","","","","","","","","","","",
"Least developed countries: UN classification","LDC","GDP (current LCU)","NY.GDP.MKTP.CN","","","","","","","","","","","","","","","","","","","","","","","","","","","","","","","","","","","","","","","","","","","","","","","","","","","","","","","","","","","","","","","","","",
"Low income","LIC","GDP (current LCU)","NY.GDP.MKTP.CN","","","","","","","","","","","","","","","","","","","","","","","","","","","","","","","","","","","","","","","","","","","","","","","","","","","","","","","","","","","","","","","","","",
"Liechtenstein","LIE","GDP (current LCU)","NY.GDP.MKTP.CN","","","","","","","","","","","394000000","433599100","477178200","525137200","577916300","636000000","681125700","729453300","781209700","836638500","896000000","1005000000","1060000000","1100000000","1181000000","1300000000","1402000000","1570000000","1700000000","1832209500","1974700900","2128274000","2293790500","2472179200","2664441300","2871655600","3094985100","3335683000","3595100000","4001900000","4194900000","4205200000","4190500000","4135300000","4295500000","4556500000","5015500000","5523400000","5503700000","4901400000","5300400000","5097100000","5116100000","5924500000","6099300000","6032700000","6146200000","6375200000","6544600000","6396400000","6014100000","7046100000","7029000000","","",
"Sri Lanka","LKA","GDP (current LCU)","NY.GDP.MKTP.CN","6711000000","6875000000","6970000000","7382000000","7793000000","8084000000","8337000000","9037000000","10718000000","11695000000","13664000000","14050000000","15247000000","18404000000","23771000000","26577000000","30203000000","36407000000","42665000000","52387000000","66527000000","85005000000","99238000000","121601000000","153746000000","162375000000","179474000000","196723000000","221982000000","251891000000","321784000000","372345000000","425283000000","499565000000","579084000000","667772000000","768128000000","890272000000","1017986000000","1105963000000","1257636000000","1407398000000","1581885000000","1822468000000","2090841000000","2452782000000","2938680000000","3578688000000","4410682000000","4835293000000","6629667061900","7491155943000","8989301155300","9938390010500","10775312269000","11566987369000","12812974760000","14387319019000","15351933461000","15910975628000","15646254000000","17612370437614.1","24063762053024.4","27629665088229.9","",
"Lower middle income","LMC","GDP (current LCU)","NY.GDP.MKTP.CN","","","","","","","","","","","","","","","","","","","","","","","","","","","","","","","","","","","","","","","","","","","","","","","","","","","","","","","","","","","","","","","","","",
"Low & middle income","LMY","GDP (current LCU)","NY.GDP.MKTP.CN","","","","","","","","","","","","","","","","","","","","","","","","","","","","","","","","","","","","","","","","","","","","","","","","","","","","","","","","","","","","","","","","","",
"Lesotho","LSO","GDP (current LCU)","NY.GDP.MKTP.CN","24700000","25500000","29900000","33600000","37100000","39200000","40500000","42330000","43890000","47120000","49100000","54700000","62200000","84100000","102500000","110600000","128400000","168100000","231800000","244300000","336100000","381000000","378669300","430821700","491508700","598688800","728601700","820049600","1069429800","1299298400","1543104800","1944864200","2370108800","2730466600","3118491700","3633954700","4067667800","4598765700","5132795500","5576576200","6157651700","7108593800","8177271600","8758658800","9761984300","10698574300","12189415000","11851232400","14596777300","14751776400","16357954100","18726255900","20346890600","22840746100","26492017600","30107080100","31102390600","30734567000","33829187500","34541887600","33802061800","35648093400","38517722300","39076924000","",
"Late-demographic dividend","LTE","GDP (current LCU)","NY.GDP.MKTP.CN","","","","","","","","","","","","","","","","","","","","","","","","","","","","","","","","","","","","","","","","","","","","","","","","","","","","","","","","","","","","","","","","","",
"Lithuania","LTU","GDP (current LCU)","NY.GDP.MKTP.CN","","","","","","","","","","","","","","","","","","","","","","","","","","","","","","","43443252.4258238","134544401.169529","1104236741.21711","3757517006.96335","5480333707.18792","7814274000","9766395000","11779943000","13078494000","12769098000","13381481000","14204092000","15206357000","16674354000","18312796000","20985976000","23999594000","29034064000","32683096000","26973457000","27663434000","31066437000","33240431000","34874027000","36410129000","37440714000","38820696000","42274551000","45947405000","49239233000","50264607000","56679662000","67455464000","73792835000","",
"Luxembourg","LUX","GDP (current LCU)","NY.GDP.MKTP.CN","879949965.56327","880224935.707001","926931971.06287","988973884.784304","1129003398.68432","1152056998.80994","1210609115.39734","1218461513.95732","1333123805.70544","1543673866.70716","1806904000","1839994000","2074942000","2521662000","3074120000","2847543000","3276372000","3366812000","3683764000","4009743000","4363757000","4651394000","5212584000","5734446000","6357615000","6737198000","7403628000","7700995000","8584660000","9804800000","10585952000","11710667000","12368406000","13657727000","14681872000","15239441000","16037154000","17349210000","18131018000","20547759000","22986027000","23879889000","25011094000","26227287000","28189387000","30280986000","34175045000","37641903000","40009559000","39050743000","42402715000","44323466000","46526238000","49094489000","51791322000","54142304000","56208068000","58168784000","60121164000","62431529000","64524267000","72360860000","77529000000","79309622000","",
"Latvia","LVA","GDP (current LCU)","NY.GDP.MKTP.CN","","","","","","","","","","","","","","","","","","","","","","","","","","","","","","","93856197.6877752","215410869.729204","1509754714.95967","2204771578.46342","3069826475.42439","3932476000","4544461000","5248481000","5853373000","6098123000","6697961000","7317740000","8135447000","9142771000","10628869000","13102623000","16294807000","21509327000","23351891000","18482487000","17719640000","19117260000","21104326000","21956193000","22790505000","23744263000","24498174000","26017128000","28153443000","29567001000","29224340000","32285300000","36103656000","39072483000","",
"Macao SAR, China","MAC","GDP (current LCU)","NY.GDP.MKTP.CN","","","","","","","","","","","","","","","","","","","","","","","7113000000","8457000000","10481000000","10895000000","12277000000","15681000000","18403000000","21737000000","26040000000","30138000000","39179000000","45141000000","50239000000","56142000000","57174000000","57961000000","54238000000","52328000000","54369000000","55112000000","59220000000","66147000000","85382000000","97415000000","119014000000","148181000000","168639000000","172363000000","225997000000","295438000000","345080000000","411739000000","438516000000","359708000000","360344000000","404381000000","445527000000","444540000000","202471000000","247926000000","201623000000","369328000000","",
"St. Martin (French part)","MAF","GDP (current LCU)","NY.GDP.MKTP.CN","","","","","","","","","","","","","","","","","","","","","","","","","","","","","","","","","","","","","","","","","","","","","","","","","","","","557400000","","","581800000","","","","","582600000","","548900000","","","",
"Morocco","MAR","GDP (current LCU)","NY.GDP.MKTP.CN","10309001200","10251001900","12041998300","13447000100","14160998400","14920000000","14556000000","15416000000","16555000000","18479000000","20021000000","22001000000","23345000000","25636000000","33540000000","36411000000","42356000000","49761000000","55154000000","62043000000","85537476200","92005760600","106560972000","115569012400","130613270700","150857283000","177191429000","181940170100","211017346900","223360363800","248753508800","281095960600","287825110800","294364249600","327664876700","333318637900","376190905400","372961514800","446582377200","453615452100","457103481100","495426125000","518837735100","555595350000","586301365800","610379364600","667442466200","712306259300","789160621300","815015565700","848999414900","890538547400","922703408000","972847042400","1001454000000","1078119000000","1094249000000","1148895000000","1195237000000","1239836000000","1152477000000","1276563000000","1330558000000","1463358000000","",
"Monaco","MCO","GDP (current LCU)","NY.GDP.MKTP.CN","","","","","","","","","","","248200000","276800000","309500000","355400000","413500000","465400000","538400000","606600000","688400000","784700000","887800000","998500000","1145400000","1269400000","1382000000","1483300000","1599900000","1685200000","1816900000","1955100000","2059800000","2133600000","2208900000","2222700000","2302500000","2382000000","2447100000","2527200000","2639300000","2727700000","2874000000","2985300000","3087700000","3180000000","3250700000","3379700000","3653100000","4287400000","4421500000","3924900000","4048800000","4374200000","4469800000","4936000000","5321800000","5646400000","5846300000","5692100000","6083500000","6595500000","5892800000","7290900000","8357100000","9244100000","",
"Moldova","MDA","GDP (current LCU)","NY.GDP.MKTP.CN","","","","","","","","","","","","","","","","","","","","","","","","","","","","","","","12856500","25900000","191900000","1821000000","4736800100","6479715000","7797562000","8916975000","9122113000","12321554000","16019558000","19051531000","22555858000","27619000000","32032000000","37652000000","44754000000","53430000000","62922000000","60429803000","86275377400","98772813600","105480183900","119532870700","131964258400","146740205200","159010419100","176007292900","189062627300","206256239200","199733683700","242078629000","274207499000","300421300000","",
"Madagascar","MDG","GDP (current LCU)","NY.GDP.MKTP.CN","33230448600","34518044700","36499038200","37489360900","39619026900","41153528800","44446602700","47219865200","50934149000","54871037800","61754793100","66484299800","67623325500","73689662300","92310282400","97857007500","104270152200","115907814700","120488718100","147354524100","219806735650","258651160500","334695608110","403456303180","450466026090","503821809560","588144608770","687055223660","897581230650","1018387517800","1174798178500","1194714030900","1384914810000","1555254072800","2160770675800","3274384949700","4005905771000","4340454054100","4790571869500","5376276965400","6265668346500","7166084523000","7312517881300","7891241683000","9465265240700","11736268677000","13701545531000","15974088180000","18322512467000","18812595596000","20863367561000","23393792065000","25415464299000","27417720539000","30240583633000","33216175582000","37637585996000","41058842552000","45886302017000","51035216506000","49435649383000","55744385864000","61993490441700","69943557424500","",
"Maldives","MDV","GDP (current LCU)","NY.GDP.MKTP.CN","","","","","","","","","","","91808182","102009091","110024091","123139546","153742273","141355455","187259545","182887727","218590909","288540000","320600000","338100000","343700000","407700000","772000000","902800000","1014600000","1302500000","1480400000","1713400000","2054100000","2505800000","3010900000","3532700000","4124700000","4696100000","5301000000","5981791800","6356934600","6935351900","7348448200","10651000000","11482000000","13467149500","15703418400","14891039200","20162565000","23915308300","29077071200","30019774400","33128653500","40511084400","44345433600","50633451400","56866746500","63455345600","67773797500","74110201500","83177380100","88079030700","57104573500","80744440900","95045000000","101412732900","",
"Middle East & North Africa","MEA","GDP (current LCU)","NY.GDP.MKTP.CN","","","","","","","","","","","","","","","","","","","","","","","","","","","","","","","","","","","","","","","","","","","","","","","","","","","","","","","","","","","","","","","","","",
"Mexico","MEX","GDP (current LCU)","NY.GDP.MKTP.CN","163000000","177000000","190000000","212000000","251000000","273000000","304000000","332000000","367000000","406000000","444000000","490000000","565000000","691000000","900000000","1100000000","1371000000","1849000000","2337000000","3068000000","4718199000","6467003750","10411956500","18754719750","30919079000","50151964000","82317749000","203340645500","412821214250","544977748500","734801827000","945190132300","1123936450800","1651777889000","1868526360000","2440392366000","3284161831000","4144914169000","5092988047000","6034995116000","7016603942000","7437107660000","7827757973000","8259533147000","9248389798000","9999598962000","11120115770000","12046753157000","12927761287000","12749117922000","13968149524000","15268436667000","16529124025000","16954005680000","18137650611000","19228614674000","20758790506000","22536210256000","24176670374000","25121823301000","24086758132000","26690033394000","29472734068000","31772376929000","",
"Marshall Islands","MHL","GDP (current LCU)","NY.GDP.MKTP.CN","","","","","","","","","","","8408486","9116810","9973652","11607366","15217532","16691301","18153647","20210069","22209370","25545346","26710653","31020000","34918000","41749000","45144000","43879000","55989000","62983000","70688000","72798000","78476000","82507000","91063000","99461000","108071000","120230000","110858000","109884700","112070100","113352100","114838500","122406100","131960000","131128500","132900000","138000000","143200000","150500000","146600000","151200000","161100000","172300000","180700000","186400000","186000000","183700000","201800000","213700000","220000000","232900000","241800000","258900000","253400000","259300000","",
"Middle income","MIC","GDP (current LCU)","NY.GDP.MKTP.CN","","","","","","","","","","","","","","","","","","","","","","","","","","","","","","","","","","","","","","","","","","","","","","","","","","","","","","","","","","","","","","","","","",
"North Macedonia","MKD","GDP (current LCU)","NY.GDP.MKTP.CN","","","","","","","","","","","","","","","","","","","","","","","","","","","","","","","532000000","968000000","12406000000","62233000000","154000000000","178311000000","185593000000","195663000000","205089000000","219847000000","248646000000","252393000000","258581000000","268694000000","280786000000","308447000000","334840000000","372889000000","414890000000","414622000000","437296000000","464186000000","466703000000","501891000000","527631000000","558954000000","594795000000","618106000000","660878000000","692683000000","669280000000","729445000000","816084000000","897694000000","",
"Mali","MLI","GDP (current LCU)","NY.GDP.MKTP.CN","","","","","","","","67771899900","85105803300","88364204000","99442196500","108826001400","122640998400","125639000100","129678999600","178032001000","224428998700","257924005900","275910000600","339380994000","371786770800","418187213000","438279978300","494534288400","538737901600","625462121600","641415139000","628310748700","646044880600","696019296000","730190242600","768496305400","749256034500","798031740400","1155850951900","1350907857400","1422331655700","1574218062200","1722870804900","2117674360000","2103270238000","2540202707500","2711115443400","2733678207000","2876233000000","3294055000000","3607837000000","3903961000000","4387928186200","4812024616500","5288939000000","6123929000000","6352360000000","6540560000000","7092793000000","7747690000000","8311915000000","8922205000000","9481952937800","10124689257000","10052835647000","10707689833000","11714408162500","12532819582700","",
"Malta","MLT","GDP (current LCU)","NY.GDP.MKTP.CN","","","","","","","","","","","243350600","250901100","262301100","296906700","337694900","425402300","522816000","615376500","712482200","836086200","1005944800","1120117200","1185137400","1174281500","1183253700","1221570400","1313671500","1409404200","1556408800","1719859000","1885665200","2070781200","2244977100","2412523300","2639641300","3050600000","3209500000","3404800000","3628600000","3820700000","4120028650","4267551079","4499963818","4761165698","4900703915","5140928123","5380573256","5778186550","6236522484","6287645547","6861982284","7032814499","7479463987","8129383503","8948455208","10221413208","10864344754","12535726792","13678584338","14594158854","14345970869","16671928908","18242258024","20650419641","",
"Myanmar","MMR","GDP (current LCU)","NY.GDP.MKTP.CN","6121001500","6239004200","6533003300","7475001300","6773000200","7623999000","7511998000","8197001200","9341001700","9914998800","10259999700","10437000200","10771999700","11735000100","19349000200","23477000200","27427000300","29617999900","31800000500","35333001200","38608998400","42880000000","46811000800","49822998500","53596999700","55988998100","59028000800","68698001400","76243009500","124666003500","151941400000","186802400000","249394700000","360320700000","472774100000","604729000000","791980000000","1119509000000","1609776000000","2190320000000","2552732500000","3548472200000","5625254700000","7716616200000","9078928500000","12286765400000","16852757800000","23336112700000","29233288000000","33894039100000","39776764900000","46307887700000","51259260000000","58011626000000","65204832345007.8","72650448017169.8","79690363000000","89547993900000","100244307200000","112633324500000","107916476500000","113480192800000","125338951900000","140190999900000","",
"Middle East & North Africa (excluding high income)","MNA","GDP (current LCU)","NY.GDP.MKTP.CN","","","","","","","","","","","","","","","","","","","","","","","","","","","","","","","","","","","","","","","","","","","","","","","","","","","","","","","","","","","","","","","","","",
"Montenegro","MNE","GDP (current LCU)","NY.GDP.MKTP.CN","","","","","","","","","","","","","","","","","","","","","","","","","","","","","","","","","","","","","","743234400","765418000","777790000","1065699000","1295110000","1360353000","1510128000","1669783000","1814994000","2169629000","2689128000","3103332000","2993886000","3125090000","3264781000","3181477000","3362481000","3457922000","3654512000","3954211000","4299091000","4663130000","4950717000","4185553000","4955116000","5924018000","6963615000","",
"Mongolia","MNG","GDP (current LCU)","NY.GDP.MKTP.CN","","","","","","","","","","","","","","","","","","","","","6304182300","6930297300","7657205800","8177209900","8394938400","8746021900","8688536600","9061834800","9613384700","10730900400","12803928300","22600674100","56130265400","227677404200","382103230300","651455743000","737996595800","932926210900","945461183000","1080531999700","1224062063100","1391878162500","1550609921100","1829072230300","2361156946300","3041405736500","4027558620100","4956647181200","6555569353600","6590637139700","9756588400000","13173763400000","16688419554000","19174242645000","22227054279000","22894780891000","23931342642000","28010710566000","32582629019000","37839225358000","37453275328000","43555484407000","53851544500000","70441515813500","",
"Northern Mariana Islands","MNP","GDP (current LCU)","NY.GDP.MKTP.CN","","","","","","","","","","","","","","","","","","","","","","","","","","","","","","","","","","","","","","","","","","","1284000000","1239000000","1210000000","1061000000","990000000","938000000","939000000","795000000","799000000","729000000","746000000","772000000","832000000","910000000","1230000000","1560000000","1301000000","1179000000","866000000","914000000","1096000000","","",
"Mozambique","MOZ","GDP (current LCU)","NY.GDP.MKTP.CN","","","","","","","","","","","","","","","","","","","","","","","","","","","","","","","","5529668200","7043070900","11170052500","17862796500","27629314600","45515261400","56259542300","65917213200","80294385500","90307729900","116978761400","140902062600","156571193600","179233890400","204516281100","241557230800","279371709900","313972580300","337481536000","387549074600","424947383000","473491595600","517732700300","563666356000","648075352100","761028906900","843423195300","905940319800","970297218600","988863462400","1058441751700","1205729029900","1338677862400","",
"Mauritania","MRT","GDP (current LCU)","NY.GDP.MKTP.CN","","786035272","811007201","830334236","1108333467","1260613627","1315874010","1395269243","1537358940","1532599955","1718495912","1859935298","1977801468","2198739528","2778980967","3031857415","3489429302","3642544531","3714372669","4368511413","4811451713","5339078321","5740044703","6386498278","6854858976","7783452261","8825551540","9934158427","10649040850","12047768559","12147086350","17484721900","18835185800","22317103800","24033814500","27143980300","29256854000","31463957800","38304841300","41607896200","42516905600","44634477800","48289612500","53951335500","62684948400","77980678600","105279845900","112387258000","124019067700","123694877400","155297484400","190166085500","199572130500","217184508000","199572600000","200220600000","225473200000","243406900000","266637600000","289665500000","307210500000","332595400000","353023500000","388672000000","",
"Mauritius","MUS","GDP (current LCU)","NY.GDP.MKTP.CN","771854294","913131132","941609572","1208758591","1042449287","1095352050","1083494552","1151193957","1147646800","1230852174","1245142116","1379324639","1701200852","2200230728","3820455893","4057910445","4767335247","5515271772","6342258499","7742865920","8814097501","10346455259","11882866874","12934842636","14553344845","16841746841","19965243276","24548128052","29069191517","33722005318","39971025117","45318984100","50855549500","58367350600","64765997100","71192476400","80434078500","89361850400","101388475700","110872792600","124058262400","136201299000","147008380700","164475677300","183344127900","193970427000","222870000000","255211000000","284254000000","291756000000","307957000000","330647000000","350644000000","377411000000","400351000000","420936000000","447620000000","472861000000","500047000000","512108000000","448874000000","478807000000","571194000000","662917000000","",
"Malawi","MWI","GDP (current LCU)","NY.GDP.MKTP.CN","","","","","","","","","","","","","","","","","","","","","1462712212","1612607106","1812709513","2091252063","2484762542","2830393972","3205858852","3802818905","5143577796","6386104596","7469189798","8989618800","9436392900","13267298900","15025435100","31082569000","50817585200","63734101000","79161065200","113944873800","151080955400","180349563400","390113132800","455035943900","550920593200","630038654600","791364591300","902893964000","1088154018100","1271897950800","1524177906400","1823114919200","2185457550900","2926763440900","3739646523700","4606103177100","5679325217400","6531224085000","7234882369500","8239605654000","8821424127100","9975521930200","11795662816400","14760005789200","",
"Malaysia","MYS","GDP (current LCU)","NY.GDP.MKTP.CN","5866000000","5822000000","6127000000","7684000000","8187000000","9050000000","9623000000","9762000000","10195000000","11218000000","11829000000","12955000000","14220000000","18723000000","22858000000","22332000000","28085000000","32340000000","37886000000","46424000000","53308000000","57613000000","62599000000","70444000000","79550000000","77470000000","71594000000","81085000000","92370000000","105233000000","119081000000","135124000000","150682000000","172194000000","195461000000","222473000000","253732000000","281795000000","283243000000","300764000000","356401000000","352579000000","383213000000","418769000000","474048000000","543578000000","596784000000","665340000000","769949000000","712857000000","821434000000","911733000000","971252000000","1018614000000","1106443000000","1176941187000","1249697694000","1372309832000","1447759635000","1512737754000","1418490911000","1548700791000","1793903063000","1822904443000","",
"North America","NAC","GDP (current LCU)","NY.GDP.MKTP.CN","","","","","","","","","","","","","","","","","","","","","","","","","","","","","","","","","","","","","","","","","","","","","","","","","","","","","","","","","","","","","","","","","",
"Namibia","NAM","GDP (current LCU)","NY.GDP.MKTP.CN","","","","","","","","","","","","","","","","","","","","","1886328423","1974472520","2300529487","2559534106","2878649055","3584238377","4133733774","4683014792","5672518063","6648842348","7218423400","8275300100","9781043900","10624046300","13019013400","14430409200","17150804800","19146035800","21411651300","23634854900","27219616600","30625794400","35302751800","37267277400","42693441700","46223734400","54148842400","62357555400","71026304000","76184185600","83795110900","91420837000","106863600500","117423149200","134835972800","146018649600","157707675300","171570015600","181067046900","181210796900","174243078100","183292312500","205548500000","227830812500","",
"New Caledonia","NCL","GDP (current LCU)","NY.GDP.MKTP.CN","","","","","","14325999616","14739999744","16161000448","19345000448","24847998976","36235001856","41684000768","46447001600","43953000448","55791001600","63643000832","69365997568","74831003648","69419999232","81006002176","90847002624","96099999744","108092997630","114161000450","126489001980","139650007040","151280992260","162626994180","224498008060","253474996220","250426998780","272235003900","281426985000","290599993300","306747998200","329295986700","335481995300","349259989000","381462820100","408433138400","441871689700","439382912200","471996332200","518544966900","565527882900","598402122300","663296638900","767977072000","735713380100","744715000000","842913000000","887425000000","897146000000","912104000000","955285000000","939822000000","940568000000","969083000000","1000000000000","1010000000000","990000000000","1016000000000","1092000000000","","",
"Niger","NER","GDP (current LCU)","NY.GDP.MKTP.CN","110221787100","119143735300","130282831900","143651831800","142805860400","165019992100","172539002900","163734994900","158742003700","162701000700","179638992900","190979997700","187200995300","210939002900","246995992600","224747995100","254367006700","317285007400","400395993100","448689012700","529999986700","589900021800","662999990300","687100002300","638500012000","647199981600","659400032300","671099977700","679200030700","695299997700","956291000000","926946000000","896308000000","864403000000","1076019000000","1149308000000","1230635000000","1336789000000","1559457000000","1561942000000","1592111000000","1793433000000","1930044000000","1968221000000","1983025000000","2311140000000","2484845000000","2743282000000","3254730000000","3457659000000","3884725000000","4134241000000","4812970000000","5050073000000","5363658000000","5725216000000","6162424000000","6494706283200","7130436979400","7552132556000","7911229969700","8270826368500","9627015353100","10202000000000","",
"Nigeria","NGA","GDP (current LCU)","NY.GDP.MKTP.CN","2997268700","3190921200","3506715100","3689708800","3966381100","4196100000","4547800000","3716600000","3715000000","4738800000","8961500000","10375400000","11034700000","12251600000","19604000000","22945400000","28611400000","33585000000","36053000000","42912000000","50270000100","139310502460","149051215300","158750180780","165854199440","187830606490","198123157080","244680214770","315615326590","414860860130","494643670980","590059736200","906029290700","1257174855700","1768791487400","3100235093700","4086065207400","4418708747600","4805156414800","5482354321300","7062751068400","8234493679700","11501450399000","13556973688000","18124060020000","23121878997000","30375178717000","34675943737000","39954211886000","43461458621000","54612264177000","63134734885000","72351452212000","81009964620000","90136984656000","95177735684000","102575418030000","114899249900000","129086907450000","145639139380000","154252318900000","176075501870000","202365026790000","234425913902900","",
"Nicaragua","NIC","GDP (current LCU)","NY.GDP.MKTP.CN","0.4700948","0.5051019192","0.5571123362","0.6151241064","0.7181448936","0.7931600213","0.8493400216","0.9200400114","0.9742599726","1.0471600294","1.0872199535","1.1571999788","1.2331800461","1.5310000181","2.1292600632","2.2265999317","2.5870199204","3.1357998848","2.9989800453","2.9029200077","4.1597599983","4.8965802193","5.6698799133","6.5840201378","9.0059995651","23.080820084","87.148460388","539.16992188","64724.980469","3059900","156465600","7220700000","8964000000","10749500000","25960604000","31177739100","36340948300","41476833900","49050861300","57346028100","64812005100","71563317800","74445035500","80390359200","92323401500","105776805200","118838000000","136951000000","164602000000","168791000000","187052000000","219182000000","247993000000","271529000000","308403000000","347707000000","380261000000","414280000000","410988000000","420614000000","435512000000","497461000000","561431000000","649718000000","",
"Netherlands","NLD","GDP (current LCU)","NY.GDP.MKTP.CN","22904700887.8271","24181675205.9674","26032575346.2538","28243894202.0831","33234869333.5084","37324859720.1948","40642442934.0932","44588741358.4128","49440914933.5185","55992601000","62785447000","71252990000","79791889000","91271507000","106584872000","115215668000","131173398000","141667010000","153248256000","163793763000","176325338000","186122691000","192312258000","199019693000","209845218000","217123499000","223647140000","225578068000","235253252000","248963277000","263423617000","278260197000","290070646000","298410614000","313584511000","330032000000","345300000000","369660000000","394839000000","420143000000","452191000000","482941000000","502901000000","514901000000","531573000000","553122000000","587444000000","622775000000","651299000000","630173000000","643022000000","656013000000","658232000000","665567000000","678627000000","699175000000","720175000000","750861000000","787273000000","829767000000","816463000000","891550000000","993820000000","1067599000000","",
"Norway","NOR","GDP (current LCU)","NY.GDP.MKTP.CN","37881948506.2296","41324302064.1672","44512262024.6383","47764397614.6809","52525718067.8523","57942491664.8881","62528169212.8395","68409909986.1069","73050651172.5374","79544227101.5397","91530000000","102897000000","114362000000","129928000000","150379000000","171849000000","196119000000","220968000000","243887000000","269067000000","318279000000","365013000000","404325000000","449657000000","506486000000","562402000000","581912000000","634874000000","664084000000","708636000000","749861000000","790087000000","813093000000","855401000000","897242000000","963138000000","1054672000000","1141340000000","1163683000000","1266463000000","1509132000000","1566708000000","1564145000000","1624095000000","1788123000000","1997037000000","2224871000000","2360174000000","2622135000000","2439712000000","2605351000000","2809929000000","2983082000000","3090335000000","3161776000000","3130183000000","3116035000000","3323103000000","3576581000000","3596937000000","3461575000000","4323931000000","5708190000000","5126500000000","",
"Nepal","NPL","GDP (current LCU)","NY.GDP.MKTP.CN","3872999900","4052999900","4374000100","4616000000","5023000100","5601999900","6909000200","6415000100","7173000200","7984999900","8768000000","8938000400","10369000400","9969000400","12807999500","16570999800","17393999900","17280000000","19732000800","22215000100","23350999000","27306999800","30987999200","33760000000","39389999100","46586000000","55724000000","63864000000","76906000000","89269000000","103416000000","123801000000","152714400000","175682000000","199272000000","219175000000","248913000000","280513000000","300845000000","342036000000","379488000000","441518545600","459443000000","492231000000","536749000000","589412000000","654084000000","727827000000","815658000000","988272000000","1192774000000","1559222569200","1758379177900","1949294818500","2232525283500","2423638482800","2608184437700","3077144919300","3455949289800","3858930402400","3888703650900","4352550241000","4976557695705.94","5348527637638.33","",
"Nauru","NRU","GDP (current LCU)","NY.GDP.MKTP.CN","","","","","","","","","","","15688580","16973523","18604534","20706522","24422276","29370192","31960016","35259691","37019227","39112900","42135044","44520284","47923098","51757171","52298480","54167093","57097353","60626941","63127750","65994147","72216302","66933300","66488400","61969100","57447800","53831200","49370700","47702200","43734300","43611000","42882200","42137600","40168500","42544100","43000000","40000000","39000000","29000000","42000000","60000000","54000000","66377604.0268435","97747087.7382331","92000000","107567574.774987","101423010.697302","133634687.672415","144345829.336689","168925203.292807","174595911.768684","185767792.756375","235165746.898143","216104917.298689","229063132.468635","",
"New Zealand","NZL","GDP (current LCU)","NY.GDP.MKTP.CN","2843960225.78494","2944498663.65612","3172314985.84004","3465374441.29246","3796938100.26112","4103901923.19014","4255785843.81415","4413744997.25769","4667897231.53786","5191390298.83633","5799926257.51073","6855000000","7872000000","9201000000","10110000000","11388000000","13964000000","15643000000","17730000000","20696000000","24086000000","29328000000","33178000000","36989000000","41785000000","48249000000","57953000000","65228000000","70137000000","74212000000","76127000000","75967000000","78335000000","84575000000","90600000000","96236000000","101101000000","104815000000","106826000000","113229000000","119839000000","128712000000","135181000000","144502000000","154559000000","162937000000","172004000000","186673000000","189406000000","194307000000","203342000000","213030000000","217494000000","232797000000","242699000000","255397000000","271357000000","290724000000","306173000000","323075000000","327992000000","358602000000","389144000000","410651000000","",
"OECD members","OED","GDP (current LCU)","NY.GDP.MKTP.CN","","","","","","","","","","","","","","","","","","","","","","","","","","","","","","","","","","","","","","","","","","","","","","","","","","","","","","","","","","","","","","","","","",
"Oman","OMN","GDP (current LCU)","NY.GDP.MKTP.CN","15800000","16300000","20100000","21400000","22100000","22600000","24200000","38800000","78700000","100000000","106800000","125100000","140800000","169400000","568500000","724199900","884300000","946800100","946500100","1289500000","2066100000","2507300100","2609400100","2739899900","3046900000","3455899900","2797700100","3003399900","3224500000","3603600000","5117800000","4967100000","5453600000","5471600000","5658000000","6045200000","6691100000","6936300000","6169000000","6856700000","8558800000","8538100000","8868700000","9510100000","10911700000","13652400000","16371100000","18571500000","26839900000","21322100000","24990000000","29797800000","33608700000","34580400000","35642800000","30264300000","28887000000","31089400000","35184000000","33859400000","29187200000","33576000000","43042400000","41837800000","",
"Other small states","OSS","GDP (current LCU)","NY.GDP.MKTP.CN","","","","","","","","","","","","","","","","","","","","","","","","","","","","","","","","","","","","","","","","","","","","","","","","","","","","","","","","","","","","","","","","","",
"Pakistan","PAK","GDP (current LCU)","NY.GDP.MKTP.CN","17854000000","19613000000","20525000000","22052000000","24786000000","28235000000","31244000000","35546000000","38296000000","41349000000","47751000000","50791000000","54673000000","67492000000","88102000000","111183000000","130364000000","149748000000","176334000000","194915000000","234179000000","278196000000","324159000000","364387000000","419802000000","472157000000","514532000000","572479000000","675389000000","769745000000","855943000000","1020600000000","1211385000000","1341629000000","1573097000000","1865922000000","2120173000000","2428312000000","2677656000000","2938379000000","5147094961300","5655817907900","6030116987000","6581622987800","7611677902900","8619231796800","9689070773700","11165234339600","12647136760800","14705697558500","16507053350300","19731030411400","22344639137200","25042169405200","27952815352700","30425879918400","32725049000000","35552819000000","39189810000000","43798401000000","47540409000000","55836225000000","66657868000000","83955422000000","",
"Panama","PAN","GDP (current LCU)","NY.GDP.MKTP.CN","537147100","599026300","652120900","722784500","776137500","852485300","928833000","1034376400","1112791100","1221305700","1351006400","1523917200","1673411700","1913793400","2188307600","2435304100","2588106000","2738261900","3244558600","3704551600","4614086400","5222421500","5769767900","5923755900","6183387100","6541517100","6797834200","6827665300","5902783400","5918469800","6433967000","7074675500","8042337700","8782585400","9365289800","9573813700","9197503300","10058854400","11019557700","11660704800","11966497000","12252906300","12800851300","13603456000","15100203400","16623906700","18659721500","21717433800","25721328000","27791215500","30231009500","35687738300","41595439700","46949496500","51427104900","55767806100","59760858700","64327688800","67316471200","69778991200","57059846500","67396392500","76276116700","83318176900","",
"Peru","PER","GDP (current LCU)","NY.GDP.MKTP.CN","70.213090095","77.710749722","88.085521435","96.505668267","116.76529172","138.47187663","163.84468711","187.36846351","221.98644442","248.48920886","287.62703694","320.80685759","355.63029893","425.48257933","536.32167487","683.52513358","899.45080901","1225.1884033","1953.0903549","3585.1683918","5238.92103","9142.4308171","15203.143381","28249.083985","61018.021408","165488.27018","304884.65916","621068.95191","3859852.1118","90448225.276","5466950101.3","26714226400","44972264400","69284484800","98579000000","120263000000","135606000000","154905000000","162586000000","169859000000","180584000000","182527000000","192691000000","204337000000","227935000000","250749000000","290271000000","319693000000","352719000000","363943000000","416784000000","473049000000","508131000000","543556000000","570041000000","604416000000","647668000000","687989000000","731588000000","761984000000","703915000000","878380000000","945329000000","1001860000000","",
"Philippines","PHL","GDP (current LCU)","NY.GDP.MKTP.CN","15144511601","16505796396","18469989692","21526969487","23279228398","25477447760","28037169762","30127008347","33667722151","37330022545","44631663701","53866040929","60526235890","77105740135","105944355800","122310056950","144200050980","164957962330","189758311670","230314541810","276781890850","319930997280","360439336290","419607080320","596647936680","650540333310","692852433970","777283056650","910280135940","1054528520500","1227881702400","1422957514100","1541524165900","1682420868700","1932662420900","2176583797800","2481303646200","2773375100600","3046222105600","3347587190100","3697556200000","4024398940200","4350559772100","4717808940500","5323904177200","5917282301200","6550417112900","7198244887800","8050200620600","8390421456300","9399450758100","10144661327000","11060588831000","12050591984000","13206828252000","13944157448000","15132381470000","16556651083000","18265190258000","19517863172000","17951573570000","19410614486200","22028276337700","24318611399100","",
"Palau","PLW","GDP (current LCU)","NY.GDP.MKTP.CN","","","","","","","","","","","11563041","12706874","13956474","15331889","16848759","18521112","20364420","22308104","24530015","27004251","29728054","32726594","36027583","39661530","44814259","51030637","58109314","66169905","75348615","85800543","97702303","106555300","104771300","96455700","106138500","121018500","137494600","143860800","149079600","144206500","149535800","159453500","162665500","154559900","166391600","191048400","193679700","200903600","201167300","189998000","188174300","198873900","215762400","225345718.75","243156484.375","278824781.25","298323500","285600000","288546281.25","281941562.5","258990843.75","235752906.25","255591062.5","281849062.5","",
"Papua New Guinea","PNG","GDP (current LCU)","NY.GDP.MKTP.CN","205800000","218600000","233200000","246400000","272600000","307300000","349100000","394400100","433200100","492199800","576400100","633599800","717099700","914700000","1022300000","1036300000","1198599900","1298500000","1380900000","1632600100","1708100000","1681200000","1749200000","2142500000","2293700100","2424100100","2572300000","2854299900","3170100000","3045700000","3076200000","3605600000","4223000000","4867100000","5530300000","6194700000","6794700000","7079600000","7803600000","8828200000","9735800000","10396300000","11655500000","12567346700","12652124500","15094000000","25538749000","28304313400","31512437600","32013264100","38752078700","42642222800","44371635600","47721285900","57130774000","60139423700","65038163500","72521646100","79404670700","83843686236.2938","82515009500.4795","91611979103.4959","111394841598.852","110619128661.404","",
"Poland","POL","GDP (current LCU)","NY.GDP.MKTP.CN","","","","","","","","","","","","","","","","","","","","","","","","","","","","","","","62678860800","90485640500","128590833800","174274822900","251822867900","346381000000","433568000000","524339000000","609176000000","677203000000","751669000000","785305000000","814760000000","850001000000","937339000000","993293000000","1073375000000","1189430000000","1290419000000","1375644000000","1441650000000","1563935000000","1622242000000","1637768000000","1710185000000","1809564000000","1865960000000","1996836000000","2147587000000","2313929000000","2362909000000","2661518000000","3100850000000","3401610000000","",
"Pre-demographic dividend","PRE","GDP (current LCU)","NY.GDP.MKTP.CN","","","","","","","","","","","","","","","","","","","","","","","","","","","","","","","","","","","","","","","","","","","","","","","","","","","","","","","","","","","","","","","","","",
"Puerto Rico","PRI","GDP (current LCU)","NY.GDP.MKTP.CN","1691900000","1865100000","2094400000","2333600000","2570500000","2881500000","3170500000","3532700000","3941700000","4460700000","5034700000","5646800000","6328900000","7002400000","7684800000","8198300000","8968600000","9910900000","11165000000","12750000000","14436100000","15955700000","16764200000","17276600000","19162600000","20289200000","22009300000","24025800000","26385800000","28161200000","30603919000","32287031000","34630430000","36922456000","39690630000","42647331000","45340835000","48187039000","54086400000","57841000000","61701800000","69208400000","71623500000","74827400000","80322313000","83914521300","87276164400","89524131600","93639300000","96385600000","98381300000","100351700000","101564800000","102450000000","102445800000","103375500000","104336700000","103445500000","100958100000","105126400000","103130900000","106426600000","113567200000","117902300000","",
"Korea, Dem. People's Rep.","PRK","GDP (current LCU)","NY.GDP.MKTP.CN","","","","","","","","","","","","","","","","","","","","","","","","","","","","","","","","","","","","","","","","","","","","","","","","","","","","","","","","","","","","","","","","","",
"Portugal","PRT","GDP (current LCU)","NY.GDP.MKTP.CN","474720798.351081","508069028.552322","545340481.534282","580650490.43891","629691544.837815","702926932.958865","770097090.003199","860800225.836821","952878206.27535","1045067416.41418","1162721000","1302027000","1516157000","1845576000","2218820000","2466820000","3066191000","4092805000","5148485000","6495968000","8214261000","9817024000","12101202000","15052631000","18414161000","23045725000","28908317000","33858142000","40457326000","47590600000","55973426000","64310655000","72452519000","76207322000","82542195000","89028557000","94351591000","102330960000","111353381000","119603305000","128414445000","135775009000","142554263000","146067858000","152248388000","158552704000","166260469000","175483401000","179102781000","175416437000","179860351000","176318001000","168538750000","170675649000","173186662000","179392709000","186380749000","195509136000","204997646000","214489895000","201032705000","216493745000","243957084000","267384332000","",
"Paraguay","PRY","GDP (current LCU)","NY.GDP.MKTP.CN","35580934868","40578767858","45448000000","48372000000","51452000000","55892000000","58702000000","62077000000","65224000000","70093000000","74921000000","83736000000","96899000000","125437000000","168017900000","190439000000","214069000000","263612000000","322542000000","430514000000","560459000000","708689000000","737040000000","828294314020","1097250186100","1446575378200","1926794466000","2652657875500","3574774163800","5025116749600","7147738440400","9255684159400","10738283273800","12645361493900","14992331683500","17789145328100","20132862098100","21702866395200","25248610402400","27563440659500","30874087613300","34883186504100","41135696942300","49411959699800","57501991731700","66335828408400","75681657797800","89866048799900","107403590628100","111030933590100","129092883480000","141486449392600","147225506094700","166350805107500","180174060966200","188477326977400","204647273075000","219122277202800","230576477470400","236681497060700","239914728793800","270633896196500","292946788981276","313102708878630","",
"West Bank and Gaza","PSE","GDP (current LCU)","NY.GDP.MKTP.CN","","","","","","","","","","","","","","","","","","","","","","","","","","","","","","","","","","","2843300000","3282800000","3409600000","3759800000","4067800000","4271200000","4313600000","4003700000","3555800000","3968000000","4603100000","5125700000","5348300000","5815700000","7310400000","8085700000","9681500000","11186100000","12208400000","13515500000","13989700000","13972400000","15405400000","16128000000","16276600000","17133500000","15531700000","18109000000","19165500000","17420800000","",
"Pacific island small states","PSS","GDP (current LCU)","NY.GDP.MKTP.CN","","","","","","","","","","","","","","","","","","","","","","","","","","","","","","","","","","","","","","","","","","","","","","","","","","","","","","","","","","","","","","","","","",
"Post-demographic dividend","PST","GDP (current LCU)","NY.GDP.MKTP.CN","","","","","","","","","","","","","","","","","","","","","","","","","","","","","","","","","","","","","","","","","","","","","","","","","","","","","","","","","","","","","","","","","",
"French Polynesia","PYF","GDP (current LCU)","NY.GDP.MKTP.CN","","","","","","15846627328","19358670848","19836661760","23302103040","22943610880","25653825536","29891225600","29916319744","34953146368","48608178176","53797998592","63629074432","70862290944","82513321984","93986349056","101445661798","122006150866","147680670210","177947380006","210614552993","236602176231","278558098086","292664065236","294976231548","316882004138","328712064816","349818985000","357455968800","364980242800","371090624200","379987049700","387483963400","399320480800","418670680700","437970005200","465103772700","476166357500","500435421900","519855929300","533783638000","547222000000","558643000000","577395000000","579049000000","563347000000","547877000000","531861000000","528755000000","541961000000","552599000000","572812000000","592618000000","616195000000","619934000000","641908000000","606541000000","620478000000","659815000000","","",
"Qatar","QAT","GDP (current LCU)","NY.GDP.MKTP.CN","","","","","","","","","","","1437100000","1840800000","2238000100","3172600100","9479299100","9877000200","13016999900","14321999900","15709200400","21255000100","28630999000","31527000100","27651999700","23541999600","24404000800","22397999100","18392999900","19825000400","21979000800","23616000000","26791999500","25056000000","27832000500","26050000900","26843000800","29621999600","32975999000","41123999700","37330001900","45111000000","64646000000","63840000000","70484000000","85663000000","115512000000","162091000000","221611000000","290152000000","419583000000","355986000000","455445195100","610701977800","680073948600","723368620400","750657538800","588733438300","552305142000","586400804900","667339231900","641991414388.257","525657362576.784","654224514779.639","857981945578.362","775330225962.171","",
"Romania","ROU","GDP (current LCU)","NY.GDP.MKTP.CN","","","","","","","","","","","","","","","","","","","","","","62370000","72740000","76870000","81610000","81750000","83860000","84510000","85700000","80000000","85790000","220390000","602920000","2003580000","4977319900","7610600000","11387700000","25500100000","37007700000","55126400000","80873100000","117391400000","152271500000","191917600000","244688300000","286861900000","342762600000","425691100000","539831400000","530919600000","540447500000","587235000000","621214700000","631634000000","668905000000","712548600000","752129100000","851620600000","959660300000","1066588600000","1069629400000","1192284800000","1389450000000","1604554000000","",
"Russian Federation","RUS","GDP (current LCU)","NY.GDP.MKTP.CN","","","","","","","","","","","","","","","","","","","","","","","","","","","","","534300000","573000000","644200000","1398500000","19010000000","171510000000","610750000000","1428522100000","2007825100000","2342514000000","2629623000000","4823233500000","7305646300000","8943582400000","10830500000000","13208233779000","17027190860000","21609765489000","26917201375000","33247513229000","41276849187000","38807218575000","46308541190000","60114000000000","68103400000000","72985700000000","79030000000000","83087400000000","85616100000000","91843200000000","103861700000000","109608300000000","107658100000000","135773769020400","155188881115900","172148311913500","",
"Rwanda","RWA","GDP (current LCU)","NY.GDP.MKTP.CN","5950001200","6100000800","6250000400","6400000000","6499999700","7439999000","10895999000","15956001800","17220001800","18870003700","21990000600","22229999600","22699999200","24399999000","28680001500","52770000900","61869998100","71629996000","81050009600","96170000400","107989999600","122639999000","130958000100","142189002800","159111004200","173698023400","170338992100","171431002100","183129997300","192760102900","213460992000","239264006100","271764996100","284366995500","165800001500","339141984300","424127987700","558300004400","621300023300","720348831800","806217821600","871188187500","934569632000","1149633964100","1372305277400","1636550969900","1831559323800","2226384645500","2832596461400","3224699148800","3571534860000","4133058420900","4702282526300","5056670057300","5622581874900","6150307424000","6845366161800","7694234179700","8299136088400","9307648471700","9597275773700","10943365368400","13719751094300","16354802792900","",
"South Asia","SAS","GDP (current LCU)","NY.GDP.MKTP.CN","","","","","","","","","","","","","","","","","","","","","","","","","","","","","","","","","","","","","","","","","","","","","","","","","","","","","","","","","","","","","","","","","",
"Saudi Arabia","SAU","GDP (current LCU)","NY.GDP.MKTP.CN","7866558286","8643650779","9587729393","9933269272","10673139208","11915800009","13142500007","14656600002","18844999700","20185999400","24198000000","32237000000","40056000000","55404000000","161216000000","164530000000","225940000000","261521000000","272871000000","375938000000","547381000000","623367000000","525334000000","446288000000","421558000000","376318000000","322020000000","320931000000","330519000000","357065000000","440525000000","495176000000","513394000000","497965000000","506230000000","536820000000","594191000000","621534000000","550408000000","606439000000","710681000000","690516000000","711022000000","809279000000","970283000000","1230771000000","1411491000000","1558827000000","1949238000000","1609117000000","1980777000000","2537380000000","2781937000000","2826992000000","2874772000000","2510566000000","2497500000000","2681230000000","3174689000000","3144618000000","2753517000000","3278085000000","4157143000000","4003436000000","",
"Sudan","SDN","GDP (current LCU)","NY.GDP.MKTP.CN","392200","425800","462500","470500","483400","503800","516900","559700","584200","643300","731300","796800","864600","1071500","1378500","1679400","2093800","2611200","3068200","3612900","4475900","6009900","8316000","10699200","13581900","18605600","25230500","36280000","64676500","96336500","151385500","307239000","685133000","1414868500","3705198100","8033698800","11280018400","18406531100","22590658600","26977505300","31516274000","40658558000","47756111000","55733784000","68721385000","85707127000","98291904100","119837265800","135511711800","134214714600","170992636300","209070555400","225797519800","314075332000","440699062700","512094910900","639455640000","866955977500","1315984861600","1956453789500","4066002900000","13387162837400","28755200000000","72069340541890","",
"Senegal","SEN","GDP (current LCU)","NY.GDP.MKTP.CN","246100452150","259724379540","265956603620","274942614220","291320328000","296537999590","306338454210","306635437630","324157462670","323711987540","358607545790","368853475660","408500769510","415331389430","505317382260","606588747180","685734843160","721818335350","740231310770","868941926030","952893672660","1112982896600","1319009543300","1360160389600","1522866267500","1715710509200","1867313795100","1949686798000","1911714783700","2030819391600","2012300161500","2046744999700","2056607077500","2086337986100","2795227008600","3157783967800","3355636698600","3526226093900","3837994933400","4057714195500","4270611957000","4766315891400","4860433962900","5084959063800","5313888669800","5804604948700","6111292249300","6698104789500","7516880064900","7593295291500","7976734607700","8394956688200","9016869323200","9343922875900","9775039000000","10508650000000","11283396000000","12191796000000","12840090000000","13712659000000","14119420000000","15261119000000","17227918000000","18711665686500","",
"Singapore","SGP","GDP (current LCU)","NY.GDP.MKTP.CN","2157400000","2340700000","2529300000","2809000000","2737200000","2983600000","3356400000","3789900000","4364400000","5081300000","5879300000","6929900000","8302300000","10395600000","12831400000","13728700000","15003400000","16353200000","18337400000","21141200000","25869600000","30352000000","33981200000","38058000000","41730400000","40862800000","40892700000","45549500000","53432300000","61308500000","70492300000","78542800000","84920200000","97923100000","112555400000","124463300000","135777200000","148664400000","143474900000","146252500000","165632400000","160885600000","165698100000","170117900000","194433000000","212723000000","236158800000","272697600000","273941600000","282394500000","326980100000","351367900000","368770500000","384870300000","398947900000","423444100000","440787700000","474012400000","508368700000","514153400000","482203800000","583221500000","687230400000","673300300000","",
"Solomon Islands","SLB","GDP (current LCU)","NY.GDP.MKTP.CN","","","","","","","","22600000","25200000","25700000","","44000000","34000000","39000000","59000000","57000000","68000000","84000000","97000000","131000000","151735615","168595133","187327922","208142139","231269036","245103874","257080313","310767768","367552576","396461205","543378991","617715500","787760200","958699100","1325880800","1598876600","1820934000","1957170700","2203543900","2361131900","2136550400","2161380000","2337820100","3135000000","3502900000","4163000000","4697000000","5320400000","6015000000","6488800000","7243000000","8129500000","8717500000","9389900000","9850300000","10351700000","10964400000","11592800000","12847100000","13234000000","12617000000","12228200000","12774500000","13680025076.6834","",
"Sierra Leone","SLE","GDP (current LCU)","NY.GDP.MKTP.CN","197157","200723","209838","213405","227671","256700","268200","252600","274883","340575","362009","348601","372669","469585","554844","614135","662024","793123","1005921","1172576","1155500","1292200","1604500","1876100","2729500","4365000","7888000","22472000","34304999","55803999","98386000","230363000","339591000","436301000","535021100","657597000","867062000","834489000","1051327000","1207704000","1330312000","3339666100","4059246100","5030742900","6043748700","7354797000","8627999800","9931276300","11435910200","12811861300","16044113500","19949949300","25750085500","33347669900","35494083500","33763657300","38007691200","42966172500","50687210800","58778875800","65748398200","74800718000","100007149400","136604079200","",
"El Salvador","SLV","GDP (current LCU)","NY.GDP.MKTP.CN","","","","","","877720000","929520000","976200000","1009760100","1049400000","1132920000","1186120000","1263720000","1442320000","1665880000","1884120100","2328280100","2941640100","3127960000","3463639900","3573959900","3437200200","3399189100","3506347800","3661683400","3800368600","3771663200","3958045800","4189880000","4372215300","4817542204","5252342400","5813399300","6680269200","7679384000","8921947100","9586327800","10221705900","10936669900","11284197000","11784927700","12282533600","12664190300","13243892200","13724810900","14698000000","15999890000","17011750000","17986890000","17601620000","18447920000","20283780000","21386150000","21990960000","22593470000","23438240000","24191430000","24979190000","26020850000","26881140000","24921190000","29043140000","31988920000","34015620000","",
"San Marino","SMR","GDP (current LCU)","NY.GDP.MKTP.CN","","","","","","","","","","","","","","","","","","","","","","","","","","","","","","","","","","","","","","859000000","940000000","1041000000","1091000000","1183000000","1215000000","1293000000","1379000000","1436000000","1521000000","1597000000","1634000000","1480000000","1419000000","1303000000","1249000000","1264000000","1260000000","1279300507.29183","1326532027.65","1353143902.27718","1401708778.86202","1443741367.80394","1352406807.12216","1568726185.4256","1739426828.8176","","",
"Somalia","SOM","GDP (current LCU)","NY.GDP.MKTP.CN","1289000064","1368999936","1453800064","1543900160","1639500032","1740899968","1838400000","1941299968","2048000000","2144500992","2435897760","2473890817","3126285895","3038359104","3603912906","4765414957","5485112023","6880000000","8175000000","8985000000","17341000000","22056000000","29111000000","35129000000","62253000000","87290000000","118781000000","169608000000","287538158722","605045769830","1955383015638","2728304733100","3120909345400","5019529606800","6425324372900","8786478870300","12335052551800","16675557077600","21676264076400","26609546637900","32665590794600","37872430992300","43909230689200","50227277761500","57454541882600","71425362483100","70834771852500","78234861978400","85191613939600","93054416773700","84046818062900","87083626693400","98274914618900","97631596198100","115890992183700","136911479044000","152524721186800","176046476919700","188601853704700","216927356777500","222276050620900","246953899455700","273765953673900","298354633365100","",
"Serbia","SRB","GDP (current LCU)","NY.GDP.MKTP.CN","","","","","","","","","","","","","","","","","","","","","","","","","","","","","","","0","0","0","","","63443500000","124999800000","160539100000","210687700000","243476900000","462777000000","909984200000","1154699100000","1358614900000","1567285600000","1890285900000","2235824700000","2623862400000","3021363900000","3173313600000","3384054300000","3758417300000","3967883500000","4296737400000","4341966700000","4493630100000","4698762400000","4953979800000","5287993800000","5669235200000","5764147600000","6576024000000","7458761900000","8817763400000","",
"Sub-Saharan Africa (excluding high income)","SSA","GDP (current LCU)","NY.GDP.MKTP.CN","","","","","","","","","","","","","","","","","","","","","","","","","","","","","","","","","","","","","","","","","","","","","","","","","","","","","","","","","","","","","","","","","",
"South Sudan","SSD","GDP (current LCU)","NY.GDP.MKTP.CN","","","","","","","","","","","","","","","","","","","","","","","","","","","","","","","","","","","","","","","","","","","","","","","","","30504231700","28251774800","33656316700","44557946400","35197842900","54358083600","41188527900","43242473500","","","","","","","","","",
"Sub-Saharan Africa","SSF","GDP (current LCU)","NY.GDP.MKTP.CN","","","","","","","","","","","","","","","","","","","","","","","","","","","","","","","","","","","","","","","","","","","","","","","","","","","","","","","","","","","","","","","","","",
"Small states","SST","GDP (current LCU)","NY.GDP.MKTP.CN","","","","","","","","","","","","","","","","","","","","","","","","","","","","","","","","","","","","","","","","","","","","","","","","","","","","","","","","","","","","","","","","","",
"Sao Tome and Principe","STP","GDP (current LCU)","NY.GDP.MKTP.CN","","","","","","","","","","","1069840","1057518","1120830","1373125","1469039","1535193","1573104","1848146","1990121","2303074","2839510","3206327","3292506","3179809","3453817","3690258","4473582","6285949","8548056","12285848","17099092","21690300","30482600","54050800","96222200","147282700","297841700","418467600","497558000","550311200","607923900","671568200","774062400","954255200","1134630900","1440642000","1777356300","2018965300","2763009000","3252518700","3529459900","4020537800","4406551600","4965786300","5450233900","5783392800","6511836700","7056330100","8022222000","9105670000","10210772000","10942039000","12690136000","15499918000","",
"Suriname","SUR","GDP (current LCU)","NY.GDP.MKTP.CN","199300","215400","232300","251900","268800","308300","380700","441400","482700","519300","549800","602000","623900","678900","819700","931000","1011000","1283000","1471000","1565000","1590000","1778000","1830000","1767000","1728000","1746000","1782000","1960000","2322000","2713000","3884000","4481000","6069000","14578000","81136000","305683000","345426000","370569000","444340000","762210000","1250927000","1818729000","2569900000","3314169000","4057509000","4899000000","7206000000","8061000000","9698000000","10638000000","11993000000","14452000000","16434000000","16981000000","17294000000","17514647000","20662992000","26893278000","29821678000","31732343000","38719469000","61226087000","93687387000","127066007000","",
"Slovak Republic","SVK","GDP (current LCU)","NY.GDP.MKTP.CN","","","","","","","","","","","","","","","","","","","","","","","","","","","","","","","10171891000","11696633000","12134010000","14290882000","17218879000","20027717000","22248057000","24578454000","26795732000","28614136000","31632015000","34307332000","37272248000","41210910000","45996759000","50275896000","56349060000","63180691000","68556645000","64055141000","68726722000","71629533000","73727607000","74642671000","76562300000","80376307000","81621573000","84960370000","90275851000","94547484000","94320583000","101960012000","110088567000","122918887000","",
"Slovenia","SVN","GDP (current LCU)","NY.GDP.MKTP.CN","","","","","","","","","","","","","","","","","","","","","","","","","","","","","","","936071772.912402","1662266931.77431","4842847114.6209","6827293480.66978","8815412299.92581","10568327000","12126651000","13812392000","15291046000","17149434000","18731920000","20937564000","23272630000","25376345000","27420881000","28905736000","31294440000","34936909000","37742054000","35830349000","36050778000","36782213000","35933578000","36041267000","37270935000","38493891000","40013155000","42625478000","45462435000","48156454000","46738699000","52022646000","56908770000","63951239000","",
"Sweden","SWE","GDP (current LCU)","NY.GDP.MKTP.CN","82410574000","89650798000","97226774000","105235331000","117358155000","129145228000","140478669000","152481506000","161808860000","175722006000","196776440000","212758822000","232803898000","259066157000","292638106000","343661744000","388692383000","422762170000","471243993000","528209056000","600128198000","655712367000","717573712000","803997511000","901992618000","980495217000","1070545970000","1158685362000","1266424617000","1403070040000","1547586142000","1656014792000","1653447717000","1655117000000","1764662000000","1904968000000","1957833000000","2048077000000","2153545000000","2266545000000","2408790000000","2504799000000","2603441000000","2701423000000","2825999000000","2927141000000","3117514000000","3312151000000","3391889000000","3324151000000","3551531000000","3704835000000","3724512000000","3804994000000","3963683000000","4231745000000","4402732000000","4582907000000","4792294000000","5033443000000","5020978000000","5464876000000","5865211000000","6206525000000","",
"Eswatini","SWZ","GDP (current LCU)","NY.GDP.MKTP.CN","25054900","30732900","32805700","38663900","46414700","50200000","54900000","53400000","57000000","75300000","80100000","97600000","112800000","154000000","179600000","213200000","237000000","264400000","296200000","346900000","422110000","500900000","583700000","618700000","729500000","802500000","1026300000","1189300000","1573300000","1827800100","2884071300","3192454900","3664153300","4434945300","5039627200","6162379200","6890746500","7910553200","8717600000","9456800000","12062072300","13279341400","15096687000","16624280800","17893626800","20210659800","22287402500","24443057100","27213165100","30339380100","32497184600","35002132000","40118436200","42659254400","46129707700","49432374400","54512621800","59149724100","61691907000","66403342300","67622866600","70039059800","76827018300","81987017100","",
"Sint Maarten (Dutch part)","SXM","GDP (current LCU)","NY.GDP.MKTP.CN","","","","","","","","","","","","","","","","","","","","","","","","","","","","","","","","","","","","","","","","","","","","","","","","","","1530400000","1597200000","1675600000","1764700000","1831000000","2437642600","2538020800","2554360800","2422249700","2253968800","2520106000","2213206300","2421997200","2751388800","2913720739.2","",
"Seychelles","SYC","GDP (current LCU)","NY.GDP.MKTP.CN","57200000","55200000","60200000","66300000","73300000","74300000","78300000","80300000","89300000","91400000","102400000","120500000","163600000","200800000","246000000","288100000","365595000","493200000","594800000","805900000","1002154399","1034073567","1030136855","1056416985","1136427617","1281978875","1365979399","1485194680","1625759808","1831094401","2092937708","2106769300","2363292800","2612687600","2616730700","2574916700","2660140700","3010612900","3406090900","3541215300","3738049900","3878068600","4066923400","4055113400","4911567200","5378446600","5969222800","7219111000","9264290600","11580720000","11845909900","13110506400","14929278800","15969055300","17687500900","19070910800","20891212800","22865193800","24821799800","26223795300","24355749200","25163758400","29372962800","30019086200","",
"Syrian Arab Republic","SYR","GDP (current LCU)","NY.GDP.MKTP.CN","3070581800","3383977000","4097988100","4585709100","5116868100","5079998100","5047001200","5515002000","5967999100","6863000200","6800000000","8013000000","9228000000","9861000000","15845000000","20597000000","24725000000","27013000000","32389000000","38974000000","51270000000","65777000000","68788000000","73291000000","75342000000","83225000000","99933000000","127712000000","186047000000","208892000000","268328000000","311564000000","371630000000","413755000000","506101000000","570975000000","690857000000","745569000000","790444000000","819092000000","904623000000","974008000000","1016519000000","1074163000000","1266891000000","1506438000000","1726404000000","2020838000000","2448060000000","2520705000000","2834517000000","3252720000000","3024842000000","2937560710400","3612014850500","4783661000000","6128044000000","8348139000000","9580729000000","11620863000000","18646826000000","41455877000000","88590464000000","","",
"Turks and Caicos Islands","TCA","GDP (current LCU)","NY.GDP.MKTP.CN","","","","","","","","","","","","","","","","","","","","","","","","","","","","","","","","","","","","","","","","","319443300","358744800","366707900","409753600","485598800","578645800","721891500","773489700","862683600","703175800","686787800","728789600","727161000","754238000","841070000","942070000","1032452000","1028941663.2","1128749004.5304","1177285211.72521","774653669.315186","1045782453.5755","1228794382.95121","1402054390.94734","",
"Chad","TCD","GDP (current LCU)","NY.GDP.MKTP.CN","76888948700","81910825000","87625703400","91088994300","96111304700","102172349300","106328379900","110657697300","112389443600","122606666900","129706798100","138192244700","147543915400","144253764000","157067689800","185295384400","206941871500","229799066200","251362603500","213639856200","218252288200","238291516900","274179153200","317205391500","401608503700","464119958600","369795226000","349652306300","441588964700","457357831700","473361073600","529553593800","498109648900","414337973300","655051577700","721728639500","822241422600","901587995300","1029344630700","944897144000","986128585300","1253017742400","1385349274600","1590551400000","2332340000000","3505903000000","3880944000000","4140247589300","4635650285500","4369368423300","5278516425000","5736183821300","6314235440000","6397746000000","6883356000000","6474000000000","5984000000000","5806796500000","6242756000000","6629554456200","6167632000000","6532361000000","7732628994700","7975982997700","",
"East Asia & Pacific (IDA & IBRD countries)","TEA","GDP (current LCU)","NY.GDP.MKTP.CN","","","","","","","","","","","","","","","","","","","","","","","","","","","","","","","","","","","","","","","","","","","","","","","","","","","","","","","","","","","","","","","","","",
"Europe & Central Asia (IDA & IBRD countries)","TEC","GDP (current LCU)","NY.GDP.MKTP.CN","","","","","","","","","","","","","","","","","","","","","","","","","","","","","","","","","","","","","","","","","","","","","","","","","","","","","","","","","","","","","","","","","",
"Togo","TGO","GDP (current LCU)","NY.GDP.MKTP.CN","41942355344","43778216527","45755297291","49568244886","57476562292","64819966354","74987838425","80495404463","84590768342","98288963849","99136339515","111422540879","119472164716","127945297036","190505783713","186834061488","209005603263","269730211528","262669206239","267894344555","339069229453","369290302425","381294006728","412079958305","443148372202","483678536825","518842285651","530139903350","579972540328","609508604911","626117941357","638342446800","632824341500","493253476200","770436526300","922980579700","1058660830600","1235522196300","1322465462700","1370398928500","1496300790200","1533273599500","1671986948500","1732724260100","1683031765000","1698779207700","1734927292100","1799646000400","2042167135200","2220674234500","2348486305500","2555318420500","2763919536400","2974131653300","3156747754800","3402695891500","3597810000000","3708900000000","3904400000000","4097100000000","4259500000000","4626030000000","5095790000000","5563010000000","",
"Thailand","THA","GDP (current LCU)","NY.GDP.MKTP.CN","58477600800","63892103200","69090099200","73746604000","80893902800","91289903100","109808001000","117279998000","126484996100","139263000600","147399999500","153400000500","170099998700","222099996700","279200006100","303299985400","346500005900","403500007400","488200011800","558899986400","662481993700","760356012000","841569009700","920989007900","988070019100","1056500023300","1133397016600","1299912982500","1559803985900","1856992051200","2183544963100","2506635083800","2830914027500","3263426000000","3689090000000","4217614000000","4638604000000","4710310000000","4701553000000","4789826000000","5069820000000","5345001000000","5769578000000","6317303000000","6954282000000","7614411000000","8400644000000","9076301000000","9706929000000","9658667000000","10808145000000","11306906000000","12357342000000","12915158000000","13230304000000","13743480000000","14590337000000","15488664000000","16373343000000","16889174000000","15661291000000","16188611000000","17378015000000","17922038000000","",
"Tajikistan","TJK","GDP (current LCU)","NY.GDP.MKTP.CN","","","","","","","","","","","","","","","","","","","","","","","","","","59700","59300","62000","68800","69000","72900","135200","647000","7070600","20200000","69800000","308400000","518200000","1025300000","1345000000","1786700000","2563800000","3375300000","4761400000","6167300000","7206600000","9335200000","12804400000","17707000000","20628500000","24707100000","30071100000","36163100000","40250200000","44994100000","50977800000","54790300000","64434300000","71059200000","79109800000","83958300000","101076300000","118181700000","130791500000","",
"Turkmenistan","TKM","GDP (current LCU)","NY.GDP.MKTP.CN","","","","","","","","","","","","","","","","","","","","","","","","","","","","2500","2700","2800","3000","5900","160000","2004000","17440000","130400000","1550000000","2222000000","2799000000","4011000000","5223000000","7211000000","9048000000","11881000000","14764000000","17861000000","22249000000","27000000000","49470000000","57611000000","64362000000","83315000000","100218000000","111713000000","124044000000","125299000000","126593000000","132742000000","142679000000","158315000000","160363000000","175026000000","206402000000","212201000000","",
"Latin America & the Caribbean (IDA & IBRD countries)","TLA","GDP (current LCU)","NY.GDP.MKTP.CN","","","","","","","","","","","","","","","","","","","","","","","","","","","","","","","","","","","","","","","","","","","","","","","","","","","","","","","","","","","","","","","","","",
"Timor-Leste","TLS","GDP (current LCU)","NY.GDP.MKTP.CN","","","","","","","","","","","","","","","","","","","","","","","","","","","","","","","128210142","147713000","187891500","216914400","239040500","262819900","306956900","319972700","325729800","225357600","366924300","477443500","469455500","490439100","440772000","462268000","453792400","542795400","648523600","726937800","881909300","1042534600","1160555000","1395727400","1447535200","1590282400","1640464600","1584878400","1555988600","2032550400","2162619200","3624889700","3208594000","2079916900","",
"Middle East & North Africa (IDA & IBRD countries)","TMN","GDP (current LCU)","NY.GDP.MKTP.CN","","","","","","","","","","","","","","","","","","","","","","","","","","","","","","","","","","","","","","","","","","","","","","","","","","","","","","","","","","","","","","","","","",
"Tonga","TON","GDP (current LCU)","NY.GDP.MKTP.CN","","","","","","","","","","","","","","","","24831900","24578800","30786900","36317500","39959100","46773000","54163000","61193000","67559000","73211000","85998000","102021000","116637000","124821000","133835000","147156000","171412000","184642000","191670000","258747274.586233","265455027.715095","273605662.162672","271641732.260146","285725310.270703","315296980.858893","335768971.057735","354482083.598185","398388254.806217","444033245.136418","471898665.616321","507481342.541306","587069156.417504","597835089.476899","654694191.082347","651603437.472276","707704103.032794","758735090.2667","798521399.266592","783298680.236763","799222405.591603","850161952.078354","933209817.24442","1016789406.98614","1074327874.16123","1122776970.78594","1147811081.09845","1180479362.16293","1177176029.14219","","",
"South Asia (IDA & IBRD)","TSA","GDP (current LCU)","NY.GDP.MKTP.CN","","","","","","","","","","","","","","","","","","","","","","","","","","","","","","","","","","","","","","","","","","","","","","","","","","","","","","","","","","","","","","","","","",
"Sub-Saharan Africa (IDA & IBRD countries)","TSS","GDP (current LCU)","NY.GDP.MKTP.CN","","","","","","","","","","","","","","","","","","","","","","","","","","","","","","","","","","","","","","","","","","","","","","","","","","","","","","","","","","","","","","","","","",
"Trinidad and Tobago","TTO","GDP (current LCU)","NY.GDP.MKTP.CN","918299300","1002799000","1061698900","1162698900","1220398800","1262700000","1240700000","1324400000","1517799900","1558400000","1643700000","1771000100","2081500000","2564199900","4192699900","5300100100","6090500100","7532800000","8549600300","11045799900","14966000000","16781000000","19537000000","18633000000","18617000000","18071000000","17260000000","17272000000","17285000000","18373000000","21539000000","22558600000","23118100000","24986900000","29311700000","31697100000","34586600000","35870700000","38065000000","42889100000","51370700000","55007200000","56290000000","71169000000","83652453000","100681986600","115951081100","136952500000","175287200000","121281200000","141268000000","163007800000","175750425600","184966973200","190335219800","172361534100","158205759600","162981213700","166352323400","160588577300","140473994700","165559635400","202984851800","184770100000","",
"Tunisia","TUN","GDP (current LCU)","NY.GDP.MKTP.CN","","363785280","369611648","431229792","457793056","520300000","546500000","570000000","637700000","677200000","755600000","881200000","1067500000","1151300000","1547800000","1741400000","1933000000","2191900000","2483900000","2922000000","3540500000","4162000000","4804400000","5668100000","6412400000","7018300000","7160400000","8035300000","8660600000","9589900000","10815700000","12028800000","13705800000","14663000000","15813800000","17051800000","19066300000","22943400000","24827500000","27215800000","29433400000","31746400000","32901200000","35373200000","38838500000","41871000000","45756200000","49864500000","55273200000","58677200000","66139400000","67747200000","73895300000","79097200000","85345200000","89802200000","95286900000","102011500000","112985500000","122969300000","119502100000","130815400000","138415700000","150776600000","",
"Turkiye","TUR","GDP (current LCU)","NY.GDP.MKTP.CN","68100","71900","80300","93200","100600","107700","126900","140800","157500","175200","196500","242500","289100","364000","495800","644600","823200","1056300","1581900","2778100","5230600","7901000","10492200","13905800","21997100","35095500","51079300","74721900","129224500","227323900","393060200","630116900","1093368000","1981867100","3868429100","7762456100","14772110200","28835883200","71944699600","107374257900","171494210000","247266207500","362109647600","472171775300","582852798800","680275847300","795757108800","887714413800","1002756496300","1006372481600","1167664479200","1404927614900","1581479250900","1823427315100","2054897827700","2350941343300","2626559709600","3133704267400","3761165557300","4317809823900","5048567945000","7256141737200","15011775978500","26545721796800","",
"Tuvalu","TUV","GDP (current LCU)","NY.GDP.MKTP.CN","","","","","","","","","","","2309000","2426000","2541000","2663000","2797000","2940000","3109000","3199000","3368000","3579000","3775000","4111000","3733000","4437000","4949000","5036000","6540000","7587000","9635999.99999999","10383000","12225000","13001000","14345000","15315000","16102000","16084000","17044900","18505200","21959500","22939300","26000000","27000000","31000000","30000000","31000000","30000000","32000000","34000000","38000000","36000000","35000000","38000000","38000000","40000000","43000000","49000000","56000000","59075000","64264200","77856600","75192200","80134900","85153300","93743764.4752646","",
"Tanzania","TZA","GDP (current LCU)","NY.GDP.MKTP.CN","18940934772","20187001155","22154223095","24689861972","26777445890","27265914808","31271432688","32608099097","34966098444","36729063345","20367289476","21790533840","24805772163","29093271481","35512311008","42211112901","54218776607","64097121451","71426506158","80561029523","93516787662","109023725010","129282216243","156554806459","197371491115","267821077627","354474772410","502785394921","735418357660","920307612438","1206300736093","1577444277800","1989284657200","2505757658900","3338327100700","4386255058600","5471226214700","6830184019700","8090903071500","9463537207700","10702564363100","11899019633400","13664748311300","15803723268000","18159445568400","20771312305000","23347422032000","27195969081000","33450674683000","38397086967000","44679884234000","53976186599000","62318659036800","72977199824200","82603387740700","94349315691600","108362324289500","118742132825000","129043901311200","139641854498000","151571350271500","162349974723800","174452778541000","188334085000000","",
"Uganda","UGA","GDP (current LCU)","NY.GDP.MKTP.CN","40355000","42121400","42835800","49240500","56196000","63180000","66100000","69090000","74100000","83470000","89970000","101230000","106500000","121560000","147220000","212360000","244730000","499200000","556660000","855610000","1244610000","2674600000","4355000000","6721000000","8390833100","17876737300","42583546100","124395260800","390535899100","894926000000","1375747000000","1829999000000","2745492088500","3870387408000","4400270000000","5367456000000","6122089000000","6633475000000","7570250000000","8170700000000","9364317417900","10296365610000","10840666713000","12443497237000","15362227054000","16050626596000","18209404509000","21186563444000","24497446507000","48495172152000","54117241671000","64759582821000","69825188690000","74924152556000","82771227577000","91582107734000","100548527460000","108518040920000","120484777460000","132089774790000","139689045108200","148310247630400","162749947272900","183004386312800","",
"Ukraine","UKR","GDP (current LCU)","NY.GDP.MKTP.CN","","","","","","477000","501000","533000","583000","637000","687000","719000","752000","809000","837000","867000","921000","966000","1010000","1029000","1057000","1092000","1153000","1212000","1265000","1283000","1306000","1363000","1422000","1533900","1670000","2990000","50330000","1482730000","12037690000","54516420000","81519000000","93365000000","102593000000","130442000000","176128000000","211175000000","234138000000","277355000000","357544000000","457325000000","565018000000","751106000000","990819000000","947042000000","1120585000000","1349178000000","1459096000000","1522657000000","1586915000000","1988544000000","2385367000000","2981227000000","3560302000000","3977198000000","4222026000000","5450849000000","5239114000000","6537825000000","",
"Upper middle income","UMC","GDP (current LCU)","NY.GDP.MKTP.CN","","","","","","","","","","","","","","","","","","","","","","","","","","","","","","","","","","","","","","","","","","","","","","","","","","","","","","","","","","","","","","","","","",
"Uruguay","URY","GDP (current LCU)","NY.GDP.MKTP.CN","14500","17600","19400","23300","33500","54900","97500","167700","369500","497100","530000","696200","1162200","3398000","4492400","7911000","12110800","19119500","29576100","56288500","92204000","119248000","127156700","175395000","271096000","478672000","890449000","1661532000","2944611000","5242091000","10874807000","22610288000","38953979000","59124802000","88140376000","122520863000","163545806000","226318274900","265838901400","271961149700","276152265900","278353052800","289233255700","339791593800","392849675900","425018448100","475242288900","558558125600","651934418500","738160788900","841493831900","972323702000","1101488513300","1256293128100","1429541899800","1576251491900","1733770027900","1864139205300","2007728967200","2193671429700","2254796099367.66","2646327213391.43","2888511615824.95","2998594333915.47","",
"United States","USA","GDP (current LCU)","NY.GDP.MKTP.CN","541988586206.897","561940310344.828","603639413793.103","637058551724.138","684144620689.655","741904862068.965","813032758620.69","859620034482.759","940225000000","1017438172413.79","1073303000000","1164850000000","1279110000000","1425376000000","1545243000000","1684904000000","1873412000000","2081826000000","2351599000000","2627333000000","2857307000000","3207041000000","3343789000000","3634038000000","4037613000000","4338979000000","4579631000000","4855215000000","5236438000000","5641580000000","5963144000000","6158129000000","6520327000000","6858559000000","7287236000000","7639749000000","8073122000000","8577552000000","9062817000000","9631172000000","10250952000000","10581929000000","10929108000000","11456450000000","12217196000000","13039197000000","13815583000000","14474228000000","14769862000000","14478067000000","15048971000000","15599732000000","16253970000000","16880683000000","17608138000000","18295019000000","18804913000000","19612102000000","20656516000000","21539982000000","21354105000000","23681171000000","26006893000000","27720709000000","",
"Uzbekistan","UZB","GDP (current LCU)","NY.GDP.MKTP.CN","","","","","","","","","","","","","","","","","","","","","","","","","","","","27269000","29372000","30698000","32430400","61549300","443886500","5112545100","64877600000","302787300000","559071600000","976830000000","1416158000000","2128660000000","3255600000000","4925300000000","7450200000000","9844000000000","12261000000000","15923400000000","21124900000000","28190000000000","38969800000000","49375600000000","78936618900000","103232580000000","127590235500000","153311335300000","186829495500000","221350905700000","255421861800000","356453840900000","473652793400000","594659595000000","668037954400000","820536612600000","995573090500000","1.1921624943E+15","",
"St. Vincent and the Grenadines","VCT","GDP (current LCU)","NY.GDP.MKTP.CN","22400000","24000000","24900000","23500000","25300000","25900000","27600000","27900000","30700000","33300000","36900000","39600000","53000000","59100000","67600000","72118000","85742500","133253537","164280883","191960171","222318917","275633656","307149849","330089444","364567467","393232604","434285973","474067748","541962124","579811506","648990000","688040000","750480000","773030000","781480000","853220000","895020000","938980000","1008770000","1054940000","1155454300","1247595300","1316962400","1374545400","1484730500","1565862100","1737453100","1926711000","1978190800","1928610700","1945209300","1927250200","1971088000","2064909400","2081430000","2123700000","2198620000","2278910000","2387690000","2459070000","2346600000","2355010000","2609530000","2878100000","",
"Venezuela, RB","VEN","GDP (current LCU)","NY.GDP.MKTP.CN","25671000","27024000","29525000","32186000","35637000","37925000","39516000","41625000","45155000","46283000","52025000","57141000","61502000","73253000","112234000","118098000","135104000","155706000","169060000","207737000","254201000","285208000","291268000","290492000","420072000","464741000","489172000","696421000","873283000","1510361000","2279261000","3037492000","4131483000","5453903000","8675172000","13685686000","29437682000","41943151000","50012967000","59344600000","79655692000","88945596000","107840166000","134227833000","212683082000","304086815000","393926240000","494591535000","677593637000","707262549000","1016834748000","1357487061000","1635451060000","2245843966000","3031242431000","","","","","","","","","","",
"British Virgin Islands","VGB","GDP (current LCU)","NY.GDP.MKTP.CN","","","","","","","","","","","","","","","","","","","","","","","","","","","","","","","","","","","","","","","","","","","","","","","","","","","","","","","","","","","","","","","","","",
"Virgin Islands (U.S.)","VIR","GDP (current LCU)","NY.GDP.MKTP.CN","","","","","","","","","","","","","","","","","","","","","","","","","","","","","","","","","","","","","","","","","","","3262000000","3443000000","3797000000","4428000000","4484000000","4784000000","4244000000","4201000000","4324000000","4223000000","4089000000","3738000000","3565000000","3663000000","3798000000","3794000000","3923000000","4121000000","4229000000","4507000000","4672000000","","",
"Viet Nam","VNM","GDP (current LCU)","NY.GDP.MKTP.CN","","","","","","","","","","","","","","","","","","","","","","","","","","117000003600","599000000000","2870000000000","15420000000000","28093000000000","41955000000000","76707000000000","110532000000000","140258000000000","178534000000000","228892000000000","272036000000000","313623000000000","361017000000000","399942000000000","441646000000000","481295000000000","535762000000000","613443000000000","715307000000000","914001000000000","1.061565E+15","1.246769E+15","1.616047E+15","1.809149E+15","2.73984317E+15","3.53988131E+15","4.07376229E+15","4.4736556E+15","4.93703168E+15","5.19132373E+15","5.639401E+15","6.29390455E+15","7.00904213E+15","7.70720029E+15","8.04438573E+15","8.4874756E+15","9.54873767E+15","1.02218146941153E+16","",
"Vanuatu","VUT","GDP (current LCU)","NY.GDP.MKTP.CN","","","","","","","","","","","","","","","","","","","","8199999000","8276000000","9993000000","11016000000","11665000000","14337000000","13981000000","13545000000","15320000000","16536000000","17872000000","19769000000","22485000000","23709000000","24376000000","27204000000","27953000000","29200000000","31606000000","33447000000","34593000000","37441000000","37480000000","36553000000","38425000000","40803000000","43148000000","48611000000","52898000000","59863000000","63257000000","64996000000","68905000000","69278000000","71692000000","74970000000","79657000000","84707000000","94889000000","100772000000","107450000000","104929000000","104023000000","117917000000","134158000000","",
"World","WLD","GDP (current LCU)","NY.GDP.MKTP.CN","","","","","","","","","","","","","","","","","","","","","","","","","","","","","","","","","","","","","","","","","","","","","","","","","","","","","","","","","","","","","","","","","",
"Samoa","WSM","GDP (current LCU)","NY.GDP.MKTP.CN","","","","","","","","","","","32598376","38635114","42257155","50708586","56745323","59160018","67611448","77270227","79684922","101009058","115599252","122220956","146350900","173286700","203364900","214588200","225699200","237034600","276540400","278785100","290457200","301119300","326259300","341859600","560483700","556182900","623472900","701756100","741640100","766383300","822127100","912608700","978472000","1055702000","1165266700","1292275900","1389438100","1500746900","1695847600","1714959100","1726339600","1776475900","1779035300","1822730200","1850411400","1997846300","2205778900","2243618500","2254415800","2390088800","2344130500","2169453400","2170167100","2561724400","",
"Kosovo","XKX","GDP (current LCU)","NY.GDP.MKTP.CN","","","","","","","","","","","","","","","","","","","","","","","","","","","","","","","","","","","","","","","","","","","","","","","","","3537599000","3610441000","4030990000","4555904000","4797274000","5071332000","5325095000","5674423000","6037271000","6356456000","6671521000","7056172000","6771602000","7957875000","8895727000","9680067000","",
"Yemen, Rep.","YEM","GDP (current LCU)","NY.GDP.MKTP.CN","","","","","","","","","","","","","","","","","","","","","","","","","","","","","","","147958000000","176132000000","215692000000","261059000000","336514000000","518252000000","741667000000","884192000000","859104000000","1189857000000","1558370000000","1662101000000","1878007000000","2160608000000","2563490000000","3208501000000","3760038227200","4308635620000","5375824693600","5097593176200","6786813130000","6996908142400","7586549615600","8684829513100","9289390699700","9797602983900","8891000000000","10006000000000","11578730912300","","","","","","",
"South Africa","ZAF","GDP (current LCU)","NY.GDP.MKTP.CN","6249000000","6590000000","7010000000","7753000000","8540000000","9335000000","10151000000","11301000000","12232000000","13755000000","15156000000","16744000000","18846000000","23083000000","28123000000","31730000000","35783000000","39416000000","44876000000","53080000000","69637000000","81739000000","93276000000","107181000000","125207000000","143659000000","167618000000","196550000000","236388000000","283395000000","326127000000","373340000000","419121000000","480994458800","545092632100","622900829800","701803913200","778644467000","845733385800","925690425000","1053138033600","1165940572900","1360679275100","1490399020800","1652434096800","1837001382600","2057593909300","2346649864200","2611630824700","2794228410100","3055613201500","3327047014300","3566385035100","3868630208400","4133873023400","4420792525200","4759554544700","5078189924600","5363190430700","5625206549500","5562760340700","6220151638900","6655523777900","7023994455600","",
"Zambia","ZMB","GDP (current LCU)","NY.GDP.MKTP.CN","499100","487400","485200","503100","587600","758000","885000","957600","1124100","1376000","1277700","1180900","1337500","1588100","1873100","1571200","1922700","1986400","2250700","2660400","3063600","3485400","3595300","4181200","4931000","7071900","12963200","21564000","30823000","55181200","113340000","218275800","569564000","1482122100","2447760000","3289686700","4345083200","5656664100","6587519600","8129497000","11201004800","14784761400","18447049600","23201878000","29729908100","37189302500","45964238300","56262974300","67088703200","77348348100","97215915400","114029665900","131271902900","151331000000","167053000000","183381000000","216098000000","246252000000","275174504800","300448727700","332720846700","442336835100","493964301400","557406152600","",
"Zimbabwe","ZWE","GDP (current LCU)","NY.GDP.MKTP.CN","1052990400","1096646600","1117601600","1159511700","1217138000","1311435800","1281749500","1397002000","1479599900","1747998800","1884206300","2178716300","2677729400","3309353600","3982161400","4371300700","4318372000","4364382100","4351600500","5177459400","6678868200","8011373800","8539700700","7764067000","6352125900","5637259300","6217523700","6741215100","7814784100","8286322700","8783816700","8641481700","6751472200","6563813300","6890675000","7111270700","8553146600","8529571600","6401968200","6858013100","6689957600","6777384700","6342116400","5727591800","5805598400","5755215200","5443896500","5291950100","4415702800","9665793300","12041655200","14101920300","17114849900","19091020000","19495519600","19963120600","20548678100","64016979487.4598","69613486100","212174391900","1378795328500","3189937242100","12425362491400","133703393440500","",
