"Country/Area","Year","Unit","GDP, at current prices - US Dollars"
"Afghanistan","1970","US$","1748886596.862996"
"Afghanistan","1971","US$","1831108981.957219"
"Afghanistan","1972","US$","1595555481.8054674"
"Afghanistan","1973","US$","1733333275.4378521"
"Afghanistan","1974","US$","2155555500.3670335"
"Afghanistan","1975","US$","2366666612.831624"
"Afghanistan","1976","US$","2555555570.770149"
"Afghanistan","1977","US$","2953333407.9422593"
"Afghanistan","1978","US$","3300000103.031228"
"Afghanistan","1979","US$","3697940355.827202"
"Afghanistan","1980","US$","3641723443.2232113"
"Afghanistan","1981","US$","3478787915.8675027"
"Afghanistan","1982","US$","3438884593.7539997"
"Afghanistan","1983","US$","3399439011.396882"
"Afghanistan","1984","US$","3360445863.7492633"
"Afghanistan","1985","US$","3321900001.531069"
"Afghanistan","1986","US$","3320599991.3910675"
"Afghanistan","1987","US$","2887499992.683537"
"Afghanistan","1988","US$","2664299990.8672633"
"Afghanistan","1989","US$","3342200001.7670937"
"Afghanistan","1990","US$","3621600007.157436"
"Afghanistan","1991","US$","3340100005.150091"
"Afghanistan","1992","US$","3474600006.811256"
"Afghanistan","1993","US$","2664399991.6472635"
"Afghanistan","1994","US$","2114600000.2314816"
"Afghanistan","1995","US$","3236300000.4039664"
"Afghanistan","1996","US$","3124359411.287943"
"Afghanistan","1997","US$","3016290743.127973"
"Afghanistan","1998","US$","2911960069.0085487"
"Afghanistan","1999","US$","2719992174.9115577"
"Afghanistan","2000","US$","3531869351.4063425"
"Afghanistan","2001","US$","3620525249.7050195"
"Afghanistan","2002","US$","4285191375.917737"
"Afghanistan","2003","US$","4898791113.954784"
"Afghanistan","2004","US$","5504073142.463016"
"Afghanistan","2005","US$","6474979834.98098"
"Afghanistan","2006","US$","7292892929.492694"
"Afghanistan","2007","US$","9999336197.106281"
"Afghanistan","2008","US$","10296146492.904234"
"Afghanistan","2009","US$","11931600355.449577"
"Afghanistan","2010","US$","15144569659.313572"
"Afghanistan","2011","US$","17923100249.9548"
"Afghanistan","2012","US$","19794405855.37711"
"Afghanistan","2013","US$","19904409340.16523"
"Afghanistan","2014","US$","19500460924.407177"
"Afghanistan","2015","US$","18699573703.900463"
"Afghanistan","2016","US$","18224349784.215027"
"Afghanistan","2017","US$","19034302820.422146"
"Afghanistan","2018","US$","18856319310.77826"
"Afghanistan","2019","US$","19372358437.2955"
"Afghanistan","2020","US$","19983008211.711617"
"Afghanistan","2021","US$","15160920556.085217"
"Afghanistan","2022","US$","14174994400.025742"
"Afghanistan","2023","US$","16416748497.939903"
"Africa","1970","US$","116685227427.42949"
"Africa","1971","US$","129674195627.33708"
"Africa","1972","US$","148466883765.05243"
"Africa","1973","US$","179948623128.90808"
"Africa","1974","US$","243234761963.15024"
"Africa","1975","US$","278832318609.50995"
"Africa","1976","US$","312388911887.6354"
"Africa","1977","US$","360312301395.0523"
"Africa","1978","US$","412700799964.714"
"Africa","1979","US$","482993342707.1934"
"Africa","1980","US$","611655394383.6338"
"Africa","1981","US$","582603034632.6583"
"Africa","1982","US$","572068638205.5797"
"Africa","1983","US$","576369964271.435"
"Africa","1984","US$","561765652414.6603"
"Africa","1985","US$","553755802231.2227"
"Africa","1986","US$","487861844021.0993"
"Africa","1987","US$","465885269636.14825"
"Africa","1988","US$","496896469045.408"
"Africa","1989","US$","499810997364.3172"
"Africa","1990","US$","558870897599.8759"
"Africa","1991","US$","562848404574.5657"
"Africa","1992","US$","585484438476.715"
"Africa","1993","US$","582617317497.597"
"Africa","1994","US$","557373544194.4216"
"Africa","1995","US$","604662915796.311"
"Africa","1996","US$","632880001703.7163"
"Africa","1997","US$","655025501019.0388"
"Africa","1998","US$","646755453691.2401"
"Africa","1999","US$","655761062463.2118"
"Africa","2000","US$","673478272970.2"
"Africa","2001","US$","659074434718.7335"
"Africa","2002","US$","679416242057.0004"
"Africa","2003","US$","813869947882.8412"
"Africa","2004","US$","990553231951.2708"
"Africa","2005","US$","1171120589010.5076"
"Africa","2006","US$","1355375145501.195"
"Africa","2007","US$","1573814338434.3289"
"Africa","2008","US$","1830450892768.0027"
"Africa","2009","US$","1734983227221.014"
"Africa","2010","US$","2045218827818.9631"
"Africa","2011","US$","2284462877159.6934"
"Africa","2012","US$","2456071844255.8535"
"Africa","2013","US$","2525427505053.8784"
"Africa","2014","US$","2661571813636.5483"
"Africa","2015","US$","2417147092623.1074"
"Africa","2016","US$","2269495532859.007"
"Africa","2017","US$","2366865728358.65"
"Africa","2018","US$","2497801497486.9224"
"Africa","2019","US$","2601505003533.5835"
"Africa","2020","US$","2481547736966.978"
"Africa","2021","US$","2761999200801.1113"
"Africa","2022","US$","2909447937944.446"
"Africa","2023","US$","2807065865457.8247"
"Albania","1970","US$","2265577056"
"Albania","1971","US$","2330584859.8"
"Albania","1972","US$","2397526448.4"
"Albania","1973","US$","2466543460.8"
"Albania","1974","US$","2537015816.8"
"Albania","1975","US$","2610110369"
"Albania","1976","US$","2685745677.8"
"Albania","1977","US$","2760746396.6"
"Albania","1978","US$","2842275925.8"
"Albania","1979","US$","2372305640.824079"
"Albania","1980","US$","2141837051.2857144"
"Albania","1981","US$","2215474766.142857"
"Albania","1982","US$","2280424885.285714"
"Albania","1983","US$","2305384485.285714"
"Albania","1984","US$","2275736341.571429"
"Albania","1985","US$","2324414456.428571"
"Albania","1986","US$","2397086882.857143"
"Albania","1987","US$","2378194809.857143"
"Albania","1988","US$","2460399973.764558"
"Albania","1989","US$","2940586486.586157"
"Albania","1990","US$","2145756393.0956202"
"Albania","1991","US$","1597144215.924662"
"Albania","1992","US$","1516136386.6199253"
"Albania","1993","US$","1700442876.1397333"
"Albania","1994","US$","1880950821.030754"
"Albania","1995","US$","2392764887.0789394"
"Albania","1996","US$","3199642023.7498374"
"Albania","1997","US$","2224654241.174573"
"Albania","1998","US$","2554868837.499452"
"Albania","1999","US$","3221670165.2436976"
"Albania","2000","US$","3487586302.02033"
"Albania","2001","US$","3926887596.5171785"
"Albania","2002","US$","4355865888.71302"
"Albania","2003","US$","5561459460.633128"
"Albania","2004","US$","7177030364.862026"
"Albania","2005","US$","8052079314.494999"
"Albania","2006","US$","8896076004.050879"
"Albania","2007","US$","10677322220.284279"
"Albania","2008","US$","12881352058.173483"
"Albania","2009","US$","12044210390.122791"
"Albania","2010","US$","11926878547.833578"
"Albania","2011","US$","12890720627.71014"
"Albania","2012","US$","12319824989.793602"
"Albania","2013","US$","12776196146.778822"
"Albania","2014","US$","13228100113.765642"
"Albania","2015","US$","11386876959.921638"
"Albania","2016","US$","11861207886.098637"
"Albania","2017","US$","13019731318.219984"
"Albania","2018","US$","15156427728.089962"
"Albania","2019","US$","15401822167.939905"
"Albania","2020","US$","15162733548.090197"
"Albania","2021","US$","17930564142.194744"
"Albania","2022","US$","18916378916.32873"
"Albania","2023","US$","22977674002.682697"
"Algeria","1970","US$","5155120658.186042"
"Algeria","1971","US$","5363676160.384212"
"Algeria","1972","US$","7176428383.96381"
"Algeria","1973","US$","9229622199.9422"
"Algeria","1974","US$","13259764649.945528"
"Algeria","1975","US$","15555547082.593958"
"Algeria","1976","US$","17750032487.61656"
"Algeria","1977","US$","20990939140.410725"
"Algeria","1978","US$","26373761386.91691"
"Algeria","1979","US$","33201433009.27386"
"Algeria","1980","US$","42252197741.01349"
"Algeria","1981","US$","44264573121.97554"
"Algeria","1982","US$","45094842770.230194"
"Algeria","1983","US$","48702201862.6174"
"Algeria","1984","US$","52827902259.21424"
"Algeria","1985","US$","57866207279.32694"
"Algeria","1986","US$","62922803868.235115"
"Algeria","1987","US$","64333578321.8006"
"Algeria","1988","US$","58655419182.49801"
"Algeria","1989","US$","55344476937.26475"
"Algeria","1990","US$","61751375956.818375"
"Algeria","1991","US$","46565003199.23131"
"Algeria","1992","US$","49105553594.91117"
"Algeria","1993","US$","50846930343.34227"
"Algeria","1994","US$","42330711146.4954"
"Algeria","1995","US$","41971488419.88195"
"Algeria","1996","US$","46836290498.99301"
"Algeria","1997","US$","48068457028.160194"
"Algeria","1998","US$","48079007974.32712"
"Algeria","1999","US$","48531031756.99176"
"Algeria","2000","US$","54666896856.614975"
"Algeria","2001","US$","55056733057.304016"
"Algeria","2002","US$","56819210890.95516"
"Algeria","2003","US$","67863851626.02611"
"Algeria","2004","US$","85332517816.58922"
"Algeria","2005","US$","103198216067.33513"
"Algeria","2006","US$","117027277939.30292"
"Algeria","2007","US$","134977088396.41866"
"Algeria","2008","US$","171000692134.74792"
"Algeria","2009","US$","137211008420.80865"
"Algeria","2010","US$","161207306304.7945"
"Algeria","2011","US$","200019103012.99768"
"Algeria","2012","US$","209059083117.98517"
"Algeria","2013","US$","209755003250.664"
"Algeria","2014","US$","213809979479.76935"
"Algeria","2015","US$","165979118154.1302"
"Algeria","2016","US$","160034208044.85208"
"Algeria","2017","US$","170096987240.59146"
"Algeria","2018","US$","174910894610.78317"
"Algeria","2019","US$","179387530004.42783"
"Algeria","2020","US$","158974998819.1057"
"Algeria","2021","US$","186231676364.43173"
"Algeria","2022","US$","225638456572.14276"
"Algeria","2023","US$","247626160408.78644"
"Americas","1970","US$","1351355149255.663"
"Americas","1971","US$","1478544840473.1853"
"Americas","1972","US$","1631583851334.9607"
"Americas","1973","US$","1853916411922.889"
"Americas","1974","US$","2078196068821.0774"
"Americas","1975","US$","2276132760897.24"
"Americas","1976","US$","2539721492659.139"
"Americas","1977","US$","2796392897512.866"
"Americas","1978","US$","3143005865701.8164"
"Americas","1979","US$","3553059329788.8774"
"Americas","1980","US$","3930931251403.984"
"Americas","1981","US$","4466234805571.58"
"Americas","1982","US$","4533327159507.151"
"Americas","1983","US$","4743139456328.831"
"Americas","1984","US$","5188754992988.398"
"Americas","1985","US$","5507140966883.778"
"Americas","1986","US$","5755713010814.171"
"Americas","1987","US$","6134865954134.668"
"Americas","1988","US$","6704648780717.843"
"Americas","1989","US$","7260172775794.176"
"Americas","1990","US$","7772379855829.692"
"Americas","1991","US$","8090834379073.866"
"Americas","1992","US$","8556539165621.592"
"Americas","1993","US$","9048952465961.312"
"Americas","1994","US$","9754216231076.184"
"Americas","1995","US$","10230451472744.55"
"Americas","1996","US$","10850424934162.457"
"Americas","1997","US$","11582520940734.826"
"Americas","1998","US$","12074907835923.217"
"Americas","1999","US$","12461616170966.172"
"Americas","2000","US$","13346522481511.936"
"Americas","2001","US$","13629199898927.316"
"Americas","2002","US$","13760230564102.814"
"Americas","2003","US$","14462722958235.986"
"Americas","2004","US$","15655651220747.426"
"Americas","2005","US$","17122964375920.822"
"Americas","2006","US$","18541084127764.01"
"Americas","2007","US$","19952995679390.855"
"Americas","2008","US$","20979962646702.953"
"Americas","2009","US$","20223980415609.08"
"Americas","2010","US$","22075668175900.18"
"Americas","2011","US$","23535885571911.49"
"Americas","2012","US$","24331106639588.15"
"Americas","2013","US$","25156495335486.035"
"Americas","2014","US$","25824243395663.17"
"Americas","2015","US$","25412159660390.773"
"Americas","2016","US$","25660197014492.41"
"Americas","2017","US$","27104727208589.37"
"Americas","2018","US$","28059618221551.72"
"Americas","2019","US$","28828761802258.723"
"Americas","2020","US$","27702233813112.242"
"Americas","2021","US$","31122630931752.605"
"Americas","2022","US$","34351641394255.766"
"Americas","2023","US$","36834562489476.086"
"Andorra","1970","US$","99476786.50940892"
"Andorra","1971","US$","113128491.61746244"
"Andorra","1972","US$","143506004.4338677"
"Andorra","1973","US$","190863792.16393504"
"Andorra","1974","US$","236055468.1596917"
"Andorra","1975","US$","278514317.213074"
"Andorra","1976","US$","287588366.35647076"
"Andorra","1977","US$","321390136.87126994"
"Andorra","1978","US$","389745928.50604737"
"Andorra","1979","US$","520742333.0690651"
"Andorra","1980","US$","564812657.1472068"
"Andorra","1981","US$","492189978.486918"
"Andorra","1982","US$","475654367.9903197"
"Andorra","1983","US$","414836775.5106442"
"Andorra","1984","US$","417649689.17118627"
"Andorra","1985","US$","438742504.30809444"
"Andorra","1986","US$","609881940.1016093"
"Andorra","1987","US$","773493497.1885237"
"Andorra","1988","US$","912838474.3527435"
"Andorra","1989","US$","1006552717.7124655"
"Andorra","1990","US$","1302006184.2903733"
"Andorra","1991","US$","1400576915.303114"
"Andorra","1992","US$","1531034034.896404"
"Andorra","1993","US$","1274297409.074743"
"Andorra","1994","US$","1287524766.2792554"
"Andorra","1995","US$","1491495988.2377117"
"Andorra","1996","US$","1548787642.9907556"
"Andorra","1997","US$","1493901087.5553567"
"Andorra","1998","US$","1533515781.6083665"
"Andorra","1999","US$","1569376537.1263697"
"Andorra","2000","US$","1432602740.8131678"
"Andorra","2001","US$","1548266743.9289904"
"Andorra","2002","US$","1764282829.2646754"
"Andorra","2003","US$","2366941642.703814"
"Andorra","2004","US$","2900239979.2721696"
"Andorra","2005","US$","3161088467.977957"
"Andorra","2006","US$","3459334252.5196557"
"Andorra","2007","US$","3957622866.1835003"
"Andorra","2008","US$","4102321137.1985884"
"Andorra","2009","US$","3688974379.607787"
"Andorra","2010","US$","3449928335.912372"
"Andorra","2011","US$","3629135349.2565985"
"Andorra","2012","US$","3188647940.9115067"
"Andorra","2013","US$","3193510729.402359"
"Andorra","2014","US$","3271686126.593318"
"Andorra","2015","US$","2789879501.1370487"
"Andorra","2016","US$","2896612508.8211975"
"Andorra","2017","US$","3000160225.1573887"
"Andorra","2018","US$","3218419456.4372416"
"Andorra","2019","US$","3155151911.5181346"
"Andorra","2020","US$","2890997546.914209"
"Andorra","2021","US$","3324641932.691404"
"Andorra","2022","US$","3380612573.4825034"
"Andorra","2023","US$","3785067331.8824196"
"Angola","1970","US$","3807845629.2395034"
"Angola","1971","US$","4008354403.7980757"
"Angola","1972","US$","4103085020.9118714"
"Angola","1973","US$","5017414098.19936"
"Angola","1974","US$","5628237035.761058"
"Angola","1975","US$","4148373897.766135"
"Angola","1976","US$","3981809822.1832685"
"Angola","1977","US$","4345210241.326292"
"Angola","1978","US$","4846580653.787019"
"Angola","1979","US$","5381375760.411793"
"Angola","1980","US$","7152884551.106359"
"Angola","1981","US$","6684938832.809681"
"Angola","1982","US$","6684938832.809681"
"Angola","1983","US$","6985761080.286116"
"Angola","1984","US$","7386857410.254697"
"Angola","1985","US$","9124941506.785213"
"Angola","1986","US$","8556721705.996391"
"Angola","1987","US$","9860284778.39428"
"Angola","1988","US$","10629052744.167393"
"Angola","1989","US$","12367136840.697908"
"Angola","1990","US$","13670699913.095797"
"Angola","1991","US$","16189237423.999527"
"Angola","1992","US$","18586675505.468983"
"Angola","1993","US$","13467953135.76842"
"Angola","1994","US$","13860724187.179703"
"Angola","1995","US$","6642229110.872722"
"Angola","1996","US$","8725773845.803343"
"Angola","1997","US$","10226790655.638529"
"Angola","1998","US$","8617787793.216835"
"Angola","1999","US$","8227190090.895144"
"Angola","2000","US$","12207354573.063023"
"Angola","2001","US$","11948601235.734755"
"Angola","2002","US$","15285592487.423664"
"Angola","2003","US$","17812704626.232372"
"Angola","2004","US$","23552045850.3415"
"Angola","2005","US$","36970878078.67159"
"Angola","2006","US$","52381025105.21766"
"Angola","2007","US$","65266415706.97414"
"Angola","2008","US$","88538664888.19829"
"Angola","2009","US$","70307193220.93663"
"Angola","2010","US$","83799478929.84383"
"Angola","2011","US$","111789745968.16408"
"Angola","2012","US$","128052913437.63359"
"Angola","2013","US$","136709891897.32756"
"Angola","2014","US$","145712175327.65198"
"Angola","2015","US$","116193648767.1267"
"Angola","2016","US$","101123827421.35934"
"Angola","2017","US$","122123857986.83969"
"Angola","2018","US$","101353211188.35675"
"Angola","2019","US$","83136742483.41339"
"Angola","2020","US$","54821079797.01244"
"Angola","2021","US$","69905714080.18317"
"Angola","2022","US$","113303684437.37888"
"Angola","2023","US$","90552164126.86673"
"Anguilla","1970","US$","3902379.5695220204"
"Anguilla","1971","US$","4589878.457475339"
"Anguilla","1972","US$","5416747.422872562"
"Anguilla","1973","US$","6129013.437095768"
"Anguilla","1974","US$","6749689.873850405"
"Anguilla","1975","US$","7371447.467215628"
"Anguilla","1976","US$","7058818.175009291"
"Anguilla","1977","US$","7889455.185185185"
"Anguilla","1978","US$","9103205.185185185"
"Anguilla","1979","US$","10504178.518518519"
"Anguilla","1980","US$","12122528.888888888"
"Anguilla","1981","US$","13988465.555555554"
"Anguilla","1982","US$","16142467.407407407"
"Anguilla","1983","US$","18629155.925925925"
"Anguilla","1984","US$","21625990.37037037"
"Anguilla","1985","US$","27126450.37037037"
"Anguilla","1986","US$","35064532.59259259"
"Anguilla","1987","US$","43734775.18518518"
"Anguilla","1988","US$","54742893.33333333"
"Anguilla","1989","US$","68125906.2962963"
"Anguilla","1990","US$","75601760.37037036"
"Anguilla","1991","US$","77720090.74074073"
"Anguilla","1992","US$","84450415.92592593"
"Anguilla","1993","US$","92101083.7037037"
"Anguilla","1994","US$","102769857.77777778"
"Anguilla","1995","US$","103736474.44444443"
"Anguilla","1996","US$","109812766.29629628"
"Anguilla","1997","US$","123281641.1111111"
"Anguilla","1998","US$","139670718.5185185"
"Anguilla","1999","US$","148766584.8148148"
"Anguilla","2000","US$","152108526.2962963"
"Anguilla","2001","US$","155912650.37037036"
"Anguilla","2002","US$","156704134.8148148"
"Anguilla","2003","US$","170570797.03703701"
"Anguilla","2004","US$","201541684.8148148"
"Anguilla","2005","US$","228810595.18518516"
"Anguilla","2006","US$","283349887.77777773"
"Anguilla","2007","US$","354548119.2592592"
"Anguilla","2008","US$","355794699.6296296"
"Anguilla","2009","US$","283503135.1851852"
"Anguilla","2010","US$","267025482.96296296"
"Anguilla","2011","US$","292678842.2222222"
"Anguilla","2012","US$","286632437.037037"
"Anguilla","2013","US$","286503245.9259259"
"Anguilla","2014","US$","316154974.07407403"
"Anguilla","2015","US$","330338391.1111111"
"Anguilla","2016","US$","318446689.2592592"
"Anguilla","2017","US$","278885512.5925926"
"Anguilla","2018","US$","318718809.6296296"
"Anguilla","2019","US$","379642103.7037037"
"Anguilla","2020","US$","261375712.59259257"
"Anguilla","2021","US$","305228454.8148148"
"Anguilla","2022","US$","388972051.1111111"
"Anguilla","2023","US$","415735284.4444444"
"Antigua and Barbuda","1970","US$","33865822.98306709"
"Antigua and Barbuda","1971","US$","41156057.113528214"
"Antigua and Barbuda","1972","US$","56405489.24660175"
"Antigua and Barbuda","1973","US$","78360329.0435645"
"Antigua and Barbuda","1974","US$","83529500.25945754"
"Antigua and Barbuda","1975","US$","85416591.3853263"
"Antigua and Barbuda","1976","US$","71000876.92446971"
"Antigua and Barbuda","1977","US$","80823635.18518518"
"Antigua and Barbuda","1978","US$","91503578.14814815"
"Antigua and Barbuda","1979","US$","112682447.77777778"
"Antigua and Barbuda","1980","US$","134449619.6296296"
"Antigua and Barbuda","1981","US$","152098677.77777776"
"Antigua and Barbuda","1982","US$","168525877.77777776"
"Antigua and Barbuda","1983","US$","187261031.85185185"
"Antigua and Barbuda","1984","US$","211924459.25925925"
"Antigua and Barbuda","1985","US$","244778859.6296296"
"Antigua and Barbuda","1986","US$","290440740.7407407"
"Antigua and Barbuda","1987","US$","337174074.07407403"
"Antigua and Barbuda","1988","US$","398637037.037037"
"Antigua and Barbuda","1989","US$","438796296.29629624"
"Antigua and Barbuda","1990","US$","459470370.3703703"
"Antigua and Barbuda","1991","US$","481707407.4074074"
"Antigua and Barbuda","1992","US$","499281481.48148143"
"Antigua and Barbuda","1993","US$","535174074.07407403"
"Antigua and Barbuda","1994","US$","589429629.6296296"
"Antigua and Barbuda","1995","US$","577281481.4814814"
"Antigua and Barbuda","1996","US$","633729629.6296296"
"Antigua and Barbuda","1997","US$","680618518.5185184"
"Antigua and Barbuda","1998","US$","727859259.2592592"
"Antigua and Barbuda","1999","US$","766200000"
"Antigua and Barbuda","2000","US$","783837037.037037"
"Antigua and Barbuda","2001","US$","773766666.6666666"
"Antigua and Barbuda","2002","US$","802529629.6296296"
"Antigua and Barbuda","2003","US$","839996296.2962962"
"Antigua and Barbuda","2004","US$","898355555.5555555"
"Antigua and Barbuda","2005","US$","1014981481.4814814"
"Antigua and Barbuda","2006","US$","1149025925.9259257"
"Antigua and Barbuda","2007","US$","1333774484.074074"
"Antigua and Barbuda","2008","US$","1436899253.3333333"
"Antigua and Barbuda","2009","US$","1319289467.4074073"
"Antigua and Barbuda","2010","US$","1263494950.7407408"
"Antigua and Barbuda","2011","US$","1281481481.4814813"
"Antigua and Barbuda","2012","US$","1327037037.037037"
"Antigua and Barbuda","2013","US$","1325555555.5555556"
"Antigua and Barbuda","2014","US$","1378888888.8888888"
"Antigua and Barbuda","2015","US$","1437777777.7777777"
"Antigua and Barbuda","2016","US$","1489629629.6296296"
"Antigua and Barbuda","2017","US$","1531111111.111111"
"Antigua and Barbuda","2018","US$","1661481481.4814813"
"Antigua and Barbuda","2019","US$","1725185185.185185"
"Antigua and Barbuda","2020","US$","1410740740.7407405"
"Antigua and Barbuda","2021","US$","1601481481.4814813"
"Antigua and Barbuda","2022","US$","1867777777.7777777"
"Antigua and Barbuda","2023","US$","2033085185.185185"
"Argentina","1970","US$","33984527481.4904"
"Argentina","1971","US$","40656247705.268585"
"Argentina","1972","US$","37825395983.02624"
"Argentina","1973","US$","41392043261.40798"
"Argentina","1974","US$","47555759751.01538"
"Argentina","1975","US$","51652597002.77817"
"Argentina","1976","US$","54489205248.71592"
"Argentina","1977","US$","61569776368.91745"
"Argentina","1978","US$","63777763970.40927"
"Argentina","1979","US$","73915901778.50357"
"Argentina","1980","US$","81763953524.0697"
"Argentina","1981","US$","84652390770.51654"
"Argentina","1982","US$","87041150655.75392"
"Argentina","1983","US$","94170111036.92914"
"Argentina","1984","US$","99524371672.77841"
"Argentina","1985","US$","95529910652.7154"
"Argentina","1986","US$","114734842767.74017"
"Argentina","1987","US$","117919338027.43573"
"Argentina","1988","US$","137512093210.354"
"Argentina","1989","US$","83044458652.02043"
"Argentina","1990","US$","153185723202.3756"
"Argentina","1991","US$","205589521324.11945"
"Argentina","1992","US$","247929419773.37912"
"Argentina","1993","US$","256573074883.10602"
"Argentina","1994","US$","279266992407.4708"
"Argentina","1995","US$","279701425371.34283"
"Argentina","1996","US$","295030768611.4064"
"Argentina","1997","US$","317532579012.5062"
"Argentina","1998","US$","324135104738.36914"
"Argentina","1999","US$","307410162020.01"
"Argentina","2000","US$","308148233466.73334"
"Argentina","2001","US$","291334718272.13605"
"Argentina","2002","US$","110583590317.49423"
"Argentina","2003","US$","140444139675.44382"
"Argentina","2004","US$","165947750429.25333"
"Argentina","2005","US$","200622205937.16718"
"Argentina","2006","US$","234391234167.41815"
"Argentina","2007","US$","289755142706.82355"
"Argentina","2008","US$","365644376649.99634"
"Argentina","2009","US$","336359389616.27954"
"Argentina","2010","US$","426487434874.4827"
"Argentina","2011","US$","530158176681.57416"
"Argentina","2012","US$","581430904392.6757"
"Argentina","2013","US$","613316027356.9436"
"Argentina","2014","US$","567050145343.2919"
"Argentina","2015","US$","644903200498.5957"
"Argentina","2016","US$","557532317365.8905"
"Argentina","2017","US$","643628396190.9314"
"Argentina","2018","US$","524819898585.6963"
"Argentina","2019","US$","447754686715.1016"
"Argentina","2020","US$","385740510259.61444"
"Argentina","2021","US$","486564087187.48627"
"Argentina","2022","US$","632789827831.2511"
"Argentina","2023","US$","646075278251.9308"
"Armenia","1970","...","..."
"Armenia","1971","...","..."
"Armenia","1972","...","..."
"Armenia","1973","...","..."
"Armenia","1974","...","..."
"Armenia","1975","...","..."
"Armenia","1976","...","..."
"Armenia","1977","...","..."
"Armenia","1978","...","..."
"Armenia","1979","...","..."
"Armenia","1980","...","..."
"Armenia","1981","...","..."
"Armenia","1982","...","..."
"Armenia","1983","...","..."
"Armenia","1984","...","..."
"Armenia","1985","...","..."
"Armenia","1986","...","..."
"Armenia","1987","...","..."
"Armenia","1988","...","..."
"Armenia","1989","...","..."
"Armenia","1990","US$","2197127853.8865085"
"Armenia","1991","US$","1988605055.0539474"
"Armenia","1992","US$","1199092235.5233495"
"Armenia","1993","US$","1136313457.2045436"
"Armenia","1994","US$","1241648837.4004128"
"Armenia","1995","US$","1372097033.4960697"
"Armenia","1996","US$","1703037605.0178545"
"Armenia","1997","US$","1747514992.502933"
"Armenia","1998","US$","2017852885.7768137"
"Armenia","1999","US$","1968057834.6240993"
"Armenia","2000","US$","2038534802.8228502"
"Armenia","2001","US$","2259108208.239287"
"Armenia","2002","US$","2534163310.571144"
"Armenia","2003","US$","2993550393.210124"
"Armenia","2004","US$","3814176693.630937"
"Armenia","2005","US$","5225971849.502704"
"Armenia","2006","US$","6808524717.525519"
"Armenia","2007","US$","9817806812.332"
"Armenia","2008","US$","12436664185.249865"
"Armenia","2009","US$","9222356746.3383"
"Armenia","2010","US$","9875377779.084885"
"Armenia","2011","US$","10815777610.652319"
"Armenia","2012","US$","10619320692.8087"
"Armenia","2013","US$","11121464429.702991"
"Armenia","2014","US$","11609513241.07536"
"Armenia","2015","US$","10553337527.774534"
"Armenia","2016","US$","10546136240.39524"
"Armenia","2017","US$","11527458712.618654"
"Armenia","2018","US$","12457940705.308796"
"Armenia","2019","US$","13619290545.813139"
"Armenia","2020","US$","12641698593.790771"
"Armenia","2021","US$","13878917583.779192"
"Armenia","2022","US$","19513677666.65961"
"Armenia","2023","US$","24218587333.076603"
"Aruba","1970","US$","197623955.30726257"
"Aruba","1971","US$","208158924.02234638"
"Aruba","1972","US$","219255492.17877096"
"Aruba","1973","US$","230943598.32402235"
"Aruba","1974","US$","243254775.4189944"
"Aruba","1975","US$","256222239.10614523"
"Aruba","1976","US$","269880974.301676"
"Aruba","1977","US$","284267830.72625697"
"Aruba","1978","US$","299421624.0223464"
"Aruba","1979","US$","315383238.547486"
"Aruba","1980","US$","332195737.4301676"
"Aruba","1981","US$","349904479.8882682"
"Aruba","1982","US$","368557242.45810056"
"Aruba","1983","US$","388204349.16201115"
"Aruba","1984","US$","408898806.7039106"
"Aruba","1985","US$","430696447.4860335"
"Aruba","1986","US$","453656081.00558656"
"Aruba","1987","US$","545558022.3463687"
"Aruba","1988","US$","667313460.8938547"
"Aruba","1989","US$","777947008.3798883"
"Aruba","1990","US$","855800245.2513967"
"Aruba","1991","US$","975799596.0893855"
"Aruba","1992","US$","1072384439.1061453"
"Aruba","1993","US$","1211700758.1005585"
"Aruba","1994","US$","1393884832.9608939"
"Aruba","1995","US$","1383932694.4134078"
"Aruba","1996","US$","1445987206.1452513"
"Aruba","1997","US$","1605221424.5810056"
"Aruba","1998","US$","1745136786.0335195"
"Aruba","1999","US$","1805323807.821229"
"Aruba","2000","US$","1873452513.9664805"
"Aruba","2001","US$","1896456983.2402234"
"Aruba","2002","US$","1961843575.4189944"
"Aruba","2003","US$","2044111731.8435755"
"Aruba","2004","US$","2254830726.2569833"
"Aruba","2005","US$","2360016759.7765365"
"Aruba","2006","US$","2469782122.905028"
"Aruba","2007","US$","2677642458.1005588"
"Aruba","2008","US$","2843022346.368715"
"Aruba","2009","US$","2553793296.0893855"
"Aruba","2010","US$","2453597765.3631287"
"Aruba","2011","US$","2637860335.195531"
"Aruba","2012","US$","2615206703.9106145"
"Aruba","2013","US$","2727849162.0111732"
"Aruba","2014","US$","2790849162.0111732"
"Aruba","2015","US$","2962905027.932961"
"Aruba","2016","US$","2983636871.50838"
"Aruba","2017","US$","3092430167.5977654"
"Aruba","2018","US$","3276184357.541899"
"Aruba","2019","US$","3395798882.6815643"
"Aruba","2020","US$","2481857122.905028"
"Aruba","2021","US$","2929446578.2122903"
"Aruba","2022","US$","3279343543.575419"
"Aruba","2023","US$","3648573136.312849"
"Asia","1970","US$","520627001546.763"
"Asia","1971","US$","573623990766.9182"
"Asia","1972","US$","693864219880.2128"
"Asia","1973","US$","907341207702.449"
"Asia","1974","US$","1101567823080.769"
"Asia","1975","US$","1210560859746.9456"
"Asia","1976","US$","1353977024056.4104"
"Asia","1977","US$","1614414217124.4492"
"Asia","1978","US$","2041923073665.5745"
"Asia","1979","US$","2304422826435.2393"
"Asia","1980","US$","2553034741513.3115"
"Asia","1981","US$","2757665628627.477"
"Asia","1982","US$","2669416763672.8784"
"Asia","1983","US$","2830900217074.9414"
"Asia","1984","US$","2945728844509.3574"
"Asia","1985","US$","2925350281454.5386"
"Asia","1986","US$","3650222670876.0293"
"Asia","1987","US$","4302975595745.6484"
"Asia","1988","US$","5116272085821.911"
"Asia","1989","US$","5307284120670.562"
"Asia","1990","US$","5637588339608.151"
"Asia","1991","US$","6221497044560.158"
"Asia","1992","US$","6819536102234.185"
"Asia","1993","US$","7655777401235.522"
"Asia","1994","US$","8234425340807.646"
"Asia","1995","US$","9344093586246.57"
"Asia","1996","US$","9118066815803.482"
"Asia","1997","US$","8801461671320.76"
"Asia","1998","US$","8004634190290.719"
"Asia","1999","US$","8899285233253.58"
"Asia","2000","US$","9623524775930.037"
"Asia","2001","US$","9014559350169.166"
"Asia","2002","US$","9237233469224.992"
"Asia","2003","US$","10198658672008.72"
"Asia","2004","US$","11502090001413.746"
"Asia","2005","US$","12552039672581.238"
"Asia","2006","US$","13597475598673.758"
"Asia","2007","US$","15512712222325.705"
"Asia","2008","US$","17896341655224.465"
"Asia","2009","US$","18155288926221.344"
"Asia","2010","US$","21206220405081.57"
"Asia","2011","US$","24586396539166.184"
"Asia","2012","US$","26051203737647.45"
"Asia","2013","US$","26488414438246.566"
"Asia","2014","US$","27369254135321.69"
"Asia","2015","US$","27046261146524.812"
"Asia","2016","US$","28143355653814.023"
"Asia","2017","US$","30164757592455.723"
"Asia","2018","US$","32429641794787.39"
"Asia","2019","US$","33089803992735.223"
"Asia","2020","US$","32747214019599.68"
"Asia","2021","US$","37738998879766.79"
"Asia","2022","US$","38077044755711.6"
"Asia","2023","US$","38407190464264.86"
"Australia","1970","US$","45217767240.2689"
"Australia","1971","US$","50469583098.396675"
"Australia","1972","US$","59403994583.74148"
"Australia","1973","US$","85729026677.39717"
"Australia","1974","US$","102281456875.87297"
"Australia","1975","US$","109113937864.67802"
"Australia","1976","US$","117569193971.94177"
"Australia","1977","US$","116495994363.0926"
"Australia","1978","US$","135925991896.64162"
"Australia","1979","US$","150467073037.55334"
"Australia","1980","US$","173482474512.76755"
"Australia","1981","US$","202088086743.4572"
"Australia","1982","US$","192130176519.27936"
"Australia","1983","US$","192513614825.4099"
"Australia","1984","US$","206668748577.4344"
"Australia","1985","US$","182188638197.0007"
"Australia","1986","US$","191424428595.5398"
"Australia","1987","US$","227269671890.0979"
"Australia","1988","US$","287739356334.1132"
"Australia","1989","US$","320025357228.52264"
"Australia","1990","US$","324210482492.31665"
"Australia","1991","US$","329720020746.4174"
"Australia","1992","US$","326243560194.8137"
"Australia","1993","US$","317305652268.52356"
"Australia","1994","US$","362526556676.68604"
"Australia","1995","US$","392109900984.5945"
"Australia","1996","US$","435621701851.2685"
"Australia","1997","US$","437322804257.1509"
"Australia","1998","US$","390624407782.66583"
"Australia","1999","US$","427545404690.4739"
"Australia","2000","US$","410129327004.8383"
"Australia","2001","US$","391243080670.8759"
"Australia","2002","US$","436338347651.8727"
"Australia","2003","US$","560400195211.9026"
"Australia","2004","US$","680595917271.7095"
"Australia","2005","US$","763348878174.9425"
"Australia","2006","US$","820063840727.0917"
"Australia","2007","US$","987077353047.6184"
"Australia","2008","US$","1058097572091.4266"
"Australia","2009","US$","1017262036403.2197"
"Australia","2010","US$","1301239880690.9243"
"Australia","2011","US$","1548009246439.7207"
"Australia","2012","US$","1591705694237.5913"
"Australia","2013","US$","1543991561436.531"
"Australia","2014","US$","1464051506405.8809"
"Australia","2015","US$","1245530860500.9226"
"Australia","2016","US$","1306598824672.4553"
"Australia","2017","US$","1411790455926.0771"
"Australia","2018","US$","1454947196305.6755"
"Australia","2019","US$","1377583583453.9275"
"Australia","2020","US$","1435443783359.3667"
"Australia","2021","US$","1750515725090.004"
"Australia","2022","US$","1780936600076.052"
"Australia","2023","US$","1775627733297.5022"
"Australia and New Zealand","1970","US$","51841614060.87925"
"Australia and New Zealand","1971","US$","58407287948.91179"
"Australia and New Zealand","1972","US$","69060015383.74149"
"Australia and New Zealand","1973","US$","98435115076.09178"
"Australia and New Zealand","1974","US$","116543356625.2636"
"Australia and New Zealand","1975","US$","122936958657.37479"
"Australia and New Zealand","1976","US$","131473220112.8437"
"Australia and New Zealand","1977","US$","131701102436.10458"
"Australia and New Zealand","1978","US$","154391917208.0613"
"Australia and New Zealand","1979","US$","171465486450.9053"
"Australia and New Zealand","1980","US$","196847106159.8927"
"Australia and New Zealand","1981","US$","227269493688.21848"
"Australia and New Zealand","1982","US$","217214065902.9447"
"Australia and New Zealand","1983","US$","217402486904.60846"
"Australia and New Zealand","1984","US$","230616696213.24155"
"Australia and New Zealand","1985","US$","206296902991.56323"
"Australia and New Zealand","1986","US$","221716706692.51447"
"Australia and New Zealand","1987","US$","265726243479.68878"
"Australia and New Zealand","1988","US$","334010295433.225"
"Australia and New Zealand","1989","US$","364659555350.89825"
"Australia and New Zealand","1990","US$","369650673718.1227"
"Australia and New Zealand","1991","US$","373553524654.9038"
"Australia and New Zealand","1992","US$","368304120139.3115"
"Australia and New Zealand","1993","US$","362947041864.92395"
"Australia and New Zealand","1994","US$","416091240597.14154"
"Australia and New Zealand","1995","US$","455261337124.43945"
"Australia and New Zealand","1996","US$","505114208797.87286"
"Australia and New Zealand","1997","US$","506624944038.5721"
"Australia and New Zealand","1998","US$","447804682183.9657"
"Australia and New Zealand","1999","US$","487466640477.5498"
"Australia and New Zealand","2000","US$","464573615386.02094"
"Australia and New Zealand","2001","US$","445352152624.2577"
"Australia and New Zealand","2002","US$","498859656093.2723"
"Australia and New Zealand","2003","US$","644309417455.1511"
"Australia and New Zealand","2004","US$","783041677681.253"
"Australia and New Zealand","2005","US$","878072559900.5846"
"Australia and New Zealand","2006","US$","931605203127.9185"
"Australia and New Zealand","2007","US$","1124269532405.8477"
"Australia and New Zealand","2008","US$","1191226433325.887"
"Australia and New Zealand","2009","US$","1138637360158.662"
"Australia and New Zealand","2010","US$","1447756701324.8188"
"Australia and New Zealand","2011","US$","1716305343596.7253"
"Australia and New Zealand","2012","US$","1767916404892.7998"
"Australia and New Zealand","2013","US$","1734900596782.7866"
"Australia and New Zealand","2014","US$","1665389061365.3704"
"Australia and New Zealand","2015","US$","1423635778648.0312"
"Australia and New Zealand","2016","US$","1495496337768.2942"
"Australia and New Zealand","2017","US$","1618358083184.2175"
"Australia and New Zealand","2018","US$","1666793751996.4119"
"Australia and New Zealand","2019","US$","1590430491137.3665"
"Australia and New Zealand","2020","US$","1648140017289.1255"
"Australia and New Zealand","2021","US$","2004159804874.9805"
"Australia and New Zealand","2022","US$","2027064613095.042"
"Australia and New Zealand","2023","US$","2027803239407.67"
"Austria","1970","US$","15312842879.737652"
"Austria","1971","US$","17788799332.24895"
"Austria","1972","US$","21973773185.74573"
"Austria","1973","US$","29399155735.712475"
"Austria","1974","US$","35050515158.996956"
"Austria","1975","US$","39901525672.461845"
"Austria","1976","US$","42790840253.8338"
"Austria","1977","US$","51345662291.58476"
"Austria","1978","US$","61807412256.218765"
"Austria","1979","US$","73651173238.33633"
"Austria","1980","US$","81733923010.79962"
"Austria","1981","US$","70753055585.10619"
"Austria","1982","US$","70993589578.85951"
"Austria","1983","US$","71835978095.9935"
"Austria","1984","US$","67718273625.83709"
"Austria","1985","US$","69116623141.39645"
"Austria","1986","US$","98647734127.21468"
"Austria","1987","US$","123686627667.92961"
"Austria","1988","US$","132811214286.24536"
"Austria","1989","US$","132583063189.3653"
"Austria","1990","US$","165815784702.3063"
"Austria","1991","US$","173108970272.021"
"Austria","1992","US$","194307706240.822"
"Austria","1993","US$","189624232984.0939"
"Austria","1994","US$","202748675174.5554"
"Austria","1995","US$","240110268118.71832"
"Austria","1996","US$","235966340024.5831"
"Austria","1997","US$","211720751051.3557"
"Austria","1998","US$","217062840718.18027"
"Austria","1999","US$","216421809125.9054"
"Austria","2000","US$","196181599831.28488"
"Austria","2001","US$","196477206829.33896"
"Austria","2002","US$","212837224022.81332"
"Austria","2003","US$","260779834340.10587"
"Austria","2004","US$","299210411454.81793"
"Austria","2005","US$","313952317330.7663"
"Austria","2006","US$","333905979332.47815"
"Austria","2007","US$","386760177589.4992"
"Austria","2008","US$","429234399096.17255"
"Austria","2009","US$","399290118782.42865"
"Austria","2010","US$","389827789217.6434"
"Austria","2011","US$","428954737064.06024"
"Austria","2012","US$","406750487603.5899"
"Austria","2013","US$","426580502769.4199"
"Austria","2014","US$","438556021078.02716"
"Austria","2015","US$","379546097300.6326"
"Austria","2016","US$","393687359770.28424"
"Austria","2017","US$","414926138132.69507"
"Austria","2018","US$","452582294972.7673"
"Austria","2019","US$","442983642371.8345"
"Austria","2020","US$","434397601557.6887"
"Austria","2021","US$","480467037338.78296"
"Austria","2022","US$","471773629830.3812"
"Austria","2023","US$","511685203845.0012"
"Azerbaijan","1970","...","..."
"Azerbaijan","1971","...","..."
"Azerbaijan","1972","...","..."
"Azerbaijan","1973","...","..."
"Azerbaijan","1974","...","..."
"Azerbaijan","1975","...","..."
"Azerbaijan","1976","...","..."
"Azerbaijan","1977","...","..."
"Azerbaijan","1978","...","..."
"Azerbaijan","1979","...","..."
"Azerbaijan","1980","...","..."
"Azerbaijan","1981","...","..."
"Azerbaijan","1982","...","..."
"Azerbaijan","1983","...","..."
"Azerbaijan","1984","...","..."
"Azerbaijan","1985","...","..."
"Azerbaijan","1986","...","..."
"Azerbaijan","1987","...","..."
"Azerbaijan","1988","...","..."
"Azerbaijan","1989","...","..."
"Azerbaijan","1990","US$","6518221492.956756"
"Azerbaijan","1991","US$","6691484845.2034645"
"Azerbaijan","1992","US$","5297235903.081511"
"Azerbaijan","1993","US$","4170112342.1396594"
"Azerbaijan","1994","US$","3422020039.1826024"
"Azerbaijan","1995","US$","3080893920.079405"
"Azerbaijan","1996","US$","3176554489.697507"
"Azerbaijan","1997","US$","3962337295.7375407"
"Azerbaijan","1998","US$","4446396217.632653"
"Azerbaijan","1999","US$","4581222442.457831"
"Azerbaijan","2000","US$","5272617196.045174"
"Azerbaijan","2001","US$","5707618246.568476"
"Azerbaijan","2002","US$","6236045523.8612795"
"Azerbaijan","2003","US$","7276413079.114511"
"Azerbaijan","2004","US$","8680410157.5717"
"Azerbaijan","2005","US$","13245421880.834042"
"Azerbaijan","2006","US$","20981929497.618767"
"Azerbaijan","2007","US$","33049426816.4448"
"Azerbaijan","2008","US$","48851318825.715195"
"Azerbaijan","2009","US$","44292408816.638"
"Azerbaijan","2010","US$","52905998878.714264"
"Azerbaijan","2011","US$","65952763948.839035"
"Azerbaijan","2012","US$","69679913509.90913"
"Azerbaijan","2013","US$","74160553008.7311"
"Azerbaijan","2014","US$","75239737488.8044"
"Azerbaijan","2015","US$","53076244754.50366"
"Azerbaijan","2016","US$","37867007022.784386"
"Azerbaijan","2017","US$","40866632047.84144"
"Azerbaijan","2018","US$","47112479289.41864"
"Azerbaijan","2019","US$","48174235294.117645"
"Azerbaijan","2020","US$","42693000000"
"Azerbaijan","2021","US$","54825411764.70589"
"Azerbaijan","2022","US$","78807470588.23529"
"Azerbaijan","2023","US$","72356176470.58824"
"Bahamas","1970","US$","764262731"
"Bahamas","1971","US$","790540409"
"Bahamas","1972","US$","850048649"
"Bahamas","1973","US$","972468120"
"Bahamas","1974","US$","1179144439"
"Bahamas","1975","US$","1101104087"
"Bahamas","1976","US$","1212959868"
"Bahamas","1977","US$","1288018706"
"Bahamas","1978","US$","1501748177"
"Bahamas","1979","US$","1824624081"
"Bahamas","1980","US$","2189549041"
"Bahamas","1981","US$","2268372955"
"Bahamas","1982","US$","2554188011"
"Bahamas","1983","US$","2842811436"
"Bahamas","1984","US$","3036122482"
"Bahamas","1985","US$","3306337382"
"Bahamas","1986","US$","3574150547"
"Bahamas","1987","US$","3935169678"
"Bahamas","1988","US$","4091463142"
"Bahamas","1989","US$","4612085023"
"Bahamas","1990","US$","4767541687"
"Bahamas","1991","US$","4685397547"
"Bahamas","1992","US$","4682384800"
"Bahamas","1993","US$","4656325033"
"Bahamas","1994","US$","4907552998"
"Bahamas","1995","US$","5164608418"
"Bahamas","1996","US$","5862513960"
"Bahamas","1997","US$","6332400000"
"Bahamas","1998","US$","6833200000"
"Bahamas","1999","US$","7683900000"
"Bahamas","2000","US$","8076500000"
"Bahamas","2001","US$","8317800000"
"Bahamas","2002","US$","8881200000"
"Bahamas","2003","US$","8870100000"
"Bahamas","2004","US$","9055300000"
"Bahamas","2005","US$","9836200000"
"Bahamas","2006","US$","10167300000"
"Bahamas","2007","US$","10618300000"
"Bahamas","2008","US$","10526000000"
"Bahamas","2009","US$","9982000000"
"Bahamas","2010","US$","10095800000"
"Bahamas","2011","US$","10070400000"
"Bahamas","2012","US$","10720496826"
"Bahamas","2013","US$","10395821842"
"Bahamas","2014","US$","10974147371"
"Bahamas","2015","US$","11671871933"
"Bahamas","2016","US$","11745064622"
"Bahamas","2017","US$","12236679359"
"Bahamas","2018","US$","12615806799"
"Bahamas","2019","US$","13016196016"
"Bahamas","2020","US$","9958194343"
"Bahamas","2021","US$","11368925378"
"Bahamas","2022","US$","13136383734"
"Bahamas","2023","US$","14338472777"
"Bahrain","1970","US$","422003551.5677559"
"Bahrain","1971","US$","454985467.7612064"
"Bahrain","1972","US$","575580428.2243054"
"Bahrain","1973","US$","820273127.7664757"
"Bahrain","1974","US$","1123155692.6664531"
"Bahrain","1975","US$","1184510018.1656384"
"Bahrain","1976","US$","1704610159.7903845"
"Bahrain","1977","US$","2143884345.1128128"
"Bahrain","1978","US$","2448582231.275809"
"Bahrain","1979","US$","2919845264.4071198"
"Bahrain","1980","US$","3764309881.905706"
"Bahrain","1981","US$","4249495447.4720626"
"Bahrain","1982","US$","4467526926.775338"
"Bahrain","1983","US$","4577031528.1304035"
"Bahrain","1984","US$","4785937614.346123"
"Bahrain","1985","US$","4475022765.957447"
"Bahrain","1986","US$","3740429414.893617"
"Bahrain","1987","US$","3800396218.0851064"
"Bahrain","1988","US$","4173233305.8510637"
"Bahrain","1989","US$","4478281832.446809"
"Bahrain","1990","US$","4909130284.574468"
"Bahrain","1991","US$","5197557577.12766"
"Bahrain","1992","US$","5432210287.234042"
"Bahrain","1993","US$","5946492301.649817"
"Bahrain","1994","US$","6410106979.664214"
"Bahrain","1995","US$","6786968611.577802"
"Bahrain","1996","US$","7059043163.348146"
"Bahrain","1997","US$","7315426212.872121"
"Bahrain","1998","US$","6997873038.351699"
"Bahrain","1999","US$","7582447228.637362"
"Bahrain","2000","US$","9062906941.48936"
"Bahrain","2001","US$","8976207763.297873"
"Bahrain","2002","US$","9593509106.382978"
"Bahrain","2003","US$","11074822140.957447"
"Bahrain","2004","US$","13150166877.659575"
"Bahrain","2005","US$","15968726805.851065"
"Bahrain","2006","US$","18504758606.38298"
"Bahrain","2007","US$","21730012433.51064"
"Bahrain","2008","US$","25710874406.914894"
"Bahrain","2009","US$","22938220337.765957"
"Bahrain","2010","US$","25713271276.595745"
"Bahrain","2011","US$","28776595744.68085"
"Bahrain","2012","US$","30749202127.659573"
"Bahrain","2013","US$","32539627659.574467"
"Bahrain","2014","US$","33387765957.446808"
"Bahrain","2015","US$","31050531914.893616"
"Bahrain","2016","US$","32235106382.97872"
"Bahrain","2017","US$","35473670212.76596"
"Bahrain","2018","US$","37801861702.12766"
"Bahrain","2019","US$","38653723404.25532"
"Bahrain","2020","US$","34553191489.3617"
"Bahrain","2021","US$","39217819148.93617"
"Bahrain","2022","US$","44371542553.19149"
"Bahrain","2023","US$","44662452720.74468"
"Bangladesh","1970","US$","6195774654.485506"
"Bangladesh","1971","US$","5577824265.223572"
"Bangladesh","1972","US$","6211598547.379551"
"Bangladesh","1973","US$","6769887606.531598"
"Bangladesh","1974","US$","8086888002.917896"
"Bangladesh","1975","US$","8474726567.967594"
"Bangladesh","1976","US$","9447322262.289354"
"Bangladesh","1977","US$","9949540465.285011"
"Bangladesh","1978","US$","12750957172.150927"
"Bangladesh","1979","US$","14758225422.565971"
"Bangladesh","1980","US$","16729233787.172907"
"Bangladesh","1981","US$","16967808187.30184"
"Bangladesh","1982","US$","15443050924.211866"
"Bangladesh","1983","US$","15760530886.78665"
"Bangladesh","1984","US$","18474003542.88109"
"Bangladesh","1985","US$","19169047073.080463"
"Bangladesh","1986","US$","20219807923.431854"
"Bangladesh","1987","US$","22974397199.941868"
"Bangladesh","1988","US$","24814782417.47871"
"Bangladesh","1989","US$","26954551853.765106"
"Bangladesh","1990","US$","28136571390.229706"
"Bangladesh","1991","US$","30066722399.02069"
"Bangladesh","1992","US$","30690544963.71597"
"Bangladesh","1993","US$","31685289282.43258"
"Bangladesh","1994","US$","33674743447.119797"
"Bangladesh","1995","US$","37866029742.80086"
"Bangladesh","1996","US$","39795982701.09537"
"Bangladesh","1997","US$","41169352757.14573"
"Bangladesh","1998","US$","42676520395.14354"
"Bangladesh","1999","US$","44758115447.77062"
"Bangladesh","2000","US$","45469586063.60873"
"Bangladesh","2001","US$","45432923187.193855"
"Bangladesh","2002","US$","47194755389.71808"
"Bangladesh","2003","US$","51690437358.254616"
"Bangladesh","2004","US$","55949962465.96841"
"Bangladesh","2005","US$","57628097480.897545"
"Bangladesh","2006","US$","69971619881.4602"
"Bangladesh","2007","US$","81280474314.10947"
"Bangladesh","2008","US$","95017385937.47438"
"Bangladesh","2009","US$","107811750283.07156"
"Bangladesh","2010","US$","123085042437.6366"
"Bangladesh","2011","US$","135176705233.16844"
"Bangladesh","2012","US$","143650093137.3819"
"Bangladesh","2013","US$","174188798106.36526"
"Bangladesh","2014","US$","199959054185.197"
"Bangladesh","2015","US$","228784516185.3566"
"Bangladesh","2016","US$","264543355337.35306"
"Bangladesh","2017","US$","288958017599.08734"
"Bangladesh","2018","US$","316205585001.4411"
"Bangladesh","2019","US$","349473730686.8402"
"Bangladesh","2020","US$","373561618850.87885"
"Bangladesh","2021","US$","414906982979.4464"
"Bangladesh","2022","US$","432906065147.5101"
"Bangladesh","2023","US$","422430956725.5916"
"Barbados","1970","US$","217984527.39100772"
"Barbados","1971","US$","245022767.89235947"
"Barbados","1972","US$","280300466.81718874"
"Barbados","1973","US$","341996846.29513294"
"Barbados","1974","US$","408931501.8530687"
"Barbados","1975","US$","480681170.392157"
"Barbados","1976","US$","521708282.5"
"Barbados","1977","US$","593439438.5"
"Barbados","1978","US$","664155249.5"
"Barbados","1979","US$","805288240"
"Barbados","1980","US$","1033561744"
"Barbados","1981","US$","1137545043.5"
"Barbados","1982","US$","1188551211"
"Barbados","1983","US$","1261835248"
"Barbados","1984","US$","1375374738"
"Barbados","1985","US$","1439341489"
"Barbados","1986","US$","1580355027"
"Barbados","1987","US$","1740242041.5"
"Barbados","1988","US$","1851034127"
"Barbados","1989","US$","2046876309"
"Barbados","1990","US$","2054700440"
"Barbados","1991","US$","2038240620.5"
"Barbados","1992","US$","1970028302.5"
"Barbados","1993","US$","2077925952"
"Barbados","1994","US$","2184662325.5"
"Barbados","1995","US$","2297053606.5"
"Barbados","1996","US$","2449281689"
"Barbados","1997","US$","2588836721"
"Barbados","1998","US$","2919042910.5"
"Barbados","1999","US$","3058799903"
"Barbados","2000","US$","3152105872"
"Barbados","2001","US$","3147208318.5"
"Barbados","2002","US$","3200677486"
"Barbados","2003","US$","3306959447.5"
"Barbados","2004","US$","3548807711.5"
"Barbados","2005","US$","3935512483"
"Barbados","2006","US$","4217450000"
"Barbados","2007","US$","4835642958"
"Barbados","2008","US$","5121932037"
"Barbados","2009","US$","4944972298.5"
"Barbados","2010","US$","5191188493.5"
"Barbados","2011","US$","5342183813"
"Barbados","2012","US$","5271257488.5"
"Barbados","2013","US$","5361158365.5"
"Barbados","2014","US$","5365976689.5"
"Barbados","2015","US$","5288057744"
"Barbados","2016","US$","5330761478.5"
"Barbados","2017","US$","5517340450"
"Barbados","2018","US$","5629916177"
"Barbados","2019","US$","5788287999"
"Barbados","2020","US$","5168344447.5"
"Barbados","2021","US$","5275242047.5"
"Barbados","2022","US$","6257303484.5"
"Barbados","2023","US$","6720733193"
"Belarus","1970","...","..."
"Belarus","1971","...","..."
"Belarus","1972","...","..."
"Belarus","1973","...","..."
"Belarus","1974","...","..."
"Belarus","1975","...","..."
"Belarus","1976","...","..."
"Belarus","1977","...","..."
"Belarus","1978","...","..."
"Belarus","1979","...","..."
"Belarus","1980","...","..."
"Belarus","1981","...","..."
"Belarus","1982","...","..."
"Belarus","1983","...","..."
"Belarus","1984","...","..."
"Belarus","1985","...","..."
"Belarus","1986","...","..."
"Belarus","1987","...","..."
"Belarus","1988","...","..."
"Belarus","1989","...","..."
"Belarus","1990","US$","19480259289.87114"
"Belarus","1991","US$","19859981927.262276"
"Belarus","1992","US$","18353600787.68654"
"Belarus","1993","US$","17368060984.79134"
"Belarus","1994","US$","15666376271.719273"
"Belarus","1995","US$","14323739454.207443"
"Belarus","1996","US$","14990947761.417742"
"Belarus","1997","US$","14574579171.952238"
"Belarus","1998","US$","15737046914.62512"
"Belarus","1999","US$","12549067246.697126"
"Belarus","2000","US$","10770187054.462503"
"Belarus","2001","US$","12772736431.654675"
"Belarus","2002","US$","15088618673.86345"
"Belarus","2003","US$","18428403814.708393"
"Belarus","2004","US$","23924384606.927647"
"Belarus","2005","US$","31231983629.086926"
"Belarus","2006","US$","38212092239.40989"
"Belarus","2007","US$","46807243743.044556"
"Belarus","2008","US$","62807178041.53956"
"Belarus","2009","US$","50873181571.64898"
"Belarus","2010","US$","57231904542.875465"
"Belarus","2011","US$","61762340943.051125"
"Belarus","2012","US$","65685903570.45258"
"Belarus","2013","US$","75527537703.18362"
"Belarus","2014","US$","78813049849.60782"
"Belarus","2015","US$","56454775752.797455"
"Belarus","2016","US$","47723549319.08417"
"Belarus","2017","US$","54725415191.41274"
"Belarus","2018","US$","60031016755.75542"
"Belarus","2019","US$","64410160389.46044"
"Belarus","2020","US$","61371673344.742424"
"Belarus","2021","US$","69673765645.46466"
"Belarus","2022","US$","73775162408.13373"
"Belarus","2023","US$","71857387068.34921"
"Belgium","1970","US$","26706893613.16724"
"Belgium","1971","US$","29821889812.576717"
"Belgium","1972","US$","37209656044.09775"
"Belgium","1973","US$","47743692937.58146"
"Belgium","1974","US$","56034095557.34783"
"Belgium","1975","US$","65676350061.56627"
"Belgium","1976","US$","71114099659.6961"
"Belgium","1977","US$","82838174715.86969"
"Belgium","1978","US$","101250630434.79034"
"Belgium","1979","US$","116316935222.23315"
"Belgium","1980","US$","126832466915.67728"
"Belgium","1981","US$","104728873160.55052"
"Belgium","1982","US$","92092675776.3178"
"Belgium","1983","US$","87182800950.95059"
"Belgium","1984","US$","83348024392.26833"
"Belgium","1985","US$","86265792547.64728"
"Belgium","1986","US$","120020099939.43614"
"Belgium","1987","US$","149396381341.1223"
"Belgium","1988","US$","162305660894.52078"
"Belgium","1989","US$","164221116191.4323"
"Belgium","1990","US$","205329637318.84323"
"Belgium","1991","US$","210507765141.22687"
"Belgium","1992","US$","234791878569.8782"
"Belgium","1993","US$","224715153451.16153"
"Belgium","1994","US$","244894490652.8336"
"Belgium","1995","US$","288029323086.8817"
"Belgium","1996","US$","279195661149.5307"
"Belgium","1997","US$","252704748889.8389"
"Belgium","1998","US$","258522650275.17468"
"Belgium","1999","US$","258245733221.45566"
"Belgium","2000","US$","236792460312.4689"
"Belgium","2001","US$","236746141604.38095"
"Belgium","2002","US$","258383599375.17694"
"Belgium","2003","US$","318082528506.5987"
"Belgium","2004","US$","369214712443.19965"
"Belgium","2005","US$","385714762230.0262"
"Belgium","2006","US$","408259840868.8198"
"Belgium","2007","US$","470922156309.4557"
"Belgium","2008","US$","517328087920.078"
"Belgium","2009","US$","485014525992.46063"
"Belgium","2010","US$","481556503720.0124"
"Belgium","2011","US$","527196649048.6428"
"Belgium","2012","US$","498414364944.96106"
"Belgium","2013","US$","524097026598.5547"
"Belgium","2014","US$","537987419164.34247"
"Belgium","2015","US$","461044767544.531"
"Belgium","2016","US$","474271566739.7419"
"Belgium","2017","US$","500908767351.5348"
"Belgium","2018","US$","542638913427.9115"
"Belgium","2019","US$","536726344405.47974"
"Belgium","2020","US$","529694473501.7823"
"Belgium","2021","US$","598494036474.4089"
"Belgium","2022","US$","593438820508.1735"
"Belgium","2023","US$","644782756682.7565"
"Belize","1970","US$","27917781.553269725"
"Belize","1971","US$","35385285.48696256"
"Belize","1972","US$","46000141.16125404"
"Belize","1973","US$","74809671.90746246"
"Belize","1974","US$","99801545.33141652"
"Belize","1975","US$","115631825.41608739"
"Belize","1976","US$","91148264.3677615"
"Belize","1977","US$","117157470"
"Belize","1978","US$","133767697.5"
"Belize","1979","US$","156357606.5"
"Belize","1980","US$","215600750.5"
"Belize","1981","US$","213607523"
"Belize","1982","US$","198492216.5"
"Belize","1983","US$","209288864"
"Belize","1984","US$","233539796"
"Belize","1985","US$","231657303.5"
"Belize","1986","US$","252364720.5"
"Belize","1987","US$","322035746"
"Belize","1988","US$","385750266.5"
"Belize","1989","US$","467890525.5"
"Belize","1990","US$","525510389"
"Belize","1991","US$","567125608"
"Belize","1992","US$","661151656"
"Belize","1993","US$","714248811.5"
"Belize","1994","US$","741105250"
"Belize","1995","US$","791024375.5"
"Belize","1996","US$","818101704.5"
"Belize","1997","US$","834578097"
"Belize","1998","US$","878637618"
"Belize","1999","US$","934216847"
"Belize","2000","US$","1060873197.5"
"Belize","2001","US$","1111257614.5"
"Belize","2002","US$","1188651888.5"
"Belize","2003","US$","1263154975"
"Belize","2004","US$","1348483967"
"Belize","2005","US$","1417077985.5"
"Belize","2006","US$","1544186148.5"
"Belize","2007","US$","1644902589.5"
"Belize","2008","US$","1701118194.5"
"Belize","2009","US$","1663590471.5"
"Belize","2010","US$","1750134352"
"Belize","2011","US$","1830352067"
"Belize","2012","US$","1911553138.5"
"Belize","2013","US$","2034171578.5"
"Belize","2014","US$","2138579875.5"
"Belize","2015","US$","2208439885"
"Belize","2016","US$","2255279537"
"Belize","2017","US$","2281258833.5"
"Belize","2018","US$","2307987002.5"
"Belize","2019","US$","2402547800"
"Belize","2020","US$","2055326782.5"
"Belize","2021","US$","2433086579.5"
"Belize","2022","US$","2839642758"
"Belize","2023","US$","3078603925"
"Benin","1970","US$","322055483.38387495"
"Benin","1971","US$","341787646.536103"
"Benin","1972","US$","420920211.1134494"
"Benin","1973","US$","515609659.00958794"
"Benin","1974","US$","553903483.2328682"
"Benin","1975","US$","673957826.0106264"
"Benin","1976","US$","717765317.49842"
"Benin","1977","US$","785887967.3134015"
"Benin","1978","US$","953850384.3544769"
"Benin","1979","US$","1161734065.1954894"
"Benin","1980","US$","1484452236.6131935"
"Benin","1981","US$","1404274745.9951367"
"Benin","1982","US$","1369643302.6740863"
"Benin","1983","US$","1183358029.5564737"
"Benin","1984","US$","1135586760.273238"
"Benin","1985","US$","1129578665.3990495"
"Benin","1986","US$","1442809952.942015"
"Benin","1987","US$","1687767630.3237886"
"Benin","1988","US$","1749715034.6198208"
"Benin","1989","US$","1622703790.594106"
"Benin","1990","US$","1992948718.8181398"
"Benin","1991","US$","2019866679.4550507"
"Benin","1992","US$","2283484176.548215"
"Benin","1993","US$","2312835609.1450224"
"Benin","1994","US$","1624969037.202599"
"Benin","1995","US$","2344819022.5955157"
"Benin","1996","US$","2758951646.1824675"
"Benin","1997","US$","2865784252.6817446"
"Benin","1998","US$","3353718682.2347417"
"Benin","1999","US$","3677394364.4572034"
"Benin","2000","US$","3519990741.3368397"
"Benin","2001","US$","3666222302.08756"
"Benin","2002","US$","4194343347.070695"
"Benin","2003","US$","5349257982.989473"
"Benin","2004","US$","6190270639.287052"
"Benin","2005","US$","6567654910.01235"
"Benin","2006","US$","7034111112.605389"
"Benin","2007","US$","8169048860.165343"
"Benin","2008","US$","9787734339.340534"
"Benin","2009","US$","9738626900.396292"
"Benin","2010","US$","9535344463.336214"
"Benin","2011","US$","10693320350.987143"
"Benin","2012","US$","11141358876.442009"
"Benin","2013","US$","12517845450.699764"
"Benin","2014","US$","13284527425.011246"
"Benin","2015","US$","11388160997.108755"
"Benin","2016","US$","11821065852.12697"
"Benin","2017","US$","12701655845.972597"
"Benin","2018","US$","14262408079.749084"
"Benin","2019","US$","14390708757.069077"
"Benin","2020","US$","15686741893.521658"
"Benin","2021","US$","17687623534.70553"
"Benin","2022","US$","17425418044.236923"
"Benin","2023","US$","19673284686.024883"
"Bermuda","1970","US$","265536110"
"Bermuda","1971","US$","300883912"
"Bermuda","1972","US$","335519057"
"Bermuda","1973","US$","384122285"
"Bermuda","1974","US$","445553344"
"Bermuda","1975","US$","491733538"
"Bermuda","1976","US$","550599031"
"Bermuda","1977","US$","597643785"
"Bermuda","1978","US$","646442539"
"Bermuda","1979","US$","751525863"
"Bermuda","1980","US$","902432406"
"Bermuda","1981","US$","986968886"
"Bermuda","1982","US$","1101104097"
"Bermuda","1983","US$","1226389729"
"Bermuda","1984","US$","1291037115"
"Bermuda","1985","US$","1428256203"
"Bermuda","1986","US$","1585802885"
"Bermuda","1987","US$","1735769786"
"Bermuda","1988","US$","1854571887"
"Bermuda","1989","US$","1966357992"
"Bermuda","1990","US$","2034951875"
"Bermuda","1991","US$","2114195038"
"Bermuda","1992","US$","2150214657"
"Bermuda","1993","US$","2290221350"
"Bermuda","1994","US$","2382306290"
"Bermuda","1995","US$","2556766532"
"Bermuda","1996","US$","2714000000"
"Bermuda","1997","US$","2932715906"
"Bermuda","1998","US$","3130460000"
"Bermuda","1999","US$","3324900000"
"Bermuda","2000","US$","3480218951"
"Bermuda","2001","US$","3680483000"
"Bermuda","2002","US$","3937228000"
"Bermuda","2003","US$","4186525000"
"Bermuda","2004","US$","4484702566"
"Bermuda","2005","US$","4868135685"
"Bermuda","2006","US$","5368123000"
"Bermuda","2007","US$","6085088980"
"Bermuda","2008","US$","6578290955"
"Bermuda","2009","US$","6524292660"
"Bermuda","2010","US$","6634525827"
"Bermuda","2011","US$","6312690956"
"Bermuda","2012","US$","6378187595"
"Bermuda","2013","US$","6465755979"
"Bermuda","2014","US$","6413988211"
"Bermuda","2015","US$","6654541405"
"Bermuda","2016","US$","6899911485"
"Bermuda","2017","US$","7119542274"
"Bermuda","2018","US$","7225976889"
"Bermuda","2019","US$","7423464867"
"Bermuda","2020","US$","6887146767"
"Bermuda","2021","US$","7289488526"
"Bermuda","2022","US$","7827980133"
"Bermuda","2023","US$","8141700000"
"Bhutan","1970","US$","61775644.34646111"
"Bhutan","1971","US$","66328730.25195359"
"Bhutan","1972","US$","70098481.3928662"
"Bhutan","1973","US$","78853743.24853398"
"Bhutan","1974","US$","92846970.64315163"
"Bhutan","1975","US$","86769539.49687861"
"Bhutan","1976","US$","88409074.00544065"
"Bhutan","1977","US$","97826680.82773031"
"Bhutan","1978","US$","94030713.55468066"
"Bhutan","1979","US$","105315823.73327942"
"Bhutan","1980","US$","128593292.00848423"
"Bhutan","1981","US$","144715922.3887874"
"Bhutan","1982","US$","152191511.98764935"
"Bhutan","1983","US$","170819918.897296"
"Bhutan","1984","US$","167818612.47326738"
"Bhutan","1985","US$","172203230.24329516"
"Bhutan","1986","US$","203764374.09769222"
"Bhutan","1987","US$","245288277.05126724"
"Bhutan","1988","US$","264621980.03652647"
"Bhutan","1989","US$","254214325.1671751"
"Bhutan","1990","US$","273628568.6862628"
"Bhutan","1991","US$","233143032.9941244"
"Bhutan","1992","US$","234703243.05102324"
"Bhutan","1993","US$","220857693.64026764"
"Bhutan","1994","US$","259552943.26139128"
"Bhutan","1995","US$","289135174.0823998"
"Bhutan","1996","US$","305640639.5814396"
"Bhutan","1997","US$","360623773.8469598"
"Bhutan","1998","US$","369126228.60288805"
"Bhutan","1999","US$","416536452.29480773"
"Bhutan","2000","US$","460733417.687241"
"Bhutan","2001","US$","496110223.1102992"
"Bhutan","2002","US$","559345262.8191099"
"Bhutan","2003","US$","651935427.6384652"
"Bhutan","2004","US$","735348496.190494"
"Bhutan","2005","US$","860390999.6774374"
"Bhutan","2006","US$","942879871.4253376"
"Bhutan","2007","US$","1255767954.0991387"
"Bhutan","2008","US$","1317517824.550409"
"Bhutan","2009","US$","1331343807.5195665"
"Bhutan","2010","US$","1708880726.3359911"
"Bhutan","2011","US$","1977728673.3865943"
"Bhutan","2012","US$","1973387215.7303565"
"Bhutan","2013","US$","1943696937.9526877"
"Bhutan","2014","US$","2089079554.9082193"
"Bhutan","2015","US$","2187815788.036474"
"Bhutan","2016","US$","2357504767.3500743"
"Bhutan","2017","US$","2591358023.9253917"
"Bhutan","2018","US$","2583335717.667596"
"Bhutan","2019","US$","2735683588.318324"
"Bhutan","2020","US$","2457604338.0260553"
"Bhutan","2021","US$","2768802966.524869"
"Bhutan","2022","US$","2898227758.5079117"
"Bhutan","2023","US$","3019190999.5153584"
"Bolivia (Plurinational State of)","1970","US$","1010101010.1010101"
"Bolivia (Plurinational State of)","1971","US$","1094276094.2760942"
"Bolivia (Plurinational State of)","1972","US$","1278676194.0579164"
"Bolivia (Plurinational State of)","1973","US$","1299350324.8375812"
"Bolivia (Plurinational State of)","1974","US$","2148925537.2313843"
"Bolivia (Plurinational State of)","1975","US$","2398800599.70015"
"Bolivia (Plurinational State of)","1976","US$","2748625687.1564217"
"Bolivia (Plurinational State of)","1977","US$","2762773042.457524"
"Bolivia (Plurinational State of)","1978","US$","3017804907.6398177"
"Bolivia (Plurinational State of)","1979","US$","3272541719.2115235"
"Bolivia (Plurinational State of)","1980","US$","3531655788.4634185"
"Bolivia (Plurinational State of)","1981","US$","3876481705.980773"
"Bolivia (Plurinational State of)","1982","US$","3953868494.437109"
"Bolivia (Plurinational State of)","1983","US$","3942657742.3561635"
"Bolivia (Plurinational State of)","1984","US$","4076707073.868672"
"Bolivia (Plurinational State of)","1985","US$","4135131146.5636477"
"Bolivia (Plurinational State of)","1986","US$","4109831300.9383492"
"Bolivia (Plurinational State of)","1987","US$","4315401082.963778"
"Bolivia (Plurinational State of)","1988","US$","4597612362.274796"
"Bolivia (Plurinational State of)","1989","US$","4715972853.41887"
"Bolivia (Plurinational State of)","1990","US$","4867582597.51312"
"Bolivia (Plurinational State of)","1991","US$","5343261953.811392"
"Bolivia (Plurinational State of)","1992","US$","5643869242.279864"
"Bolivia (Plurinational State of)","1993","US$","5734699035.501461"
"Bolivia (Plurinational State of)","1994","US$","5981223300.496694"
"Bolivia (Plurinational State of)","1995","US$","6715162205.606888"
"Bolivia (Plurinational State of)","1996","US$","7396948397.537744"
"Bolivia (Plurinational State of)","1997","US$","7925736315.972288"
"Bolivia (Plurinational State of)","1998","US$","8497494130.99502"
"Bolivia (Plurinational State of)","1999","US$","8285063967.689817"
"Bolivia (Plurinational State of)","2000","US$","8397855942.319998"
"Bolivia (Plurinational State of)","2001","US$","8141517334.762807"
"Bolivia (Plurinational State of)","2002","US$","7905485150.069736"
"Bolivia (Plurinational State of)","2003","US$","8082399991.818079"
"Bolivia (Plurinational State of)","2004","US$","8773156956.461473"
"Bolivia (Plurinational State of)","2005","US$","9549122309.553144"
"Bolivia (Plurinational State of)","2006","US$","11451845378.315233"
"Bolivia (Plurinational State of)","2007","US$","13120107744.744003"
"Bolivia (Plurinational State of)","2008","US$","16674276972.704973"
"Bolivia (Plurinational State of)","2009","US$","17339992191.16809"
"Bolivia (Plurinational State of)","2010","US$","19649724661.425167"
"Bolivia (Plurinational State of)","2011","US$","23963162971.833855"
"Bolivia (Plurinational State of)","2012","US$","27084497482.923298"
"Bolivia (Plurinational State of)","2013","US$","30659338880.463097"
"Bolivia (Plurinational State of)","2014","US$","32996188012.590446"
"Bolivia (Plurinational State of)","2015","US$","33000198248.19103"
"Bolivia (Plurinational State of)","2016","US$","33941126200"
"Bolivia (Plurinational State of)","2017","US$","37508683068.017365"
"Bolivia (Plurinational State of)","2018","US$","40287647930.53545"
"Bolivia (Plurinational State of)","2019","US$","40895322843.849495"
"Bolivia (Plurinational State of)","2020","US$","36629843805.065125"
"Bolivia (Plurinational State of)","2021","US$","40406111695.22431"
"Bolivia (Plurinational State of)","2022","US$","44008282878.00289"
"Bolivia (Plurinational State of)","2023","US$","45135398008.82778"
"Bosnia and Herzegovina","1970","...","..."
"Bosnia and Herzegovina","1971","...","..."
"Bosnia and Herzegovina","1972","...","..."
"Bosnia and Herzegovina","1973","...","..."
"Bosnia and Herzegovina","1974","...","..."
"Bosnia and Herzegovina","1975","...","..."
"Bosnia and Herzegovina","1976","...","..."
"Bosnia and Herzegovina","1977","...","..."
"Bosnia and Herzegovina","1978","...","..."
"Bosnia and Herzegovina","1979","...","..."
"Bosnia and Herzegovina","1980","...","..."
"Bosnia and Herzegovina","1981","...","..."
"Bosnia and Herzegovina","1982","...","..."
"Bosnia and Herzegovina","1983","...","..."
"Bosnia and Herzegovina","1984","...","..."
"Bosnia and Herzegovina","1985","...","..."
"Bosnia and Herzegovina","1986","...","..."
"Bosnia and Herzegovina","1987","...","..."
"Bosnia and Herzegovina","1988","...","..."
"Bosnia and Herzegovina","1989","...","..."
"Bosnia and Herzegovina","1990","US$","7754759482.001374"
"Bosnia and Herzegovina","1991","US$","6115682137.834037"
"Bosnia and Herzegovina","1992","US$","4734635595.420068"
"Bosnia and Herzegovina","1993","US$","3630671070.734411"
"Bosnia and Herzegovina","1994","US$","2756184764.2185087"
"Bosnia and Herzegovina","1995","US$","1988964649.9421966"
"Bosnia and Herzegovina","1996","US$","2763011162.8062363"
"Bosnia and Herzegovina","1997","US$","3793783675.554476"
"Bosnia and Herzegovina","1998","US$","4240812865.270821"
"Bosnia and Herzegovina","1999","US$","4698420042.330706"
"Bosnia and Herzegovina","2000","US$","5567774042.971519"
"Bosnia and Herzegovina","2001","US$","5800616582.230049"
"Bosnia and Herzegovina","2002","US$","6728219501.927507"
"Bosnia and Herzegovina","2003","US$","8498893383.350741"
"Bosnia and Herzegovina","2004","US$","10156541358.178688"
"Bosnia and Herzegovina","2005","US$","11222796203.037277"
"Bosnia and Herzegovina","2006","US$","12864842265.977873"
"Bosnia and Herzegovina","2007","US$","15778737138.292368"
"Bosnia and Herzegovina","2008","US$","19112801229.812286"
"Bosnia and Herzegovina","2009","US$","17613946141.6917"
"Bosnia and Herzegovina","2010","US$","17176320802.874191"
"Bosnia and Herzegovina","2011","US$","18644239020.606365"
"Bosnia and Herzegovina","2012","US$","17226736263.80113"
"Bosnia and Herzegovina","2013","US$","18179104674.47002"
"Bosnia and Herzegovina","2014","US$","18558731204.048084"
"Bosnia and Herzegovina","2015","US$","16404352072.823698"
"Bosnia and Herzegovina","2016","US$","17116926336.149612"
"Bosnia and Herzegovina","2017","US$","18326376358.928276"
"Bosnia and Herzegovina","2018","US$","20484052605.037853"
"Bosnia and Herzegovina","2019","US$","20482603558.228428"
"Bosnia and Herzegovina","2020","US$","20226030820.12353"
"Bosnia and Herzegovina","2021","US$","23672710032.44529"
"Bosnia and Herzegovina","2022","US$","24534665258.415646"
"Bosnia and Herzegovina","2023","US$","27514785513.112736"
"Botswana","1970","US$","66797330.95703261"
"Botswana","1971","US$","88455301.8546734"
"Botswana","1972","US$","114143471.87555689"
"Botswana","1973","US$","169433503.2699284"
"Botswana","1974","US$","235512893.23871133"
"Botswana","1975","US$","274091110.69480103"
"Botswana","1976","US$","296963130.18229014"
"Botswana","1977","US$","382830781.7391458"
"Botswana","1978","US$","455912765.8836583"
"Botswana","1979","US$","594573127.3297228"
"Botswana","1980","US$","852423393.2933493"
"Botswana","1981","US$","974347886.9033309"
"Botswana","1982","US$","853465103.519901"
"Botswana","1983","US$","926393353.9462888"
"Botswana","1984","US$","969842620.0508054"
"Botswana","1985","US$","837591557.8303319"
"Botswana","1986","US$","1119259574.3824215"
"Botswana","1987","US$","1541996035.000244"
"Botswana","1988","US$","1787998379.6236165"
"Botswana","1989","US$","3020185206.1924157"
"Botswana","1990","US$","3721284135.3800797"
"Botswana","1991","US$","3867409908.370935"
"Botswana","1992","US$","4069182433.7295146"
"Botswana","1993","US$","4082613650.0108337"
"Botswana","1994","US$","4259258810.893282"
"Botswana","1995","US$","4730599690.739742"
"Botswana","1996","US$","4847757703.866293"
"Botswana","1997","US$","5020265168.289011"
"Botswana","1998","US$","4790481509.176786"
"Botswana","1999","US$","5484263050.395617"
"Botswana","2000","US$","5787828552.482647"
"Botswana","2001","US$","5489407726.207966"
"Botswana","2002","US$","5415185862.4717655"
"Botswana","2003","US$","7446674202.168491"
"Botswana","2004","US$","8839272251.393679"
"Botswana","2005","US$","9747267744.173548"
"Botswana","2006","US$","9919163679.399002"
"Botswana","2007","US$","10566229916.292156"
"Botswana","2008","US$","10730821766.47873"
"Botswana","2009","US$","10118457938.754993"
"Botswana","2010","US$","12637273914.88344"
"Botswana","2011","US$","15110642612.37065"
"Botswana","2012","US$","13907460547.540909"
"Botswana","2013","US$","14271735711.68476"
"Botswana","2014","US$","15470088104.499908"
"Botswana","2015","US$","13530744669.38544"
"Botswana","2016","US$","15082635713.788872"
"Botswana","2017","US$","16105179231.531168"
"Botswana","2018","US$","17031904489.961985"
"Botswana","2019","US$","16696004661.02215"
"Botswana","2020","US$","14930027226.788263"
"Botswana","2021","US$","18750946037.395836"
"Botswana","2022","US$","20321958301.075947"
"Botswana","2023","US$","19395765128.69236"
"Brazil","1970","US$","35380570032.67343"
"Brazil","1971","US$","39518038427.68537"
"Brazil","1972","US$","50863486575.3948"
"Brazil","1973","US$","72011951228.3992"
"Brazil","1974","US$","92322929116.10077"
"Brazil","1975","US$","108562890126.77061"
"Brazil","1976","US$","128346062549.24963"
"Brazil","1977","US$","149375497948.27887"
"Brazil","1978","US$","169602407548.26166"
"Brazil","1979","US$","186976239430.54208"
"Brazil","1980","US$","176173878390.4846"
"Brazil","1981","US$","224381599582.362"
"Brazil","1982","US$","245733808450.00345"
"Brazil","1983","US$","173009226424.02496"
"Brazil","1984","US$","176307007995.19977"
"Brazil","1985","US$","188205139846.14355"
"Brazil","1986","US$","226408111204.21133"
"Brazil","1987","US$","248287203763.83063"
"Brazil","1988","US$","277346060580.7509"
"Brazil","1989","US$","377262508482.121"
"Brazil","1990","US$","408823137619.6512"
"Brazil","1991","US$","379158722671.8938"
"Brazil","1992","US$","362039345076.1956"
"Brazil","1993","US$","404957402176.8623"
"Brazil","1994","US$","575827722884.3076"
"Brazil","1995","US$","769333330397.0212"
"Brazil","1996","US$","850426433003.6812"
"Brazil","1997","US$","883206452822.6072"
"Brazil","1998","US$","863711007349.8848"
"Brazil","1999","US$","599642075013.6892"
"Brazil","2000","US$","655448188267.9744"
"Brazil","2001","US$","559983704088.8517"
"Brazil","2002","US$","509795270692.88586"
"Brazil","2003","US$","558233724168.5405"
"Brazil","2004","US$","669289321941.0338"
"Brazil","2005","US$","891633826613.8252"
"Brazil","2006","US$","1107626711180.3882"
"Brazil","2007","US$","1397114247164.828"
"Brazil","2008","US$","1695855391788.665"
"Brazil","2009","US$","1666996294215.2256"
"Brazil","2010","US$","2208838108500.532"
"Brazil","2011","US$","2616156606647.236"
"Brazil","2012","US$","2465228293675.2227"
"Brazil","2013","US$","2472819362086.005"
"Brazil","2014","US$","2456043766067.3228"
"Brazil","2015","US$","1802211999473.2322"
"Brazil","2016","US$","1795693266013.0225"
"Brazil","2017","US$","2063514688805.5337"
"Brazil","2018","US$","1916933708374.878"
"Brazil","2019","US$","1873288158861.9653"
"Brazil","2020","US$","1476107292148.3213"
"Brazil","2021","US$","1670647464055.121"
"Brazil","2022","US$","1951923832075.895"
"Brazil","2023","US$","2191131869718.3113"
"British Virgin Islands","1970","US$","11613756"
"British Virgin Islands","1971","US$","10027579"
"British Virgin Islands","1972","US$","10468912"
"British Virgin Islands","1973","US$","11850445"
"British Virgin Islands","1974","US$","14168535"
"British Virgin Islands","1975","US$","15565361"
"British Virgin Islands","1976","US$","16968013"
"British Virgin Islands","1977","US$","17542620"
"British Virgin Islands","1978","US$","20377554"
"British Virgin Islands","1979","US$","25420691"
"British Virgin Islands","1980","US$","31729006"
"British Virgin Islands","1981","US$","34692800"
"British Virgin Islands","1982","US$","40837110"
"British Virgin Islands","1983","US$","46020823"
"British Virgin Islands","1984","US$","50548517"
"British Virgin Islands","1985","US$","52645431"
"British Virgin Islands","1986","US$","57296129"
"British Virgin Islands","1987","US$","68331286"
"British Virgin Islands","1988","US$","76812660"
"British Virgin Islands","1989","US$","91491059"
"British Virgin Islands","1990","US$","119887470"
"British Virgin Islands","1991","US$","156768160"
"British Virgin Islands","1992","US$","201188472"
"British Virgin Islands","1993","US$","269881679"
"British Virgin Islands","1994","US$","350699906"
"British Virgin Islands","1995","US$","453368309"
"British Virgin Islands","1996","US$","512751563"
"British Virgin Islands","1997","US$","596116517"
"British Virgin Islands","1998","US$","686333384"
"British Virgin Islands","1999","US$","768556352"
"British Virgin Islands","2000","US$","857631234"
"British Virgin Islands","2001","US$","925008388"
"British Virgin Islands","2002","US$","897600732"
"British Virgin Islands","2003","US$","813093793"
"British Virgin Islands","2004","US$","851921306"
"British Virgin Islands","2005","US$","993527528"
"British Virgin Islands","2006","US$","1095872135"
"British Virgin Islands","2007","US$","1195602699"
"British Virgin Islands","2008","US$","1193809259"
"British Virgin Islands","2009","US$","1072790494"
"British Virgin Islands","2010","US$","1117550000"
"British Virgin Islands","2011","US$","1073800000"
"British Virgin Islands","2012","US$","1116850000"
"British Virgin Islands","2013","US$","1131950000"
"British Virgin Islands","2014","US$","1202430000"
"British Virgin Islands","2015","US$","1281740000"
"British Virgin Islands","2016","US$","1405780000"
"British Virgin Islands","2017","US$","1309700000"
"British Virgin Islands","2018","US$","1386900000"
"British Virgin Islands","2019","US$","1513630000"
"British Virgin Islands","2020","US$","1428750000"
"British Virgin Islands","2021","US$","1460116486"
"British Virgin Islands","2022","US$","1471233257"
"British Virgin Islands","2023","US$","1505856107"
"Brunei Darussalam","1970","US$","224919921.6444393"
"Brunei Darussalam","1971","US$","248088784.82473007"
"Brunei Darussalam","1972","US$","340148570.12333316"
"Brunei Darussalam","1973","US$","543960286.3018663"
"Brunei Darussalam","1974","US$","1348411999.3394582"
"Brunei Darussalam","1975","US$","1467369243.5984876"
"Brunei Darussalam","1976","US$","1787309387.6946692"
"Brunei Darussalam","1977","US$","2176266685.9195704"
"Brunei Darussalam","1978","US$","2438644065.4927692"
"Brunei Darussalam","1979","US$","3521564850.9166856"
"Brunei Darussalam","1980","US$","6190491610.41136"
"Brunei Darussalam","1981","US$","5483907877.071164"
"Brunei Darussalam","1982","US$","5355761848.792942"
"Brunei Darussalam","1983","US$","4828789012.957001"
"Brunei Darussalam","1984","US$","4750818243.817762"
"Brunei Darussalam","1985","US$","4425493575.199487"
"Brunei Darussalam","1986","US$","2698456868.819967"
"Brunei Darussalam","1987","US$","3099730601.6983404"
"Brunei Darussalam","1988","US$","2949412946.5694375"
"Brunei Darussalam","1989","US$","3308238383.4620256"
"Brunei Darussalam","1990","US$","3900702408.599389"
"Brunei Darussalam","1991","US$","4101104064.137073"
"Brunei Darussalam","1992","US$","4636736503.304744"
"Brunei Darussalam","1993","US$","4549431934.104517"
"Brunei Darussalam","1994","US$","4529039210.052949"
"Brunei Darussalam","1995","US$","5245421237.146132"
"Brunei Darussalam","1996","US$","5668184452.577923"
"Brunei Darussalam","1997","US$","5758127021.771097"
"Brunei Darussalam","1998","US$","4487538132.032603"
"Brunei Darussalam","1999","US$","5096498703.408337"
"Brunei Darussalam","2000","US$","6649709092.034066"
"Brunei Darussalam","2001","US$","6206200902.762565"
"Brunei Darussalam","2002","US$","6474732994.276567"
"Brunei Darussalam","2003","US$","7265920302.876672"
"Brunei Darussalam","2004","US$","8722767581.894772"
"Brunei Darussalam","2005","US$","10561292508.550392"
"Brunei Darussalam","2006","US$","12709854523.370003"
"Brunei Darussalam","2007","US$","13570654027.100554"
"Brunei Darussalam","2008","US$","15948702091.732292"
"Brunei Darussalam","2009","US$","11892307477.029469"
"Brunei Darussalam","2010","US$","13707116269.240217"
"Brunei Darussalam","2011","US$","18524790773.910854"
"Brunei Darussalam","2012","US$","19048443088.452793"
"Brunei Darussalam","2013","US$","18094152875.319798"
"Brunei Darussalam","2014","US$","17097795710.93207"
"Brunei Darussalam","2015","US$","12930298314.133038"
"Brunei Darussalam","2016","US$","11400267071.610737"
"Brunei Darussalam","2017","US$","12128166605.720644"
"Brunei Darussalam","2018","US$","13566912772.254004"
"Brunei Darussalam","2019","US$","13469240146.42317"
"Brunei Darussalam","2020","US$","12005795924.877693"
"Brunei Darussalam","2021","US$","14006497000.397455"
"Brunei Darussalam","2022","US$","16681531645.972054"
"Brunei Darussalam","2023","US$","15128297473.666075"
"Bulgaria","1970","US$","9000000007.692307"
"Bulgaria","1971","US$","8897435905.040543"
"Bulgaria","1972","US$","10407407407.407408"
"Bulgaria","1973","US$","12408510649.914352"
"Bulgaria","1974","US$","13494845374.736956"
"Bulgaria","1975","US$","11908333333.333334"
"Bulgaria","1976","US$","12625000000.000002"
"Bulgaria","1977","US$","12908333333.333334"
"Bulgaria","1978","US$","13981716417.910448"
"Bulgaria","1979","US$","9397090084.412619"
"Bulgaria","1980","US$","10831013654.489973"
"Bulgaria","1981","US$","12436818363.98825"
"Bulgaria","1982","US$","13513499676.635605"
"Bulgaria","1983","US$","14524522514.02335"
"Bulgaria","1984","US$","15559665264.409147"
"Bulgaria","1985","US$","16482482635.531311"
"Bulgaria","1986","US$","17521906085.87967"
"Bulgaria","1987","US$","19043139772.46333"
"Bulgaria","1988","US$","21872620120.00201"
"Bulgaria","1989","US$","21982396405.53462"
"Bulgaria","1990","US$","20726027397.260273"
"Bulgaria","1991","US$","8402104591.514062"
"Bulgaria","1992","US$","9475815847.536884"
"Bulgaria","1993","US$","11930907233.867792"
"Bulgaria","1994","US$","10691890604.12189"
"Bulgaria","1995","US$","18991531542.70828"
"Bulgaria","1996","US$","12294987876.312128"
"Bulgaria","1997","US$","11316126257.583881"
"Bulgaria","1998","US$","15031052200.54632"
"Bulgaria","1999","US$","13637096103.754688"
"Bulgaria","2000","US$","13245990274.45809"
"Bulgaria","2001","US$","14183443861.69018"
"Bulgaria","2002","US$","16403043849.82968"
"Bulgaria","2003","US$","21144962058.28851"
"Bulgaria","2004","US$","26157744752.78344"
"Bulgaria","2005","US$","29868651533.118816"
"Bulgaria","2006","US$","34380543845.39734"
"Bulgaria","2007","US$","44431257128.86183"
"Bulgaria","2008","US$","54480697770.07727"
"Bulgaria","2009","US$","52023813557.815796"
"Bulgaria","2010","US$","50689062819.04471"
"Bulgaria","2011","US$","57681279336.394745"
"Bulgaria","2012","US$","54297052002.23383"
"Bulgaria","2013","US$","55819275001.696434"
"Bulgaria","2014","US$","57080884105.323975"
"Bulgaria","2015","US$","50765918159.14758"
"Bulgaria","2016","US$","53929407206.65509"
"Bulgaria","2017","US$","59167636023.14481"
"Bulgaria","2018","US$","66251595363.22247"
"Bulgaria","2019","US$","68634017887.38092"
"Bulgaria","2020","US$","70550638764.80884"
"Bulgaria","2021","US$","84414122840.1687"
"Bulgaria","2022","US$","90509253148.28156"
"Bulgaria","2023","US$","102396859164.53206"
"Burkina Faso","1970","US$","506221625.6807913"
"Burkina Faso","1971","US$","516750462.9739075"
"Burkina Faso","1972","US$","659833645.724596"
"Burkina Faso","1973","US$","763570493.1735401"
"Burkina Faso","1974","US$","841032770.0690986"
"Burkina Faso","1975","US$","1000485110.3112106"
"Burkina Faso","1976","US$","959332056.2911317"
"Burkina Faso","1977","US$","1159127896.4320474"
"Burkina Faso","1978","US$","1493803722.6354954"
"Burkina Faso","1979","US$","2004498549.9598043"
"Burkina Faso","1980","US$","2174243868.8557925"
"Burkina Faso","1981","US$","2014886385.916613"
"Burkina Faso","1982","US$","1848063017.5478904"
"Burkina Faso","1983","US$","1688525550.890122"
"Burkina Faso","1984","US$","1509464968.0272746"
"Burkina Faso","1985","US$","1764127836.5222423"
"Burkina Faso","1986","US$","2313869524.8171253"
"Burkina Faso","1987","US$","2692719481.7445617"
"Burkina Faso","1988","US$","2972626836.680604"
"Burkina Faso","1989","US$","2972068200.7270255"
"Burkina Faso","1990","US$","3524059275.2953486"
"Burkina Faso","1991","US$","3562226002.1076846"
"Burkina Faso","1992","US$","3814199468.276471"
"Burkina Faso","1993","US$","3635622608.1770616"
"Burkina Faso","1994","US$","2153638952.1667595"
"Burkina Faso","1995","US$","2703731172.7350435"
"Burkina Faso","1996","US$","2938972186.356505"
"Burkina Faso","1997","US$","2781167908.07407"
"Burkina Faso","1998","US$","3187074924.7782927"
"Burkina Faso","1999","US$","3389566710.87666"
"Burkina Faso","2000","US$","2968370087.421436"
"Burkina Faso","2001","US$","3190371079.759499"
"Burkina Faso","2002","US$","3622350065.6133657"
"Burkina Faso","2003","US$","4740768141.244308"
"Burkina Faso","2004","US$","5451688534.523181"
"Burkina Faso","2005","US$","6146353177.433665"
"Burkina Faso","2006","US$","6547419821.612553"
"Burkina Faso","2007","US$","7625722829.224889"
"Burkina Faso","2008","US$","9451435480.860264"
"Burkina Faso","2009","US$","9450696866.550802"
"Burkina Faso","2010","US$","10109619736.130026"
"Burkina Faso","2011","US$","12080295984.732111"
"Burkina Faso","2012","US$","12561015145.470873"
"Burkina Faso","2013","US$","13444300489.889763"
"Burkina Faso","2014","US$","13943016080.325384"
"Burkina Faso","2015","US$","11832159315.977814"
"Burkina Faso","2016","US$","12833363043.971859"
"Burkina Faso","2017","US$","14106955625.357096"
"Burkina Faso","2018","US$","15890066209.8959"
"Burkina Faso","2019","US$","16032813496.728348"
"Burkina Faso","2020","US$","17725010545.849712"
"Burkina Faso","2021","US$","19697516281.399464"
"Burkina Faso","2022","US$","18820218693.2265"
"Burkina Faso","2023","US$","20324617838.896187"
"Burundi","1970","US$","245436571.18313485"
"Burundi","1971","US$","252516571.19709802"
"Burundi","1972","US$","246354285.7142857"
"Burundi","1973","US$","305491646.9942614"
"Burundi","1974","US$","346375873.015873"
"Burundi","1975","US$","414873650.7936508"
"Burundi","1976","US$","457333333.3333333"
"Burundi","1977","US$","543241111.1111112"
"Burundi","1978","US$","613618888.8888888"
"Burundi","1979","US$","792834444.4444444"
"Burundi","1980","US$","951188888.8888888"
"Burundi","1981","US$","993144444.4444444"
"Burundi","1982","US$","1045488888.8888888"
"Burundi","1983","US$","1106980580.6112835"
"Burundi","1984","US$","1006196963.478175"
"Burundi","1985","US$","1171150233.1428282"
"Burundi","1986","US$","1233604831.3477378"
"Burundi","1987","US$","1162071425.970116"
"Burundi","1988","US$","1089119982.905374"
"Burundi","1989","US$","1131605042.0168045"
"Burundi","1990","US$","1148319882.8260884"
"Burundi","1991","US$","1167401158.138258"
"Burundi","1992","US$","1086803177.4277155"
"Burundi","1993","US$","974857896.0375649"
"Burundi","1994","US$","1068821055.7561965"
"Burundi","1995","US$","1000430417.5049798"
"Burundi","1996","US$","868960847.3531215"
"Burundi","1997","US$","972854233.8247163"
"Burundi","1998","US$","893694806.9954727"
"Burundi","1999","US$","808149939.0041033"
"Burundi","2000","US$","709113236.6953131"
"Burundi","2001","US$","662345748.3962653"
"Burundi","2002","US$","628101556.1836834"
"Burundi","2003","US$","595481332.3234377"
"Burundi","2004","US$","679885548.1878463"
"Burundi","2005","US$","1117109381.7778108"
"Burundi","2006","US$","1273375078.4484448"
"Burundi","2007","US$","1356198462.4705482"
"Burundi","2008","US$","1611836699.982926"
"Burundi","2009","US$","1775497471.5742579"
"Burundi","2010","US$","2032137629.0034978"
"Burundi","2011","US$","2235809707.074931"
"Burundi","2012","US$","2327401669.577545"
"Burundi","2013","US$","2451625280.1953206"
"Burundi","2014","US$","2705829234.9667835"
"Burundi","2015","US$","2810531639.5568476"
"Burundi","2016","US$","2930086948.1131635"
"Burundi","2017","US$","3297826847.6132917"
"Burundi","2018","US$","3317319374.620303"
"Burundi","2019","US$","3368533751.5792475"
"Burundi","2020","US$","3451371637.6493473"
"Burundi","2021","US$","3742399565.284612"
"Burundi","2022","US$","4380945351.492197"
"Burundi","2023","US$","3960309821.276494"
"Cabo Verde","1970","US$","72940653.7705376"
"Cabo Verde","1971","US$","82283945.27666134"
"Cabo Verde","1972","US$","93068363.97127894"
"Cabo Verde","1973","US$","114858297.48969992"
"Cabo Verde","1974","US$","115073502.40446025"
"Cabo Verde","1975","US$","133965391.67925614"
"Cabo Verde","1976","US$","125012070.40681036"
"Cabo Verde","1977","US$","117274893.55406614"
"Cabo Verde","1978","US$","134990618.59636742"
"Cabo Verde","1979","US$","144731713.22482118"
"Cabo Verde","1980","US$","161773668.70692787"
"Cabo Verde","1981","US$","158625012.30439925"
"Cabo Verde","1982","US$","159961096.81747413"
"Cabo Verde","1983","US$","157522539.08556458"
"Cabo Verde","1984","US$","150187552.87241092"
"Cabo Verde","1985","US$","156687309.72973937"
"Cabo Verde","1986","US$","216904365.08033875"
"Cabo Verde","1987","US$","268566664.13367236"
"Cabo Verde","1988","US$","301777902.38318247"
"Cabo Verde","1989","US$","305200910.3156123"
"Cabo Verde","1990","US$","350332099.33648765"
"Cabo Verde","1991","US$","365188372.3188238"
"Cabo Verde","1992","US$","407654368.06414044"
"Cabo Verde","1993","US$","411174923.2899794"
"Cabo Verde","1994","US$","465192180.2643765"
"Cabo Verde","1995","US$","557953517.0194312"
"Cabo Verde","1996","US$","574164876.807289"
"Cabo Verde","1997","US$","561064843.165313"
"Cabo Verde","1998","US$","597834851.3664265"
"Cabo Verde","1999","US$","684062356.7867575"
"Cabo Verde","2000","US$","633410958.2490981"
"Cabo Verde","2001","US$","648338757.8184197"
"Cabo Verde","2002","US$","723323431.0560262"
"Cabo Verde","2003","US$","959792139.1486642"
"Cabo Verde","2004","US$","1105153846.1660225"
"Cabo Verde","2005","US$","1176101352.663153"
"Cabo Verde","2006","US$","1356451334.4737382"
"Cabo Verde","2007","US$","1649621735.4134324"
"Cabo Verde","2008","US$","1959620652.507455"
"Cabo Verde","2009","US$","1852334581.4753435"
"Cabo Verde","2010","US$","1824751459.6930368"
"Cabo Verde","2011","US$","2046817974.9083784"
"Cabo Verde","2012","US$","1913081206.3205247"
"Cabo Verde","2013","US$","2028910915.1644647"
"Cabo Verde","2014","US$","2041930125.4297915"
"Cabo Verde","2015","US$","1749857628.407163"
"Cabo Verde","2016","US$","1849789992.743277"
"Cabo Verde","2017","US$","1996741544.6154883"
"Cabo Verde","2018","US$","2205099509.15921"
"Cabo Verde","2019","US$","2252177133.7471004"
"Cabo Verde","2020","US$","1821565617.6947205"
"Cabo Verde","2021","US$","2051842609.6453383"
"Cabo Verde","2022","US$","2303738020.0186996"
"Cabo Verde","2023","US$","2591373778.996552"
"Cambodia","1970","US$","767646374.142189"
"Cambodia","1971","US$","766271008.3000274"
"Cambodia","1972","US$","755957939.3417556"
"Cambodia","1973","US$","646326810.7374568"
"Cambodia","1974","US$","667622353.6948445"
"Cambodia","1975","US$","719618535.1000965"
"Cambodia","1976","US$","759222682.9068613"
"Cambodia","1977","US$","688045794.719696"
"Cambodia","1978","US$","736442458.7929168"
"Cambodia","1979","US$","695229724.3695587"
"Cambodia","1980","US$","715062307.2080512"
"Cambodia","1981","US$","783044313.3689499"
"Cambodia","1982","US$","831423955.6551623"
"Cambodia","1983","US$","902294264.1157933"
"Cambodia","1984","US$","980955394.1046801"
"Cambodia","1985","US$","1059239607.8613435"
"Cambodia","1986","US$","1121642113.5688553"
"Cambodia","1987","US$","1396919190.0310667"
"Cambodia","1988","US$","1680378822.2735898"
"Cambodia","1989","US$","1741743757.721292"
"Cambodia","1990","US$","1697719548.0117302"
"Cambodia","1991","US$","2248213477.1805115"
"Cambodia","1992","US$","2393653450.6033354"
"Cambodia","1993","US$","2433856452.2127185"
"Cambodia","1994","US$","2676188979.471565"
"Cambodia","1995","US$","3309356001.3600864"
"Cambodia","1996","US$","3506718125.718954"
"Cambodia","1997","US$","3443471825.93025"
"Cambodia","1998","US$","3163536451.8572955"
"Cambodia","1999","US$","3588276693.8507495"
"Cambodia","2000","US$","3785478769.074009"
"Cambodia","2001","US$","4138444602.531879"
"Cambodia","2002","US$","4516145513.481994"
"Cambodia","2003","US$","5072736762.814182"
"Cambodia","2004","US$","5982726202.782696"
"Cambodia","2005","US$","7153256748.32132"
"Cambodia","2006","US$","8382649891.267166"
"Cambodia","2007","US$","10038237657.893322"
"Cambodia","2008","US$","12304679925.928047"
"Cambodia","2009","US$","12811732283.205679"
"Cambodia","2010","US$","13732690738.80379"
"Cambodia","2011","US$","16070884614.391523"
"Cambodia","2012","US$","17754813754.04587"
"Cambodia","2013","US$","19680207844.15122"
"Cambodia","2014","US$","22041463967.906624"
"Cambodia","2015","US$","24036943325.488785"
"Cambodia","2016","US$","26468108117.17806"
"Cambodia","2017","US$","29082920413.956196"
"Cambodia","2018","US$","32803768200.200737"
"Cambodia","2019","US$","35983219323.07737"
"Cambodia","2020","US$","34418014109.09685"
"Cambodia","2021","US$","36163465405.23883"
"Cambodia","2022","US$","39615581617.328415"
"Cambodia","2023","US$","42824097135.23781"
"Cameroon","1970","US$","1315837125.3784878"
"Cameroon","1971","US$","1475313816.088337"
"Cameroon","1972","US$","1903180994.5244424"
"Cameroon","1973","US$","2584984398.3698797"
"Cameroon","1974","US$","2760919559.7400775"
"Cameroon","1975","US$","3626171758.7867146"
"Cameroon","1976","US$","3951066931.896914"
"Cameroon","1977","US$","4621515678.091351"
"Cameroon","1978","US$","6083582159.540211"
"Cameroon","1979","US$","8095575302.506158"
"Cameroon","1980","US$","10089593335.066402"
"Cameroon","1981","US$","9469026881.588"
"Cameroon","1982","US$","9500798884.222193"
"Cameroon","1983","US$","9913433581.364496"
"Cameroon","1984","US$","9765380113.601889"
"Cameroon","1985","US$","9597106419.185814"
"Cameroon","1986","US$","11734309947.155037"
"Cameroon","1987","US$","12790637653.873343"
"Cameroon","1988","US$","12502898932.416643"
"Cameroon","1989","US$","11989455027.909191"
"Cameroon","1990","US$","13872508136.016045"
"Cameroon","1991","US$","13867751846.039463"
"Cameroon","1992","US$","14707043803.96069"
"Cameroon","1993","US$","16181814715.986187"
"Cameroon","1994","US$","8902446276.121084"
"Cameroon","1995","US$","10864772496.955133"
"Cameroon","1996","US$","11093538867.464344"
"Cameroon","1997","US$","10789458451.176102"
"Cameroon","1998","US$","11298145026.508898"
"Cameroon","1999","US$","11565826490.683035"
"Cameroon","2000","US$","10566579320.843868"
"Cameroon","2001","US$","10953485372.720304"
"Cameroon","2002","US$","12417251372.911549"
"Cameroon","2003","US$","15970315070.837482"
"Cameroon","2004","US$","18826214125.25529"
"Cameroon","2005","US$","19509852219.30514"
"Cameroon","2006","US$","20910512978.19268"
"Cameroon","2007","US$","23928250409.985672"
"Cameroon","2008","US$","27715142005.568153"
"Cameroon","2009","US$","27932970297.041"
"Cameroon","2010","US$","27507501809.336433"
"Cameroon","2011","US$","30630910513.146442"
"Cameroon","2012","US$","30155062302.86193"
"Cameroon","2013","US$","33728621190.280235"
"Cameroon","2014","US$","36386544716.07533"
"Cameroon","2015","US$","32210233021.654686"
"Cameroon","2016","US$","33814337040.780407"
"Cameroon","2017","US$","36098547058.787704"
"Cameroon","2018","US$","39973842058.56503"
"Cameroon","2019","US$","39670976440.31584"
"Cameroon","2020","US$","40773241211.694084"
"Cameroon","2021","US$","45011930130.8443"
"Cameroon","2022","US$","44347206078.86599"
"Cameroon","2023","US$","49279410969.34641"
"Canada","1970","US$","89208320115.28387"
"Canada","1971","US$","100677300893.00801"
"Canada","1972","US$","114590986942.5796"
"Canada","1973","US$","132954015525.04057"
"Canada","1974","US$","161731253134.4025"
"Canada","1975","US$","174926391976.13226"
"Canada","1976","US$","208904753694.16104"
"Canada","1977","US$","214023033969.53613"
"Canada","1978","US$","220990639854.54745"
"Canada","1979","US$","245519878594.8222"
"Canada","1980","US$","276064474057.3008"
"Canada","1981","US$","307245842970.1666"
"Canada","1982","US$","314638903648.75934"
"Canada","1983","US$","341862996303.0661"
"Canada","1984","US$","356727872422.40796"
"Canada","1985","US$","366184030237.7947"
"Canada","1986","US$","379014731199.8311"
"Canada","1987","US$","433139928035.93146"
"Canada","1988","US$","509379677196.0713"
"Canada","1989","US$","567225367034.4651"
"Canada","1990","US$","596089064840.248"
"Canada","1991","US$","612513895512.6095"
"Canada","1992","US$","594376087449.3883"
"Canada","1993","US$","579059001030.9218"
"Canada","1994","US$","579913156728.4865"
"Canada","1995","US$","605941036992.1332"
"Canada","1996","US$","630597987889.2819"
"Canada","1997","US$","655010321726.1447"
"Canada","1998","US$","634003800959.3392"
"Canada","1999","US$","678416726524.011"
"Canada","2000","US$","744631343104.9421"
"Canada","2001","US$","738967894200.534"
"Canada","2002","US$","760148659278.8859"
"Canada","2003","US$","895598837456.04"
"Canada","2004","US$","1026473443666.8951"
"Canada","2005","US$","1173505014883.3296"
"Canada","2006","US$","1319355541500.439"
"Canada","2007","US$","1468895704403.9111"
"Canada","2008","US$","1552864130869.594"
"Canada","2009","US$","1376509210192.793"
"Canada","2010","US$","1617345309021.3271"
"Canada","2011","US$","1793326630174.5186"
"Canada","2012","US$","1828362478978.9543"
"Canada","2013","US$","1846595480346.333"
"Canada","2014","US$","1805750783624.4585"
"Canada","2015","US$","1556508034225.5945"
"Canada","2016","US$","1527996250640.921"
"Canada","2017","US$","1649265644244.095"
"Canada","2018","US$","1725300253575.8232"
"Canada","2019","US$","1743725183672.5212"
"Canada","2020","US$","1655685475627.4595"
"Canada","2021","US$","2007472181464.1519"
"Canada","2022","US$","2161483369422.0146"
"Canada","2023","US$","2142470914401.357"
"Caribbean","1970","US$","17331692471.747875"
"Caribbean","1971","US$","19806389257.272594"
"Caribbean","1972","US$","22944892306.716854"
"Caribbean","1973","US$","26628446274.6142"
"Caribbean","1974","US$","31397839091.158398"
"Caribbean","1975","US$","35692514458.749245"
"Caribbean","1976","US$","38352923160.596954"
"Caribbean","1977","US$","41928120535.79102"
"Caribbean","1978","US$","47288349024.71465"
"Caribbean","1979","US$","53299403157.82723"
"Caribbean","1980","US$","60035702258.72278"
"Caribbean","1981","US$","64312821047.52664"
"Caribbean","1982","US$","69056429217.87564"
"Caribbean","1983","US$","72441542984.93452"
"Caribbean","1984","US$","77561494120.338"
"Caribbean","1985","US$","70307756623.228"
"Caribbean","1986","US$","73658500226.19524"
"Caribbean","1987","US$","77362420105.52544"
"Caribbean","1988","US$","82678390721.70737"
"Caribbean","1989","US$","89017116516.97829"
"Caribbean","1990","US$","96510844642.93341"
"Caribbean","1991","US$","94381656391.02432"
"Caribbean","1992","US$","95389339606.9089"
"Caribbean","1993","US$","100133032158.98174"
"Caribbean","1994","US$","112598695534.27155"
"Caribbean","1995","US$","122748937998.9496"
"Caribbean","1996","US$","124947711128.64027"
"Caribbean","1997","US$","132828458895.42223"
"Caribbean","1998","US$","144563740818.13754"
"Caribbean","1999","US$","154719226108.35376"
"Caribbean","2000","US$","165179659632.26685"
"Caribbean","2001","US$","176485572163.8347"
"Caribbean","2002","US$","183550941507.40128"
"Caribbean","2003","US$","185169454195.62335"
"Caribbean","2004","US$","198410689511.43414"
"Caribbean","2005","US$","226828295490.82556"
"Caribbean","2006","US$","248099268080.39203"
"Caribbean","2007","US$","270853481406.38458"
"Caribbean","2008","US$","290720726798.4911"
"Caribbean","2009","US$","283520900645.8057"
"Caribbean","2010","US$","298531827704.39935"
"Caribbean","2011","US$","316082317379.9143"
"Caribbean","2012","US$","325866820797.93207"
"Caribbean","2013","US$","335266284893.06055"
"Caribbean","2014","US$","345397695074.2049"
"Caribbean","2015","US$","355179732399.0998"
"Caribbean","2016","US$","361535391310.9819"
"Caribbean","2017","US$","374302563562.75745"
"Caribbean","2018","US$","383556741043.4072"
"Caribbean","2019","US$","394429874014.5879"
"Caribbean","2020","US$","376607529129.456"
"Caribbean","2021","US$","424775856573.159"
"Caribbean","2022","US$","483669642980.8022"
"Caribbean","2023","US$","554864115742.9615"
"Cayman Islands","1970","US$","31058102.957087096"
"Cayman Islands","1971","US$","38910158.80030472"
"Cayman Islands","1972","US$","51670703.69183913"
"Cayman Islands","1973","US$","67462747.69706574"
"Cayman Islands","1974","US$","78323981.72542562"
"Cayman Islands","1975","US$","94054624.21849687"
"Cayman Islands","1976","US$","112204590.01836008"
"Cayman Islands","1977","US$","133857036.22814491"
"Cayman Islands","1978","US$","159687810.3512414"
"Cayman Islands","1979","US$","190503198.01279205"
"Cayman Islands","1980","US$","227265067.86027142"
"Cayman Islands","1981","US$","271121163.2846531"
"Cayman Islands","1982","US$","323440088.56035423"
"Cayman Islands","1983","US$","450850417.001668"
"Cayman Islands","1984","US$","506947012.58805037"
"Cayman Islands","1985","US$","548500046.8001872"
"Cayman Islands","1986","US$","602518991.2759651"
"Cayman Islands","1987","US$","704323924.495698"
"Cayman Islands","1988","US$","860147800.9912039"
"Cayman Islands","1989","US$","984806902.4276097"
"Cayman Islands","1990","US$","1225814499.6579986"
"Cayman Islands","1991","US$","1279833442.9337716"
"Cayman Islands","1992","US$","1356706555.6262224"
"Cayman Islands","1993","US$","1457472662.6906507"
"Cayman Islands","1994","US$","1582339529.3581173"
"Cayman Islands","1995","US$","1708868517.8740714"
"Cayman Islands","1996","US$","1854096371.1854846"
"Cayman Islands","1997","US$","2019269680.6787226"
"Cayman Islands","1998","US$","2649421439.285757"
"Cayman Islands","1999","US$","2872465193.8607755"
"Cayman Islands","2000","US$","3002113692.054768"
"Cayman Islands","2001","US$","3079799210.3968415"
"Cayman Islands","2002","US$","3212037225.3489013"
"Cayman Islands","2003","US$","3330982385.1295404"
"Cayman Islands","2004","US$","3508795905.5836225"
"Cayman Islands","2005","US$","4009781180.3247213"
"Cayman Islands","2006","US$","4227645900.1836004"
"Cayman Islands","2007","US$","4466342796.971188"
"Cayman Islands","2008","US$","4586007446.029784"
"Cayman Islands","2009","US$","4281658857.835431"
"Cayman Islands","2010","US$","4156786007.9440317"
"Cayman Islands","2011","US$","4186073148.6925945"
"Cayman Islands","2012","US$","4291005010.02004"
"Cayman Islands","2013","US$","4405796038.784155"
"Cayman Islands","2014","US$","4562853559.8142395"
"Cayman Islands","2015","US$","4708167712.670851"
"Cayman Islands","2016","US$","4909322117.288469"
"Cayman Islands","2017","US$","5166281305.12522"
"Cayman Islands","2018","US$","5530178560.714243"
"Cayman Islands","2019","US$","5941896666.386665"
"Cayman Islands","2020","US$","5655357943.431773"
"Cayman Islands","2021","US$","6060026509.306037"
"Cayman Islands","2022","US$","6600844001.776007"
"Cayman Islands","2023","US$","7127248511.394046"
"Central African Republic","1970","US$","275964335.2079312"
"Central African Republic","1971","US$","293978406.52600205"
"Central African Republic","1972","US$","336104320.27160925"
"Central African Republic","1973","US$","395739159.6071129"
"Central African Republic","1974","US$","410646883.32395303"
"Central African Republic","1975","US$","552580917.9636358"
"Central African Republic","1976","US$","658369594.4197398"
"Central African Republic","1977","US$","740303345.851565"
"Central African Republic","1978","US$","891021197.510844"
"Central African Republic","1979","US$","1022630357.3024535"
"Central African Republic","1980","US$","1163137395.3511078"
"Central African Republic","1981","US$","1039128921.7198873"
"Central African Republic","1982","US$","977084223.9119295"
"Central African Republic","1983","US$","860005796.5014226"
"Central African Republic","1984","US$","823717698.6896489"
"Central African Republic","1985","US$","904883302.8196051"
"Central African Republic","1986","US$","1174214100.5633001"
"Central African Republic","1987","US$","1256585293.530804"
"Central African Republic","1988","US$","1323450843.0887892"
"Central African Republic","1989","US$","1291048293.9069045"
"Central African Republic","1990","US$","1507401271.606037"
"Central African Republic","1991","US$","1441132986.1386552"
"Central African Republic","1992","US$","1477274511.2058206"
"Central African Republic","1993","US$","1337975403.6001635"
"Central African Republic","1994","US$","890574792.1873261"
"Central African Republic","1995","US$","1167020503.5228806"
"Central African Republic","1996","US$","1054441273.2818958"
"Central African Republic","1997","US$","981149097.5977849"
"Central African Republic","1998","US$","1012116000.1729128"
"Central African Republic","1999","US$","1046126394.3032473"
"Central African Republic","2000","US$","959214444.1471294"
"Central African Republic","2001","US$","975820441.3965353"
"Central African Republic","2002","US$","1042175641.4684403"
"Central African Republic","2003","US$","1195192735.778534"
"Central African Republic","2004","US$","1331257447.9017231"
"Central African Republic","2005","US$","1413367815.0785584"
"Central African Republic","2006","US$","1538869767.656038"
"Central African Republic","2007","US$","1757249787.326749"
"Central African Republic","2008","US$","2041383218.430049"
"Central African Republic","2009","US$","2067381812.597026"
"Central African Republic","2010","US$","2142590791.6497135"
"Central African Republic","2011","US$","2437982621.6941094"
"Central African Republic","2012","US$","2510126509.99501"
"Central African Republic","2013","US$","1691545104.820626"
"Central African Republic","2014","US$","1894812478.5028718"
"Central African Republic","2015","US$","1695826018.7021713"
"Central African Republic","2016","US$","1825018853.1962924"
"Central African Republic","2017","US$","2072349974.15272"
"Central African Republic","2018","US$","2220978586.410481"
"Central African Republic","2019","US$","2221301350.755368"
"Central African Republic","2020","US$","2326720902.357406"
"Central African Republic","2021","US$","2516498412.313609"
"Central African Republic","2022","US$","2382618615.3562036"
"Central African Republic","2023","US$","2555492085.2482347"
"Central America","1970","US$","54485746844.971016"
"Central America","1971","US$","59887856518.40675"
"Central America","1972","US$","68549754382.97958"
"Central America","1973","US$","83654442759.0858"
"Central America","1974","US$","107916988809.77039"
"Central America","1975","US$","130768721590.94597"
"Central America","1976","US$","134335531044.14299"
"Central America","1977","US$","128521870066.42876"
"Central America","1978","US$","158130465214.69144"
"Central America","1979","US$","202298470946.69968"
"Central America","1980","US$","275275539667.31616"
"Central America","1981","US$","344757180206.33154"
"Central America","1982","US$","248047347804.8945"
"Central America","1983","US$","218468787354.59973"
"Central America","1984","US$","254875573996.89154"
"Central America","1985","US$","269740600085.78787"
"Central America","1986","US$","196701877065.9955"
"Central America","1987","US$","210733412778.08176"
"Central America","1988","US$","252129611742.8126"
"Central America","1989","US$","302842616651.3461"
"Central America","1990","US$","347547703577.32184"
"Central America","1991","US$","412217261536.06934"
"Central America","1992","US$","475629039509.8877"
"Central America","1993","US$","573884358197.1466"
"Central America","1994","US$","600847101266.504"
"Central America","1995","US$","432331141482.7456"
"Central America","1996","US$","486722865054.2363"
"Central America","1997","US$","582972044819.0177"
"Central America","1998","US$","621980792038.045"
"Central America","1999","US$","696745007070.731"
"Central America","2000","US$","810930830295.4159"
"Central America","2001","US$","868823669663.8645"
"Central America","2002","US$","887079565640.3032"
"Central America","2003","US$","845575062329.0992"
"Central America","2004","US$","905778775414.5509"
"Central America","2005","US$","1012282232661.4451"
"Central America","2006","US$","1125368295235.8699"
"Central America","2007","US$","1222549184051.6287"
"Central America","2008","US$","1298174957265.0356"
"Central America","2009","US$","1080763057153.2919"
"Central America","2010","US$","1258289879939.2578"
"Central America","2011","US$","1403413830405.781"
"Central America","2012","US$","1445381564541.4993"
"Central America","2013","US$","1531388808079.1519"
"Central America","2014","US$","1581816251711.0105"
"Central America","2015","US$","1446823090804.2559"
"Central America","2016","US$","1358211932617.318"
"Central America","2017","US$","1451332746136.111"
"Central America","2018","US$","1524764756757.682"
"Central America","2019","US$","1582282899711.4443"
"Central America","2020","US$","1381276926067.1423"
"Central America","2021","US$","1609180318160.6577"
"Central America","2022","US$","1789766059115.233"
"Central America","2023","US$","2157453726942.9263"
"Central Asia","1970","...","..."
"Central Asia","1971","...","..."
"Central Asia","1972","...","..."
"Central Asia","1973","...","..."
"Central Asia","1974","...","..."
"Central Asia","1975","...","..."
"Central Asia","1976","...","..."
"Central Asia","1977","...","..."
"Central Asia","1978","...","..."
"Central Asia","1979","...","..."
"Central Asia","1980","...","..."
"Central Asia","1981","...","..."
"Central Asia","1982","...","..."
"Central Asia","1983","...","..."
"Central Asia","1984","...","..."
"Central Asia","1985","...","..."
"Central Asia","1986","...","..."
"Central Asia","1987","...","..."
"Central Asia","1988","...","..."
"Central Asia","1989","...","..."
"Central Asia","1990","US$","55862343448.0242"
"Central Asia","1991","US$","53732064914.37061"
"Central Asia","1992","US$","49764549737.041824"
"Central Asia","1993","US$","47416525819.51559"
"Central Asia","1994","US$","43156180800.761696"
"Central Asia","1995","US$","41638894919.059235"
"Central Asia","1996","US$","43027565388.18819"
"Central Asia","1997","US$","46167255504.10101"
"Central Asia","1998","US$","45937417059.44078"
"Central Asia","1999","US$","43559886582.6305"
"Central Asia","2000","US$","41975436997.870094"
"Central Asia","2001","US$","42591658904.42778"
"Central Asia","2002","US$","47885134482.91481"
"Central Asia","2003","US$","57641476057.07677"
"Central Asia","2004","US$","73940967947.05945"
"Central Asia","2005","US$","93153242750.62881"
"Central Asia","2006","US$","123770436432.33081"
"Central Asia","2007","US$","158087240144.28702"
"Central Asia","2008","US$","201942044493.8237"
"Central Asia","2009","US$","187473664834.67703"
"Central Asia","2010","US$","231077044699.3466"
"Central Asia","2011","US$","295070128150.6036"
"Central Asia","2012","US$","325381540972.8623"
"Central Asia","2013","US$","365000808536.93744"
"Central Asia","2014","US$","362731080990.15155"
"Central Asia","2015","US$","321659556352.67377"
"Central Asia","2016","US$","273542706185.59634"
"Central Asia","2017","US$","282310505208.33545"
"Central Asia","2018","US$","289382702636.4843"
"Central Asia","2019","US$","304855635019.4612"
"Central Asia","2020","US$","293529503837.20233"
"Central Asia","2021","US$","334907238448.1291"
"Central Asia","2022","US$","386028466031.2151"
"Central Asia","2023","US$","441117448829.3079"
"Chad","1970","US$","355301780.4116381"
"Chad","1971","US$","387785535.9281577"
"Chad","1972","US$","403013384.64987516"
"Chad","1973","US$","446936126.82501036"
"Chad","1974","US$","520701998.4489303"
"Chad","1975","US$","752271453.4417232"
"Chad","1976","US$","706314319.5735447"
"Chad","1977","US$","714485897.5405457"
"Chad","1978","US$","850880753.7058"
"Chad","1979","US$","767158756.6929258"
"Chad","1980","US$","789070817.9159521"
"Chad","1981","US$","927054429.2745947"
"Chad","1982","US$","866823712.4809753"
"Chad","1983","US$","927823080.7039167"
"Chad","1984","US$","999740434.2469442"
"Chad","1985","US$","986892995.7211119"
"Chad","1986","US$","1214841089.5016685"
"Chad","1987","US$","1379240458.0586946"
"Chad","1988","US$","1611361975.6378245"
"Chad","1989","US$","1522878641.295106"
"Chad","1990","US$","1833675591.4893718"
"Chad","1991","US$","1820027718.5375595"
"Chad","1992","US$","1896094855.4198923"
"Chad","1993","US$","1654085613.5228498"
"Chad","1994","US$","1341884888.1134372"
"Chad","1995","US$","1643276652.8110316"
"Chad","1996","US$","1837279011.4520853"
"Chad","1997","US$","1754815781.7091267"
"Chad","1998","US$","1999334347.7457085"
"Chad","1999","US$","1739537231.529748"
"Chad","2000","US$","1579689355.6145594"
"Chad","2001","US$","1946426400.662468"
"Chad","2002","US$","2271139853.9497724"
"Chad","2003","US$","3103844341.3002706"
"Chad","2004","US$","5030672150.388683"
"Chad","2005","US$","6683270005.034788"
"Chad","2006","US$","7616938050.719541"
"Chad","2007","US$","8766586447.762384"
"Chad","2008","US$","11081740236.017054"
"Chad","2009","US$","10285513222.211372"
"Chad","2010","US$","12188008109.089025"
"Chad","2011","US$","14701627489.05518"
"Chad","2012","US$","16203583968.757833"
"Chad","2013","US$","16318531722.75603"
"Chad","2014","US$","17515693955.759598"
"Chad","2015","US$","14411717873.044556"
"Chad","2016","US$","13071615355.018532"
"Chad","2017","US$","13349041418.19018"
"Chad","2018","US$","15362287167.348068"
"Chad","2019","US$","14950982757.496498"
"Chad","2020","US$","14627274629.99303"
"Chad","2021","US$","15961106297.97824"
"Chad","2022","US$","16263311854.565409"
"Chad","2023","US$","17643171952.143505"
"Chile","1970","US$","9680014665.43935"
"Chile","1971","US$","11587753310.844671"
"Chile","1972","US$","12510670763.306206"
"Chile","1973","US$","17834428836.29666"
"Chile","1974","US$","17285268040.78353"
"Chile","1975","US$","8041259429.987267"
"Chile","1976","US$","10980227350.39895"
"Chile","1977","US$","14884929048.732756"
"Chile","1978","US$","17154937811.861969"
"Chile","1979","US$","23094844121.185833"
"Chile","1980","US$","30720746007.820515"
"Chile","1981","US$","36834978701.589745"
"Chile","1982","US$","26319059293.396645"
"Chile","1983","US$","21712039329.6258"
"Chile","1984","US$","21522697088.015026"
"Chile","1985","US$","18984520580.943527"
"Chile","1986","US$","20308971699.61521"
"Chile","1987","US$","23714898353.134174"
"Chile","1988","US$","27678424596.10763"
"Chile","1989","US$","31566975129.937996"
"Chile","1990","US$","34748052512.818306"
"Chile","1991","US$","39707317024.0945"
"Chile","1992","US$","47994394836.02286"
"Chile","1993","US$","50964685352.34097"
"Chile","1994","US$","58350712769.23194"
"Chile","1995","US$","74732951586.96826"
"Chile","1996","US$","78575020639.3806"
"Chile","1997","US$","85731966848.88443"
"Chile","1998","US$","81995749804.50044"
"Chile","1999","US$","75596598517.41756"
"Chile","2000","US$","78235744743.49202"
"Chile","2001","US$","71517267767.74702"
"Chile","2002","US$","70295232513.09793"
"Chile","2003","US$","76507853875.68222"
"Chile","2004","US$","99079365628.2972"
"Chile","2005","US$","122314960843.91466"
"Chile","2006","US$","153840051814.12097"
"Chile","2007","US$","172565861848.82205"
"Chile","2008","US$","179663390874.56842"
"Chile","2009","US$","171412643623.9987"
"Chile","2010","US$","217105434199.57098"
"Chile","2011","US$","251224856981.3105"
"Chile","2012","US$","267175870677.7285"
"Chile","2013","US$","277239473853.7198"
"Chile","2014","US$","259405194672.981"
"Chile","2015","US$","242496655711.46487"
"Chile","2016","US$","249298706449.09958"
"Chile","2017","US$","276364936832.2599"
"Chile","2018","US$","295402646018.2535"
"Chile","2019","US$","278179598010.53033"
"Chile","2020","US$","253880204385.33264"
"Chile","2021","US$","315646990739.2973"
"Chile","2022","US$","302116539567.10706"
"Chile","2023","US$","335533331808.4077"
"China (mainland)","1970","US$","92602638697.41562"
"China (mainland)","1971","US$","99800597892.565"
"China (mainland)","1972","US$","113689285303.37708"
"China (mainland)","1973","US$","138543203562.72418"
"China (mainland)","1974","US$","144188964286.5016"
"China (mainland)","1975","US$","163429496442.8052"
"China (mainland)","1976","US$","153939238114.51764"
"China (mainland)","1977","US$","174935897086.30905"
"China (mainland)","1978","US$","218503392739.22568"
"China (mainland)","1979","US$","263708101814.06088"
"China (mainland)","1980","US$","306169426435.4481"
"China (mainland)","1981","US$","289567576958.4046"
"China (mainland)","1982","US$","283925056816.85834"
"China (mainland)","1983","US$","304751540741.2447"
"China (mainland)","1984","US$","313722813942.58777"
"China (mainland)","1985","US$","309838563682.35547"
"China (mainland)","1986","US$","300516248936.26"
"China (mainland)","1987","US$","327089546223.9058"
"China (mainland)","1988","US$","407845033717.525"
"China (mainland)","1989","US$","456287003694.00653"
"China (mainland)","1990","US$","394565711647.5172"
"China (mainland)","1991","US$","413375557875.85266"
"China (mainland)","1992","US$","493137146751.57245"
"China (mainland)","1993","US$","619115896649.7216"
"China (mainland)","1994","US$","564322452602.135"
"China (mainland)","1995","US$","734484967620.2637"
"China (mainland)","1996","US$","863748958856.4109"
"China (mainland)","1997","US$","961601482943.9327"
"China (mainland)","1998","US$","1029060620549.0831"
"China (mainland)","1999","US$","1094004167547.4889"
"China (mainland)","2000","US$","1211331153323.29"
"China (mainland)","2001","US$","1339400564732.9644"
"China (mainland)","2002","US$","1470557266966.7568"
"China (mainland)","2003","US$","1660280188843.7524"
"China (mainland)","2004","US$","1955347280415.6125"
"China (mainland)","2005","US$","2285962425176.799"
"China (mainland)","2006","US$","2752112587146.115"
"China (mainland)","2007","US$","3550323314425.538"
"China (mainland)","2008","US$","4594342358341.291"
"China (mainland)","2009","US$","5101694836897.986"
"China (mainland)","2010","US$","6087187942641.642"
"China (mainland)","2011","US$","7551542527927.237"
"China (mainland)","2012","US$","8532186352890.895"
"China (mainland)","2013","US$","9570466872306.943"
"China (mainland)","2014","US$","10475623081516.348"
"China (mainland)","2015","US$","11061572909611.762"
"China (mainland)","2016","US$","11233314628459.564"
"China (mainland)","2017","US$","12310490458251.832"
"China (mainland)","2018","US$","13894907046052.03"
"China (mainland)","2019","US$","14279968452570.906"
"China (mainland)","2020","US$","14687743556969.611"
"China (mainland)","2021","US$","17820459342451.18"
"China (mainland)","2022","US$","17881783088744.953"
"China (mainland)","2023","US$","17794782334077.88"
"China, Hong Kong SAR","1970","US$","3812493809.310381"
"China, Hong Kong SAR","1971","US$","4461399452.934444"
"China, Hong Kong SAR","1972","US$","5710090550.625733"
"China, Hong Kong SAR","1973","US$","8030117555.620325"
"China, Hong Kong SAR","1974","US$","9388694744.86163"
"China, Hong Kong SAR","1975","US$","10048090236.906023"
"China, Hong Kong SAR","1976","US$","12876497273.489195"
"China, Hong Kong SAR","1977","US$","15719433719.714693"
"China, Hong Kong SAR","1978","US$","18315137712.9442"
"China, Hong Kong SAR","1979","US$","22526186035.240833"
"China, Hong Kong SAR","1980","US$","28861855877.279675"
"China, Hong Kong SAR","1981","US$","31055224236.641243"
"China, Hong Kong SAR","1982","US$","32291217616.935963"
"China, Hong Kong SAR","1983","US$","29907228556.696434"
"China, Hong Kong SAR","1984","US$","33511383985.674088"
"China, Hong Kong SAR","1985","US$","35699772165.709335"
"China, Hong Kong SAR","1986","US$","41075395130.28622"
"China, Hong Kong SAR","1987","US$","50622896162.60058"
"China, Hong Kong SAR","1988","US$","59707404560.59441"
"China, Hong Kong SAR","1989","US$","68790222117.75764"
"China, Hong Kong SAR","1990","US$","76928784620.81581"
"China, Hong Kong SAR","1991","US$","88960001715.74405"
"China, Hong Kong SAR","1992","US$","104272503148.98753"
"China, Hong Kong SAR","1993","US$","120354207288.82765"
"China, Hong Kong SAR","1994","US$","135811776884.01025"
"China, Hong Kong SAR","1995","US$","144652289130.66904"
"China, Hong Kong SAR","1996","US$","159718180108.9417"
"China, Hong Kong SAR","1997","US$","177353167213.82065"
"China, Hong Kong SAR","1998","US$","168885436391.80588"
"China, Hong Kong SAR","1999","US$","165768095391.55655"
"China, Hong Kong SAR","2000","US$","171668898538.9436"
"China, Hong Kong SAR","2001","US$","169404327616.60522"
"China, Hong Kong SAR","2002","US$","166348873240.94153"
"China, Hong Kong SAR","2003","US$","161385558801.8108"
"China, Hong Kong SAR","2004","US$","169099768875.1926"
"China, Hong Kong SAR","2005","US$","181569303960.22638"
"China, Hong Kong SAR","2006","US$","193535434591.37048"
"China, Hong Kong SAR","2007","US$","211596953544.7621"
"China, Hong Kong SAR","2008","US$","219278739753.00195"
"China, Hong Kong SAR","2009","US$","214047795659.0447"
"China, Hong Kong SAR","2010","US$","228638678536.95154"
"China, Hong Kong SAR","2011","US$","248513617677.28674"
"China, Hong Kong SAR","2012","US$","262628877166.2171"
"China, Hong Kong SAR","2013","US$","275696879834.9665"
"China, Hong Kong SAR","2014","US$","291459983449.58044"
"China, Hong Kong SAR","2015","US$","309385622601.3481"
"China, Hong Kong SAR","2016","US$","320860317562.5624"
"China, Hong Kong SAR","2017","US$","341271099990.3763"
"China, Hong Kong SAR","2018","US$","361731070995.72626"
"China, Hong Kong SAR","2019","US$","363074560517.27606"
"China, Hong Kong SAR","2020","US$","344940926230.30066"
"China, Hong Kong SAR","2021","US$","368954169748.81805"
"China, Hong Kong SAR","2022","US$","358681081541.228"
"China, Hong Kong SAR","2023","US$","380812218615.2947"
"China, Macao Special Administrative Region","1970","US$","169026521.63345763"
"China, Macao Special Administrative Region","1971","US$","202363005.0927786"
"China, Macao Special Administrative Region","1972","US$","247846255.40228882"
"China, Macao Special Administrative Region","1973","US$","338115471.26421887"
"China, Macao Special Administrative Region","1974","US$","389027905.6945315"
"China, Macao Special Administrative Region","1975","US$","450274739.6540121"
"China, Macao Special Administrative Region","1976","US$","447854453.65785676"
"China, Macao Special Administrative Region","1977","US$","572805278.3575907"
"China, Macao Special Administrative Region","1978","US$","749040981.6112585"
"China, Macao Special Administrative Region","1979","US$","852959136.8679246"
"China, Macao Special Administrative Region","1980","US$","1019411409.9969506"
"China, Macao Special Administrative Region","1981","US$","1075902762.8913224"
"China, Macao Special Administrative Region","1982","US$","1142497657.7623475"
"China, Macao Special Administrative Region","1983","US$","1133013285.7995324"
"China, Macao Special Administrative Region","1984","US$","1304361353.2702372"
"China, Macao Special Administrative Region","1985","US$","1362072216.7063768"
"China, Macao Special Administrative Region","1986","US$","1532105006.4529285"
"China, Macao Special Administrative Region","1987","US$","1957724747.8872266"
"China, Macao Special Administrative Region","1988","US$","2288761917.3962107"
"China, Macao Special Administrative Region","1989","US$","2705665379.756159"
"China, Macao Special Administrative Region","1990","US$","3246481368.1600037"
"China, Macao Special Administrative Region","1991","US$","3765249711.0909824"
"China, Macao Special Administrative Region","1992","US$","4914365394.525446"
"China, Macao Special Administrative Region","1993","US$","5665606114.80317"
"China, Macao Special Administrative Region","1994","US$","6311207515.645384"
"China, Macao Special Administrative Region","1995","US$","7046147442.139208"
"China, Macao Special Administrative Region","1996","US$","7176892950.3916445"
"China, Macao Special Administrative Region","1997","US$","7267571196.455717"
"China, Macao Special Administrative Region","1998","US$","6797792474.1919155"
"China, Macao Special Administrative Region","1999","US$","6547670439.259995"
"China, Macao Special Administrative Region","2000","US$","6774193548.387096"
"China, Macao Special Administrative Region","2001","US$","6860272608.452106"
"China, Macao Special Administrative Region","2002","US$","7371692468.558486"
"China, Macao Special Administrative Region","2003","US$","8246479394.595767"
"China, Macao Special Administrative Region","2004","US$","10643253442.623232"
"China, Macao Special Administrative Region","2005","US$","12160056754.837261"
"China, Macao Special Administrative Region","2006","US$","14874098382.086336"
"China, Macao Special Administrative Region","2007","US$","18439981803.634697"
"China, Macao Special Administrative Region","2008","US$","21027018551.148487"
"China, Macao Special Administrative Region","2009","US$","21587786004.58819"
"China, Macao Special Administrative Region","2010","US$","28241799668.008648"
"China, Macao Special Administrative Region","2011","US$","36845887225.429634"
"China, Macao Special Administrative Region","2012","US$","43189724079.766815"
"China, Macao Special Administrative Region","2013","US$","51536592939.033226"
"China, Macao Special Administrative Region","2014","US$","54902831793.50177"
"China, Macao Special Administrative Region","2015","US$","45048188247.64575"
"China, Macao Special Administrative Region","2016","US$","45070807279.6288"
"China, Macao Special Administrative Region","2017","US$","50383871120.87327"
"China, Macao Special Administrative Region","2018","US$","55190658491.08487"
"China, Macao Special Administrative Region","2019","US$","55082291569.045715"
"China, Macao Special Administrative Region","2020","US$","25343526200.19227"
"China, Macao Special Administrative Region","2021","US$","30969335672.174435"
"China, Macao Special Administrative Region","2022","US$","24999113217.53476"
"China, Macao Special Administrative Region","2023","US$","45803067467.042755"
"Colombia","1970","US$","10126381201.572294"
"Colombia","1971","US$","10990218787.274265"
"Colombia","1972","US$","12202046773.445105"
"Colombia","1973","US$","14476969243.187422"
"Colombia","1974","US$","17350634251.774616"
"Colombia","1975","US$","18389582806.272736"
"Colombia","1976","US$","21533092677.59043"
"Colombia","1977","US$","27342098995.90743"
"Colombia","1978","US$","32651590027.880806"
"Colombia","1979","US$","39242888894.35548"
"Colombia","1980","US$","46900950129.46737"
"Colombia","1981","US$","51106273792.24614"
"Colombia","1982","US$","54716483116.91875"
"Colombia","1983","US$","54386072490.42894"
"Colombia","1984","US$","53724871334.42111"
"Colombia","1985","US$","49003587956.13372"
"Colombia","1986","US$","49070248275.63808"
"Colombia","1987","US$","51076889050.211525"
"Colombia","1988","US$","55064769246.48593"
"Colombia","1989","US$","55527401334.28591"
"Colombia","1990","US$","56556955333.65986"
"Colombia","1991","US$","58458205612.89798"
"Colombia","1992","US$","69174531515.5362"
"Colombia","1993","US$","78745759932.96677"
"Colombia","1994","US$","96788995591.53459"
"Colombia","1995","US$","109571477357.31383"
"Colombia","1996","US$","115088693111.09879"
"Colombia","1997","US$","126346146423.04051"
"Colombia","1998","US$","116667739709.51086"
"Colombia","1999","US$","102206741584.03224"
"Colombia","2000","US$","99229708060.15704"
"Colombia","2001","US$","97566094071.55855"
"Colombia","2002","US$","97312912307.39204"
"Colombia","2003","US$","94033397860.6566"
"Colombia","2004","US$","116335795772.15245"
"Colombia","2005","US$","145600529626.71207"
"Colombia","2006","US$","161792958886.81244"
"Colombia","2007","US$","206229540893.22766"
"Colombia","2008","US$","242504150472.93127"
"Colombia","2009","US$","232468663073.68027"
"Colombia","2010","US$","286498534094.96326"
"Colombia","2011","US$","334966134865.3054"
"Colombia","2012","US$","370691143086.7609"
"Colombia","2013","US$","382093697077.68494"
"Colombia","2014","US$","381240864422.4066"
"Colombia","2015","US$","293492370228.84717"
"Colombia","2016","US$","282720100286.22815"
"Colombia","2017","US$","311866875135.57623"
"Colombia","2018","US$","334198218100.71594"
"Colombia","2019","US$","323031701210.7673"
"Colombia","2020","US$","270348342517.0656"
"Colombia","2021","US$","318524633253.75165"
"Colombia","2022","US$","345329875105.5567"
"Colombia","2023","US$","363540073810.2916"
"Comoros","1970","US$","37476996.25608145"
"Comoros","1971","US$","41447953.12362451"
"Comoros","1972","US$","48838558.02968822"
"Comoros","1973","US$","65179719.33489481"
"Comoros","1974","US$","73653247.54517403"
"Comoros","1975","US$","114349455.09661277"
"Comoros","1976","US$","112733559.4197755"
"Comoros","1977","US$","124710895.09974301"
"Comoros","1978","US$","161725836.49031082"
"Comoros","1979","US$","216179659.10301816"
"Comoros","1980","US$","258774570.4883052"
"Comoros","1981","US$","239427532.1460327"
"Comoros","1982","US$","224378828.371365"
"Comoros","1983","US$","233660995.1859083"
"Comoros","1984","US$","225217490.04228395"
"Comoros","1985","US$","239886039.95185244"
"Comoros","1986","US$","340451640.99460185"
"Comoros","1987","US$","411576590.2018442"
"Comoros","1988","US$","434714142.26123196"
"Comoros","1989","US$","416394646.23428744"
"Comoros","1990","US$","510762203.441331"
"Comoros","1991","US$","514318237.39442074"
"Comoros","1992","US$","554675615.6919432"
"Comoros","1993","US$","549210044.6106732"
"Comoros","1994","US$","387081141.1678997"
"Comoros","1995","US$","483213730.72917753"
"Comoros","1996","US$","480295486.65387845"
"Comoros","1997","US$","441914506.3728236"
"Comoros","1998","US$","448830272.64914703"
"Comoros","1999","US$","463780970.64432615"
"Comoros","2000","US$","422993211.3459341"
"Comoros","2001","US$","455973580.5248629"
"Comoros","2002","US$","513136500.0402833"
"Comoros","2003","US$","658805169.6112525"
"Comoros","2004","US$","763390159.2544488"
"Comoros","2005","US$","787651803.0231026"
"Comoros","2006","US$","836929339.7908273"
"Comoros","2007","US$","795673153.1834416"
"Comoros","2008","US$","915659107.7616374"
"Comoros","2009","US$","905341173.973674"
"Comoros","2010","US$","907979447.2345331"
"Comoros","2011","US$","1023087474.847207"
"Comoros","2012","US$","1015842907.0862291"
"Comoros","2013","US$","1116223107.3648424"
"Comoros","2014","US$","1149587560.8057616"
"Comoros","2015","US$","966029599.8013217"
"Comoros","2016","US$","1012835492.5158547"
"Comoros","2017","US$","1077439756.122238"
"Comoros","2018","US$","1188797449.960358"
"Comoros","2019","US$","1195019531.0367079"
"Comoros","2020","US$","1223876029.7531037"
"Comoros","2021","US$","1296089479.4582407"
"Comoros","2022","US$","1295080015.029856"
"Comoros","2023","US$","1447894600.5903137"
"Congo","1970","US$","283678162.9051651"
"Congo","1971","US$","324463522.5245446"
"Congo","1972","US$","389798511.0404587"
"Congo","1973","US$","519535709.771733"
"Congo","1974","US$","627653029.0942321"
"Congo","1975","US$","739566594.6317083"
"Congo","1976","US$","767193924.3829893"
"Congo","1977","US$","765165836.2485671"
"Congo","1978","US$","951046472.0503869"
"Congo","1979","US$","1292565315.144239"
"Congo","1980","US$","1846019115.0840254"
"Congo","1981","US$","2157427630.2498446"
"Congo","1982","US$","2338337853.48833"
"Congo","1983","US$","2269824015.027408"
"Congo","1984","US$","2373943218.690379"
"Congo","1985","US$","2338643475.848795"
"Congo","1986","US$","2001283782.6743662"
"Congo","1987","US$","2486527890.9250107"
"Congo","1988","US$","2350961391.078975"
"Congo","1989","US$","2529979138.6512346"
"Congo","1990","US$","2909079828.6066813"
"Congo","1991","US$","3035242662.5796595"
"Congo","1992","US$","3280447270.704137"
"Congo","1993","US$","3003612458.37551"
"Congo","1994","US$","2068270075.7201655"
"Congo","1995","US$","2457131401.1405783"
"Congo","1996","US$","2840360004.551159"
"Congo","1997","US$","2567865633.9492254"
"Congo","1998","US$","2239653449.514626"
"Congo","1999","US$","2643654526.5118227"
"Congo","2000","US$","3633113915.263782"
"Congo","2001","US$","3040557508.4556713"
"Congo","2002","US$","3345558668.7709365"
"Congo","2003","US$","3864143672.026864"
"Congo","2004","US$","5102969919.431293"
"Congo","2005","US$","6650001684.904499"
"Congo","2006","US$","8072305030.684838"
"Congo","2007","US$","8782703427.960846"
"Congo","2008","US$","11649857662.138828"
"Congo","2009","US$","9723302020.18046"
"Congo","2010","US$","13148396205.671043"
"Congo","2011","US$","15655383585.988747"
"Congo","2012","US$","17692911280.56269"
"Congo","2013","US$","17958720704.402954"
"Congo","2014","US$","17919321082.53527"
"Congo","2015","US$","12434793867.76992"
"Congo","2016","US$","10931328149.741014"
"Congo","2017","US$","11834473047.747198"
"Congo","2018","US$","14773900277.968193"
"Congo","2019","US$","13976637328.933512"
"Congo","2020","US$","11468688140.784138"
"Congo","2021","US$","13380230728.97466"
"Congo","2022","US$","13937493293.33621"
"Congo","2023","US$","14166665339.04058"
"Cook Islands","1970","US$","11153116.34583699"
"Cook Islands","1971","US$","11243227.469271103"
"Cook Islands","1972","US$","11630516.299200006"
"Cook Islands","1973","US$","15065320.745460603"
"Cook Islands","1974","US$","17699518.00652883"
"Cook Islands","1975","US$","17354218.085490182"
"Cook Islands","1976","US$","16396360.641788393"
"Cook Islands","1977","US$","19064840.219818093"
"Cook Islands","1978","US$","22166164.31777086"
"Cook Islands","1979","US$","25262325.87577684"
"Cook Islands","1980","US$","27840460.536097217"
"Cook Islands","1981","US$","28670527.73607007"
"Cook Islands","1982","US$","28678835.38825156"
"Cook Islands","1983","US$","28342880.704499662"
"Cook Islands","1984","US$","29449721.03029992"
"Cook Islands","1985","US$","30781655.38488857"
"Cook Islands","1986","US$","39678319.609783486"
"Cook Islands","1987","US$","50468020.57366889"
"Cook Islands","1988","US$","64256362.32509932"
"Cook Islands","1989","US$","64944198.33168721"
"Cook Islands","1990","US$","72583682.76720619"
"Cook Islands","1991","US$","79136807.55421174"
"Cook Islands","1992","US$","81792045.1178299"
"Cook Islands","1993","US$","91454465.06735085"
"Cook Islands","1994","US$","108568304.58744949"
"Cook Islands","1995","US$","115571974.98485197"
"Cook Islands","1996","US$","116540396.15836023"
"Cook Islands","1997","US$","107142124.35361654"
"Cook Islands","1998","US$","93436055.05868"
"Cook Islands","1999","US$","100046168.20445189"
"Cook Islands","2000","US$","99983700.48372446"
"Cook Islands","2001","US$","105007416.70785907"
"Cook Islands","2002","US$","121331836.18929738"
"Cook Islands","2003","US$","166696567.73274508"
"Cook Islands","2004","US$","194743340.8843331"
"Cook Islands","2005","US$","199196541.11850667"
"Cook Islands","2006","US$","204974430.15748632"
"Cook Islands","2007","US$","226660994.14074928"
"Cook Islands","2008","US$","225453683.62514538"
"Cook Islands","2009","US$","215568676.64407042"
"Cook Islands","2010","US$","240788193.32309297"
"Cook Islands","2011","US$","271970367.20271635"
"Cook Islands","2012","US$","299380939.299582"
"Cook Islands","2013","US$","289201815.5811688"
"Cook Islands","2014","US$","319453585.1560997"
"Cook Islands","2015","US$","302173329.381614"
"Cook Islands","2016","US$","309858164.66820973"
"Cook Islands","2017","US$","345609009.46775776"
"Cook Islands","2018","US$","362713701.7026953"
"Cook Islands","2019","US$","356795520.0527052"
"Cook Islands","2020","US$","283394597.0483181"
"Cook Islands","2021","US$","246988134.81397653"
"Cook Islands","2022","US$","289749646.31040627"
"Cook Islands","2023","US$","366211548.11372966"
"Costa Rica","1970","US$","1257297342.4796531"
"Costa Rica","1971","US$","1375050199.9785414"
"Costa Rica","1972","US$","1580748826.1613789"
"Costa Rica","1973","US$","1951698221.9580781"
"Costa Rica","1974","US$","2127503127.884931"
"Costa Rica","1975","US$","2503231755.1345663"
"Costa Rica","1976","US$","3079846460.5694103"
"Costa Rica","1977","US$","3922201448.6490316"
"Costa Rica","1978","US$","4497624493.5236435"
"Costa Rica","1979","US$","5151548171.3129"
"Costa Rica","1980","US$","6167736629.131129"
"Costa Rica","1981","US$","3349476043.274218"
"Costa Rica","1982","US$","3327524344.8774786"
"Costa Rica","1983","US$","4017063827.161607"
"Costa Rica","1984","US$","4672845388.788779"
"Costa Rica","1985","US$","5007754605.472183"
"Costa Rica","1986","US$","5622388507.217663"
"Costa Rica","1987","US$","5786034038.712123"
"Costa Rica","1988","US$","5889739291.262378"
"Costa Rica","1989","US$","6670865554.308293"
"Costa Rica","1990","US$","7288221038.904807"
"Costa Rica","1991","US$","7196134046.750943"
"Costa Rica","1992","US$","8564041894.617127"
"Costa Rica","1993","US$","9582868510.244635"
"Costa Rica","1994","US$","10486787030.27799"
"Costa Rica","1995","US$","11572205699.898438"
"Costa Rica","1996","US$","11679595971.980545"
"Costa Rica","1997","US$","12614737966.38399"
"Costa Rica","1998","US$","13682172331.144388"
"Costa Rica","1999","US$","14254632022.019157"
"Costa Rica","2000","US$","15013792045.321001"
"Costa Rica","2001","US$","15976133854.6542"
"Costa Rica","2002","US$","16578934637.714176"
"Costa Rica","2003","US$","17271664230.825603"
"Costa Rica","2004","US$","18610382365.06331"
"Costa Rica","2005","US$","20044554181.3166"
"Costa Rica","2006","US$","22713238215.32137"
"Costa Rica","2007","US$","26884601977.63099"
"Costa Rica","2008","US$","30801749947.523476"
"Costa Rica","2009","US$","30745714326.941643"
"Costa Rica","2010","US$","37658636237.2279"
"Costa Rica","2011","US$","42762613705.74591"
"Costa Rica","2012","US$","47231655433.44875"
"Costa Rica","2013","US$","50949668885.89351"
"Costa Rica","2014","US$","52016408923.875"
"Costa Rica","2015","US$","56441920823.796875"
"Costa Rica","2016","US$","58847019585.00249"
"Costa Rica","2017","US$","60516044623.49642"
"Costa Rica","2018","US$","62420164964.705666"
"Costa Rica","2019","US$","64417670555.761696"
"Costa Rica","2020","US$","62395610764.00044"
"Costa Rica","2021","US$","64960725732.76334"
"Costa Rica","2022","US$","69243626068.11351"
"Costa Rica","2023","US$","86497941517.57962"
"Croatia","1970","...","..."
"Croatia","1971","...","..."
"Croatia","1972","...","..."
"Croatia","1973","...","..."
"Croatia","1974","...","..."
"Croatia","1975","...","..."
"Croatia","1976","...","..."
"Croatia","1977","...","..."
"Croatia","1978","...","..."
"Croatia","1979","...","..."
"Croatia","1980","...","..."
"Croatia","1981","...","..."
"Croatia","1982","...","..."
"Croatia","1983","...","..."
"Croatia","1984","...","..."
"Croatia","1985","...","..."
"Croatia","1986","...","..."
"Croatia","1987","...","..."
"Croatia","1988","...","..."
"Croatia","1989","...","..."
"Croatia","1990","US$","16632203178.631357"
"Croatia","1991","US$","13568546378.968994"
"Croatia","1992","US$","12252224020.461586"
"Croatia","1993","US$","12988508884.823236"
"Croatia","1994","US$","17375913467.65436"
"Croatia","1995","US$","22637853722.19853"
"Croatia","1996","US$","24008259205.90564"
"Croatia","1997","US$","24032782094.431534"
"Croatia","1998","US$","25737099131.648804"
"Croatia","1999","US$","23635243108.99695"
"Croatia","2000","US$","21813766244.727764"
"Croatia","2001","US$","23263926863.753353"
"Croatia","2002","US$","27084991644.79767"
"Croatia","2003","US$","35012224615.93348"
"Croatia","2004","US$","41994485056.30715"
"Croatia","2005","US$","45822316425.79145"
"Croatia","2006","US$","50974181911.97505"
"Croatia","2007","US$","60769467025.75746"
"Croatia","2008","US$","71083056234.04555"
"Croatia","2009","US$","63712285401.613525"
"Croatia","2010","US$","60970661382.078445"
"Croatia","2011","US$","63714152001.08499"
"Croatia","2012","US$","57690112580.024895"
"Croatia","2013","US$","59519395723.06526"
"Croatia","2014","US$","58816418326.22391"
"Croatia","2015","US$","50503900671.94093"
"Croatia","2016","US$","52661492963.26975"
"Croatia","2017","US$","56573333482.54205"
"Croatia","2018","US$","62657499599.00226"
"Croatia","2019","US$","62467134461.194405"
"Croatia","2020","US$","57809321772.77617"
"Croatia","2021","US$","69120833704.66405"
"Croatia","2022","US$","71154203995.00458"
"Croatia","2023","US$","84391371762.96815"
"Cuba","1970","US$","5692936975"
"Cuba","1971","US$","6914575471"
"Cuba","1972","US$","8135053334.732425"
"Cuba","1973","US$","9987589916.767189"
"Cuba","1974","US$","11405820586.585367"
"Cuba","1975","US$","13027259031.707317"
"Cuba","1976","US$","13789414532.277712"
"Cuba","1977","US$","14205988302.40964"
"Cuba","1978","US$","17844491331.16883"
"Cuba","1979","US$","19584208368.493153"
"Cuba","1980","US$","19912651019.444447"
"Cuba","1981","US$","20150012489.156628"
"Cuba","1982","US$","20953258997.64706"
"Cuba","1983","US$","22205449736.312096"
"Cuba","1984","US$","24039095369.379627"
"Cuba","1985","US$","22921216919.616535"
"Cuba","1986","US$","24225993412.60604"
"Cuba","1987","US$","25213311971.105545"
"Cuba","1988","US$","27458670255.936676"
"Cuba","1989","US$","27024876290.932392"
"Cuba","1990","US$","28645093043.88298"
"Cuba","1991","US$","24317592011.301285"
"Cuba","1992","US$","22085593356.756756"
"Cuba","1993","US$","22366986629.72973"
"Cuba","1994","US$","28447985651.351353"
"Cuba","1995","US$","30428143931.489338"
"Cuba","1996","US$","25017000000"
"Cuba","1997","US$","25364500000"
"Cuba","1998","US$","25736700000"
"Cuba","1999","US$","28364900000"
"Cuba","2000","US$","30565800000"
"Cuba","2001","US$","31682300000"
"Cuba","2002","US$","33590500000"
"Cuba","2003","US$","35901100000"
"Cuba","2004","US$","38203400000"
"Cuba","2005","US$","42643600000"
"Cuba","2006","US$","52742700000"
"Cuba","2007","US$","58603800000"
"Cuba","2008","US$","60806300000"
"Cuba","2009","US$","62080000000"
"Cuba","2010","US$","64328000000"
"Cuba","2011","US$","69511335012.59445"
"Cuba","2012","US$","73141000000"
"Cuba","2013","US$","77148000000"
"Cuba","2014","US$","80656000000"
"Cuba","2015","US$","87205671392.82733"
"Cuba","2016","US$","91370000000"
"Cuba","2017","US$","96851000000"
"Cuba","2018","US$","100050000000"
"Cuba","2019","US$","103428000000"
"Cuba","2020","US$","107352000000"
"Cuba","2021","US$","126693606820"
"Cuba","2022","US$","147113403579"
"Cuba","2023","US$","201985998168"
"Curaçao","1970","...","..."
"Curaçao","1971","...","..."
"Curaçao","1972","...","..."
"Curaçao","1973","...","..."
"Curaçao","1974","...","..."
"Curaçao","1975","...","..."
"Curaçao","1976","...","..."
"Curaçao","1977","...","..."
"Curaçao","1978","...","..."
"Curaçao","1979","...","..."
"Curaçao","1980","...","..."
"Curaçao","1981","...","..."
"Curaçao","1982","...","..."
"Curaçao","1983","...","..."
"Curaçao","1984","...","..."
"Curaçao","1985","...","..."
"Curaçao","1986","...","..."
"Curaçao","1987","...","..."
"Curaçao","1988","...","..."
"Curaçao","1989","...","..."
"Curaçao","1990","...","..."
"Curaçao","1991","...","..."
"Curaçao","1992","...","..."
"Curaçao","1993","...","..."
"Curaçao","1994","...","..."
"Curaçao","1995","...","..."
"Curaçao","1996","...","..."
"Curaçao","1997","...","..."
"Curaçao","1998","...","..."
"Curaçao","1999","...","..."
"Curaçao","2000","...","..."
"Curaçao","2001","...","..."
"Curaçao","2002","...","..."
"Curaçao","2003","...","..."
"Curaçao","2004","...","..."
"Curaçao","2005","US$","2344637262.0111732"
"Curaçao","2006","US$","2457157530.726257"
"Curaçao","2007","US$","2592936179.329609"
"Curaçao","2008","US$","2832009221.787709"
"Curaçao","2009","US$","2867172837.4301677"
"Curaçao","2010","US$","2948796624.0223465"
"Curaçao","2011","US$","2930092237.4301677"
"Curaçao","2012","US$","3012836256.424581"
"Curaçao","2013","US$","3033568606.1452513"
"Curaçao","2014","US$","3059406995.5307264"
"Curaçao","2015","US$","3058779211.7318435"
"Curaçao","2016","US$","3024690188.2681565"
"Curaçao","2017","US$","3033433248.0446925"
"Curaçao","2018","US$","3046364819.5530725"
"Curaçao","2019","US$","3026124115.642458"
"Curaçao","2020","US$","2534327592.73743"
"Curaçao","2021","US$","2739594359.7765365"
"Curaçao","2022","US$","3075180834.6368713"
"Curaçao","2023","US$","3281419347.4860334"
"Cyprus","1970","US$","616073732.0496898"
"Cyprus","1971","US$","721234556.0019169"
"Cyprus","1972","US$","877439595.0383888"
"Cyprus","1973","US$","1067917208.8000835"
"Cyprus","1974","US$","946160269.6167381"
"Cyprus","1975","US$","789183202.0384805"
"Cyprus","1976","US$","912338783.454053"
"Cyprus","1977","US$","1162791344.6513715"
"Cyprus","1978","US$","1521276896.402262"
"Cyprus","1979","US$","1992982637.8425562"
"Cyprus","1980","US$","2415750837.804866"
"Cyprus","1981","US$","2331450489.7542825"
"Cyprus","1982","US$","2418151586.6911817"
"Cyprus","1983","US$","2420915903.7085705"
"Cyprus","1984","US$","2549455364.7549"
"Cyprus","1985","US$","2711449628.4926524"
"Cyprus","1986","US$","3464825993.5508795"
"Cyprus","1987","US$","4151750014.222422"
"Cyprus","1988","US$","4789093143.885867"
"Cyprus","1989","US$","5116228424.18795"
"Cyprus","1990","US$","6258466317.07985"
"Cyprus","1991","US$","6460308315.905716"
"Cyprus","1992","US$","7742005287.866678"
"Cyprus","1993","US$","7384980173.234355"
"Cyprus","1994","US$","8315502848.208845"
"Cyprus","1995","US$","9826576336.672281"
"Cyprus","1996","US$","9902978723.760149"
"Cyprus","1997","US$","9582986131.211689"
"Cyprus","1998","US$","10344755038.786394"
"Cyprus","1999","US$","10606767553.231411"
"Cyprus","2000","US$","10159959568.501389"
"Cyprus","2001","US$","10559479866.307796"
"Cyprus","2002","US$","11580596951.275938"
"Cyprus","2003","US$","14558576358.566736"
"Cyprus","2004","US$","17408321379.117622"
"Cyprus","2005","US$","18967185228.027496"
"Cyprus","2006","US$","20741879520.975727"
"Cyprus","2007","US$","24160879868.583164"
"Cyprus","2008","US$","27958473158.749992"
"Cyprus","2009","US$","26048259119.726543"
"Cyprus","2010","US$","25799904621.66733"
"Cyprus","2011","US$","27641586607.976902"
"Cyprus","2012","US$","25047469073.67188"
"Cyprus","2013","US$","23959647862.863003"
"Cyprus","2014","US$","23225913511.99955"
"Cyprus","2015","US$","19909321211.953114"
"Cyprus","2016","US$","21046434406.926704"
"Cyprus","2017","US$","22946535928.94142"
"Cyprus","2018","US$","25754019758.90148"
"Cyprus","2019","US$","26196711056.470078"
"Cyprus","2020","US$","25555038863.190296"
"Cyprus","2021","US$","30372889436.821217"
"Cyprus","2022","US$","30976162824.70829"
"Cyprus","2023","US$","33886958784.314323"
"Czechia","1970","...","..."
"Czechia","1971","...","..."
"Czechia","1972","...","..."
"Czechia","1973","...","..."
"Czechia","1974","...","..."
"Czechia","1975","...","..."
"Czechia","1976","...","..."
"Czechia","1977","...","..."
"Czechia","1978","...","..."
"Czechia","1979","...","..."
"Czechia","1980","...","..."
"Czechia","1981","...","..."
"Czechia","1982","...","..."
"Czechia","1983","...","..."
"Czechia","1984","...","..."
"Czechia","1985","...","..."
"Czechia","1986","...","..."
"Czechia","1987","...","..."
"Czechia","1988","...","..."
"Czechia","1989","...","..."
"Czechia","1990","US$","41016120263.83515"
"Czechia","1991","US$","30070504215.0793"
"Czechia","1992","US$","35161970137.523964"
"Czechia","1993","US$","41155889318.934166"
"Czechia","1994","US$","48188338832.90251"
"Czechia","1995","US$","60570859812.61453"
"Czechia","1996","US$","67804813055.85138"
"Czechia","1997","US$","62540126872.79327"
"Czechia","1998","US$","67187286704.83815"
"Czechia","1999","US$","65586467742.285416"
"Czechia","2000","US$","62170943972.22678"
"Czechia","2001","US$","68135970256.07384"
"Czechia","2002","US$","82608075675.99661"
"Czechia","2003","US$","100435924704.88142"
"Czechia","2004","US$","120148133736.70949"
"Czechia","2005","US$","137264090104.31685"
"Czechia","2006","US$","156236373627.5897"
"Czechia","2007","US$","190041014438.0017"
"Czechia","2008","US$","236506726544.95706"
"Czechia","2009","US$","206971882704.71594"
"Czechia","2010","US$","211168667286.26968"
"Czechia","2011","US$","231429378717.31192"
"Czechia","2012","US$","210363223087.72824"
"Czechia","2013","US$","213024360541.11862"
"Czechia","2014","US$","210911285077.68277"
"Czechia","2015","US$","189107698561.9188"
"Czechia","2016","US$","198160659303.93896"
"Czechia","2017","US$","221563575696.2173"
"Czechia","2018","US$","251992360762.23602"
"Czechia","2019","US$","256794209028.76953"
"Czechia","2020","US$","251109660602.53552"
"Czechia","2021","US$","290972714482.31274"
"Czechia","2022","US$","301831228325.55554"
"Czechia","2023","US$","343207874553.7345"
"Côte d'Ivoire","1970","US$","1500930866.6410234"
"Côte d'Ivoire","1971","US$","1597118895.608692"
"Côte d'Ivoire","1972","US$","1872163797.0818384"
"Côte d'Ivoire","1973","US$","2540248890.700049"
"Côte d'Ivoire","1974","US$","3070235435.2013173"
"Côte d'Ivoire","1975","US$","3894049302.0778327"
"Côte d'Ivoire","1976","US$","4661873596.105663"
"Côte d'Ivoire","1977","US$","6265332805.945595"
"Côte d'Ivoire","1978","US$","7901447798.215393"
"Côte d'Ivoire","1979","US$","9141834187.786707"
"Côte d'Ivoire","1980","US$","10175551514.107212"
"Côte d'Ivoire","1981","US$","8432593939.693502"
"Côte d'Ivoire","1982","US$","7566940615.331884"
"Côte d'Ivoire","1983","US$","6838481401.243489"
"Côte d'Ivoire","1984","US$","6841410679.955902"
"Côte d'Ivoire","1985","US$","6977650641.573821"
"Côte d'Ivoire","1986","US$","9158665698.290403"
"Côte d'Ivoire","1987","US$","10087624533.18422"
"Côte d'Ivoire","1988","US$","10253544614.453497"
"Côte d'Ivoire","1989","US$","10714454782.169743"
"Côte d'Ivoire","1990","US$","11892834267.43526"
"Côte d'Ivoire","1991","US$","11531089450.221561"
"Côte d'Ivoire","1992","US$","12032862336.37909"
"Côte d'Ivoire","1993","US$","11152603587.578913"
"Côte d'Ivoire","1994","US$","8314050720.605851"
"Côte d'Ivoire","1995","US$","11104913313.091251"
"Côte d'Ivoire","1996","US$","12139146708.172"
"Côte d'Ivoire","1997","US$","11722143261.369282"
"Côte d'Ivoire","1998","US$","12640877308.097435"
"Côte d'Ivoire","1999","US$","12565938084.167809"
"Côte d'Ivoire","2000","US$","10708130922.139893"
"Côte d'Ivoire","2001","US$","11202356418.51596"
"Côte d'Ivoire","2002","US$","12405270176.933813"
"Côte d'Ivoire","2003","US$","15340988937.850883"
"Côte d'Ivoire","2004","US$","16584239073.362404"
"Côte d'Ivoire","2005","US$","17091725116.911037"
"Côte d'Ivoire","2006","US$","17816714105.22334"
"Côte d'Ivoire","2007","US$","20368776004.82185"
"Côte d'Ivoire","2008","US$","24322957381.68624"
"Côte d'Ivoire","2009","US$","24375207968.150455"
"Côte d'Ivoire","2010","US$","26289648144.807713"
"Côte d'Ivoire","2011","US$","28632213290.47537"
"Côte d'Ivoire","2012","US$","31492029105.03427"
"Côte d'Ivoire","2013","US$","38814890811.54758"
"Côte d'Ivoire","2014","US$","46314495438.7368"
"Côte d'Ivoire","2015","US$","45815005170.61272"
"Côte d'Ivoire","2016","US$","48407761031.67576"
"Côte d'Ivoire","2017","US$","52512344033.96248"
"Côte d'Ivoire","2018","US$","58522477744.7313"
"Côte d'Ivoire","2019","US$","60382990256.42104"
"Côte d'Ivoire","2020","US$","63027852858.97298"
"Côte d'Ivoire","2021","US$","72794636649.4337"
"Côte d'Ivoire","2022","US$","70173140111.4219"
"Côte d'Ivoire","2023","US$","78788828907.02611"
"Democratic People's Republic of Korea","1970","US$","4927332597.276265"
"Democratic People's Republic of Korea","1971","US$","5439775187.1595335"
"Democratic People's Republic of Korea","1972","US$","6005511806.614786"
"Democratic People's Republic of Korea","1973","US$","6630085034.630351"
"Democratic People's Republic of Korea","1974","US$","7319613878.210117"
"Democratic People's Republic of Korea","1975","US$","8080853721.400779"
"Democratic People's Republic of Korea","1976","US$","8412168724.124515"
"Democratic People's Republic of Korea","1977","US$","8757067641.634241"
"Democratic People's Republic of Korea","1978","US$","9116107415.175098"
"Democratic People's Republic of Korea","1979","US$","9489867819.066149"
"Democratic People's Republic of Korea","1980","US$","9878952399.610895"
"Democratic People's Republic of Korea","1981","US$","10244473638.521402"
"Democratic People's Republic of Korea","1982","US$","12868200912.792778"
"Democratic People's Republic of Korea","1983","US$","12855131498.575695"
"Democratic People's Republic of Korea","1984","US$","12251319041.579027"
"Democratic People's Republic of Korea","1985","US$","12074736048.514145"
"Democratic People's Republic of Korea","1986","US$","13653901719.041553"
"Democratic People's Republic of Korea","1987","US$","14391200030.22744"
"Democratic People's Republic of Korea","1988","US$","14192727272.727272"
"Democratic People's Republic of Korea","1989","US$","15771363636.363636"
"Democratic People's Republic of Korea","1990","US$","14702304147.465439"
"Democratic People's Republic of Korea","1991","US$","13687441860.465117"
"Democratic People's Republic of Korea","1992","US$","12457619047.619047"
"Democratic People's Republic of Korea","1993","US$","10744075829.383886"
"Democratic People's Republic of Korea","1994","US$","8307075471.6981125"
"Democratic People's Republic of Korea","1995","US$","4849295774.647887"
"Democratic People's Republic of Korea","1996","US$","10587906976.744186"
"Democratic People's Republic of Korea","1997","US$","10322790697.67442"
"Democratic People's Republic of Korea","1998","US$","10273488372.093023"
"Democratic People's Republic of Korea","1999","US$","10280000000"
"Democratic People's Republic of Korea","2000","US$","10607906976.744186"
"Democratic People's Republic of Korea","2001","US$","11021860465.11628"
"Democratic People's Republic of Korea","2002","US$","10910000000"
"Democratic People's Republic of Korea","2003","US$","11051000000"
"Democratic People's Republic of Korea","2004","US$","11168000000"
"Democratic People's Republic of Korea","2005","US$","13031196789.644083"
"Democratic People's Republic of Korea","2006","US$","13764393534.737185"
"Democratic People's Republic of Korea","2007","US$","14374670965.392775"
"Democratic People's Republic of Korea","2008","US$","13336798314.546762"
"Democratic People's Republic of Korea","2009","US$","12035152491.94964"
"Democratic People's Republic of Korea","2010","US$","13945167272.715715"
"Democratic People's Republic of Korea","2011","US$","15689234225.127296"
"Democratic People's Republic of Korea","2012","US$","15907396534.426723"
"Democratic People's Republic of Korea","2013","US$","16565034100.769142"
"Democratic People's Republic of Korea","2014","US$","17395832618.271114"
"Democratic People's Republic of Korea","2015","US$","16282601357.203905"
"Democratic People's Republic of Korea","2016","US$","16786184835.500507"
"Democratic People's Republic of Korea","2017","US$","17364724930.682907"
"Democratic People's Republic of Korea","2018","US$","17487261056.77143"
"Democratic People's Republic of Korea","2019","US$","16331452312.852226"
"Democratic People's Republic of Korea","2020","US$","15847371619.830744"
"Democratic People's Republic of Korea","2021","US$","16750452730.770489"
"Democratic People's Republic of Korea","2022","US$","15176134612.575663"
"Democratic People's Republic of Korea","2023","US$","16446632290.336363"
"Democratic Republic of the Congo","1970","US$","4772455089.820359"
"Democratic Republic of the Congo","1971","US$","5335329341.317365"
"Democratic Republic of the Congo","1972","US$","5886227544.91018"
"Democratic Republic of the Congo","1973","US$","7502994011.9760475"
"Democratic Republic of the Congo","1974","US$","9149700598.802395"
"Democratic Republic of the Congo","1975","US$","9760479041.916166"
"Democratic Republic of the Congo","1976","US$","9197854212.6854"
"Democratic Republic of the Congo","1977","US$","11768826619.964973"
"Democratic Republic of the Congo","1978","US$","16704545454.545435"
"Democratic Republic of the Congo","1979","US$","16370895414.436579"
"Democratic Republic of the Congo","1980","US$","15638474591.408419"
"Democratic Republic of the Congo","1981","US$","13824301197.946407"
"Democratic Republic of the Congo","1982","US$","13786823222.43966"
"Democratic Republic of the Congo","1983","US$","11690839250.378302"
"Democratic Republic of the Congo","1984","US$","7033560577.222529"
"Democratic Republic of the Congo","1985","US$","7524209196.335906"
"Democratic Republic of the Congo","1986","US$","8693504216.87001"
"Democratic Republic of the Congo","1987","US$","7411951574.366982"
"Democratic Republic of the Congo","1988","US$","8483903565.757181"
"Democratic Republic of the Congo","1989","US$","14159756137.533224"
"Democratic Republic of the Congo","1990","US$","15032894897.097769"
"Democratic Republic of the Congo","1991","US$","14187893950.08084"
"Democratic Republic of the Congo","1992","US$","13009429450.654402"
"Democratic Republic of the Congo","1993","US$","16975069432.541586"
"Democratic Republic of the Congo","1994","US$","9205583250.694525"
"Democratic Republic of the Congo","1995","US$","8946579640.746405"
"Democratic Republic of the Congo","1996","US$","9155409421.565752"
"Democratic Republic of the Congo","1997","US$","9419104878.641523"
"Democratic Republic of the Congo","1998","US$","9853196859.98874"
"Democratic Republic of the Congo","1999","US$","8765555124.446678"
"Democratic Republic of the Congo","2000","US$","8344665465.899673"
"Democratic Republic of the Congo","2001","US$","8353337214.066576"
"Democratic Republic of the Congo","2002","US$","8733134192.90817"
"Democratic Republic of the Congo","2003","US$","8942485429.767666"
"Democratic Republic of the Congo","2004","US$","10297495081.835884"
"Democratic Republic of the Congo","2005","US$","11964558311.51901"
"Democratic Republic of the Congo","2006","US$","14451859957.579762"
"Democratic Republic of the Congo","2007","US$","16737110427.067163"
"Democratic Republic of the Congo","2008","US$","19788571874.457893"
"Democratic Republic of the Congo","2009","US$","18648387485.16841"
"Democratic Republic of the Congo","2010","US$","21565746507.33517"
"Democratic Republic of the Congo","2011","US$","25839722463.931957"
"Democratic Republic of the Congo","2012","US$","29306282120.305904"
"Democratic Republic of the Congo","2013","US$","32679767442.055214"
"Democratic Republic of the Congo","2014","US$","35909053414.56404"
"Democratic Republic of the Congo","2015","US$","37917678437.72589"
"Democratic Republic of the Congo","2016","US$","40337512404.90446"
"Democratic Republic of the Congo","2017","US$","37642464496.70491"
"Democratic Republic of the Congo","2018","US$","47146004309.63607"
"Democratic Republic of the Congo","2019","US$","47319630272.204865"
"Democratic Republic of the Congo","2020","US$","45307652692.66116"
"Democratic Republic of the Congo","2021","US$","52849829468.2472"
"Democratic Republic of the Congo","2022","US$","62133098769.46652"
"Democratic Republic of the Congo","2023","US$","69338271077.48169"
"Denmark","1970","US$","17075457718.534605"
"Denmark","1971","US$","19086095138.299236"
"Denmark","1972","US$","23230695409.949066"
"Denmark","1973","US$","30718181342.378407"
"Denmark","1974","US$","34125712486.525738"
"Denmark","1975","US$","40419319377.39518"
"Denmark","1976","US$","44503423400.97906"
"Denmark","1977","US$","49711778603.8335"
"Denmark","1978","US$","60319815773.56934"
"Denmark","1979","US$","70393588127.0796"
"Denmark","1980","US$","70810764318.44022"
"Denmark","1981","US$","61460229066.98518"
"Denmark","1982","US$","60083914422.44822"
"Denmark","1983","US$","60331213429.78847"
"Denmark","1984","US$","58868938705.65802"
"Denmark","1985","US$","62452470126.916885"
"Denmark","1986","US$","87748785594.75859"
"Denmark","1987","US$","109183180310.853"
"Denmark","1988","US$","115539760604.0236"
"Denmark","1989","US$","112312584856.0397"
"Denmark","1990","US$","138218671284.50763"
"Denmark","1991","US$","139181414402.50146"
"Denmark","1992","US$","152965649532.81357"
"Denmark","1993","US$","143110441530.72064"
"Denmark","1994","US$","156019104789.39056"
"Denmark","1995","US$","184849580831.91022"
"Denmark","1996","US$","187482073911.75497"
"Denmark","1997","US$","173242436833.39694"
"Denmark","1998","US$","176876373611.614"
"Denmark","1999","US$","177886700572.22803"
"Denmark","2000","US$","164042920880.72568"
"Denmark","2001","US$","164881247726.5061"
"Denmark","2002","US$","178787888731.88034"
"Denmark","2003","US$","218422077597.4523"
"Denmark","2004","US$","251987978247.57666"
"Denmark","2005","US$","265149645567.46725"
"Denmark","2006","US$","283387184041.107"
"Denmark","2007","US$","320213108576.1052"
"Denmark","2008","US$","354977325055.5721"
"Denmark","2009","US$","322621158208.2497"
"Denmark","2010","US$","322345594075.47015"
"Denmark","2011","US$","344315595263.17456"
"Denmark","2012","US$","326792574244.9627"
"Denmark","2013","US$","344631016965.12024"
"Denmark","2014","US$","352832602064.45154"
"Denmark","2015","US$","301758922337.6373"
"Denmark","2016","US$","312181849372.233"
"Denmark","2017","US$","331610593961.98785"
"Denmark","2018","US$","355293374912.39276"
"Denmark","2019","US$","345401473012.6152"
"Denmark","2020","US$","355631021931.62103"
"Denmark","2021","US$","408378204639.99896"
"Denmark","2022","US$","401945576107.9633"
"Denmark","2023","US$","407091920305.4043"
"Djibouti","1970","US$","71364603.08580248"
"Djibouti","1971","US$","80653479.28281061"
"Djibouti","1972","US$","96978720.38779831"
"Djibouti","1973","US$","121149923.95723158"
"Djibouti","1974","US$","152486200.2802145"
"Djibouti","1975","US$","169366591.45514598"
"Djibouti","1976","US$","202153937.91392127"
"Djibouti","1977","US$","217757046.15661627"
"Djibouti","1978","US$","238761879.57528934"
"Djibouti","1979","US$","264009317.97592854"
"Djibouti","1980","US$","301185566.140186"
"Djibouti","1981","US$","319703355.2590859"
"Djibouti","1982","US$","334136089.7136523"
"Djibouti","1983","US$","337590943.10745496"
"Djibouti","1984","US$","341254959.11006576"
"Djibouti","1985","US$","355409384.2595979"
"Djibouti","1986","US$","384291830.8584804"
"Djibouti","1987","US$","398675950.8217937"
"Djibouti","1988","US$","425889691.4095689"
"Djibouti","1989","US$","437880979.20898485"
"Djibouti","1990","US$","456913926.88539904"
"Djibouti","1991","US$","466273541.1121927"
"Djibouti","1992","US$","481591370.74403137"
"Djibouti","1993","US$","482163616.00486153"
"Djibouti","1994","US$","510877161.39342004"
"Djibouti","1995","US$","509631388.52471006"
"Djibouti","1996","US$","496470872.88502765"
"Djibouti","1997","US$","491155237.7040417"
"Djibouti","1998","US$","497751531.8954991"
"Djibouti","1999","US$","525072790.666269"
"Djibouti","2000","US$","546369651.7519033"
"Djibouti","2001","US$","569561409.681467"
"Djibouti","2002","US$","590022699.6865873"
"Djibouti","2003","US$","623231067.4540431"
"Djibouti","2004","US$","663912773.3413609"
"Djibouti","2005","US$","708633194.7265658"
"Djibouti","2006","US$","768642985.3534472"
"Djibouti","2007","US$","847918929.1079838"
"Djibouti","2008","US$","976204275.2404048"
"Djibouti","2009","US$","1093910616.5900483"
"Djibouti","2010","US$","1243651704.272427"
"Djibouti","2011","US$","1453794454.6902165"
"Djibouti","2012","US$","1705189897.659815"
"Djibouti","2013","US$","2042817163.0026839"
"Djibouti","2014","US$","2216198316.3722916"
"Djibouti","2015","US$","2424389914.5289526"
"Djibouti","2016","US$","2604953832.1301365"
"Djibouti","2017","US$","2762582924.9216466"
"Djibouti","2018","US$","2913465488.0402427"
"Djibouti","2019","US$","3088852752.347781"
"Djibouti","2020","US$","3181070329.336432"
"Djibouti","2021","US$","3385643789.9854264"
"Djibouti","2022","US$","3674861158.782586"
"Djibouti","2023","US$","3999527349.047102"
"Dominica","1970","US$","23044577.98847771"
"Dominica","1971","US$","25752039.179405052"
"Dominica","1972","US$","27682790.758071914"
"Dominica","1973","US$","31800422.768299527"
"Dominica","1974","US$","40084998.97944861"
"Dominica","1975","US$","42238052.37078214"
"Dominica","1976","US$","41189845.25608356"
"Dominica","1977","US$","45874074.074074075"
"Dominica","1978","US$","57129629.62962963"
"Dominica","1979","US$","55018518.518518515"
"Dominica","1980","US$","72803703.7037037"
"Dominica","1981","US$","82107407.4074074"
"Dominica","1982","US$","89525925.92592593"
"Dominica","1983","US$","98666666.66666666"
"Dominica","1984","US$","109155555.55555555"
"Dominica","1985","US$","119492592.59259258"
"Dominica","1986","US$","135162962.96296296"
"Dominica","1987","US$","151870370.37037036"
"Dominica","1988","US$","171107407.4074074"
"Dominica","1989","US$","185137037.03703701"
"Dominica","1990","US$","201429629.6296296"
"Dominica","1991","US$","219762962.96296296"
"Dominica","1992","US$","234059259.25925925"
"Dominica","1993","US$","245525925.9259259"
"Dominica","1994","US$","264374074.07407406"
"Dominica","1995","US$","274522222.2222222"
"Dominica","1996","US$","292285185.1851852"
"Dominica","1997","US$","302988888.8888889"
"Dominica","1998","US$","322411111.1111111"
"Dominica","1999","US$","331759259.2592592"
"Dominica","2000","US$","333470370.3703703"
"Dominica","2001","US$","340203703.7037037"
"Dominica","2002","US$","333196296.2962963"
"Dominica","2003","US$","343311111.1111111"
"Dominica","2004","US$","367200000"
"Dominica","2005","US$","364255555.5555555"
"Dominica","2006","US$","390251851.8518518"
"Dominica","2007","US$","421374074.07407403"
"Dominica","2008","US$","458188888.88888884"
"Dominica","2009","US$","489074074.07407403"
"Dominica","2010","US$","493825925.9259259"
"Dominica","2011","US$","501025925.9259259"
"Dominica","2012","US$","485996296.29629624"
"Dominica","2013","US$","498296296.29629624"
"Dominica","2014","US$","520207407.40740734"
"Dominica","2015","US$","540737037.037037"
"Dominica","2016","US$","576229629.6296296"
"Dominica","2017","US$","520699999.99999994"
"Dominica","2018","US$","554770370.3703704"
"Dominica","2019","US$","611537037.037037"
"Dominica","2020","US$","506614814.8148148"
"Dominica","2021","US$","555266666.6666666"
"Dominica","2022","US$","607440740.7407407"
"Dominica","2023","US$","650870370.3703703"
"Dominican Republic","1970","US$","1859112944"
"Dominican Republic","1971","US$","2085635626.1738024"
"Dominican Republic","1972","US$","2487244070"
"Dominican Republic","1973","US$","2934532502.2445436"
"Dominican Republic","1974","US$","3661532644.8307667"
"Dominican Republic","1975","US$","4504297142.504297"
"Dominican Republic","1976","US$","4945328042.945328"
"Dominican Republic","1977","US$","5740785591.740786"
"Dominican Republic","1978","US$","5925132502.925133"
"Dominican Republic","1979","US$","6881784091.8817835"
"Dominican Republic","1980","US$","8298364330.298364"
"Dominican Republic","1981","US$","9094572783.094572"
"Dominican Republic","1982","US$","9967498585.967499"
"Dominican Republic","1983","US$","10791991085.79199"
"Dominican Republic","1984","US$","12959725534.39989"
"Dominican Republic","1985","US$","5617973067.068622"
"Dominican Republic","1986","US$","6799933519.304486"
"Dominican Republic","1987","US$","6359192054.290371"
"Dominican Republic","1988","US$","5805070319.808259"
"Dominican Republic","1989","US$","8368314851.577288"
"Dominican Republic","1990","US$","9522418428.090508"
"Dominican Republic","1991","US$","9958577056.654306"
"Dominican Republic","1992","US$","11694294081.6"
"Dominican Republic","1993","US$","13166931861.28"
"Dominican Republic","1994","US$","14704610008.738966"
"Dominican Republic","1995","US$","16637370835.508936"
"Dominican Republic","1996","US$","18241622252.534874"
"Dominican Republic","1997","US$","20017449969.084473"
"Dominican Republic","1998","US$","21672215772.953804"
"Dominican Republic","1999","US$","22136579525.85745"
"Dominican Republic","2000","US$","24305781111.90571"
"Dominican Republic","2001","US$","25601824421.61479"
"Dominican Republic","2002","US$","27137441264.80082"
"Dominican Republic","2003","US$","21403168128.768227"
"Dominican Republic","2004","US$","22322387610.969006"
"Dominican Republic","2005","US$","35777560473.324615"
"Dominican Republic","2006","US$","37879829855.24691"
"Dominican Republic","2007","US$","43965459069.73897"
"Dominican Republic","2008","US$","48122601589.42415"
"Dominican Republic","2009","US$","48261079522.90391"
"Dominican Republic","2010","US$","53860187452.90131"
"Dominican Republic","2011","US$","58029773801.12158"
"Dominican Republic","2012","US$","60681535893.38747"
"Dominican Republic","2013","US$","62682158700.59956"
"Dominican Republic","2014","US$","67179956264.249466"
"Dominican Republic","2015","US$","71164826720.54604"
"Dominican Republic","2016","US$","75704647977.3242"
"Dominican Republic","2017","US$","79998045976.4183"
"Dominican Republic","2018","US$","85555390386.97087"
"Dominican Republic","2019","US$","88941371980.96696"
"Dominican Republic","2020","US$","78844655832.37018"
"Dominican Republic","2021","US$","94243426487.08644"
"Dominican Republic","2022","US$","113537385334.7033"
"Dominican Republic","2023","US$","121444279313.85956"
"Eastern Africa","1970","US$","19746356525.312824"
"Eastern Africa","1971","US$","21697057141.647903"
"Eastern Africa","1972","US$","24732110366.491516"
"Eastern Africa","1973","US$","29376111545.190533"
"Eastern Africa","1974","US$","34254256798.78816"
"Eastern Africa","1975","US$","37024224870.70189"
"Eastern Africa","1976","US$","38177640046.16818"
"Eastern Africa","1977","US$","42040861338.43291"
"Eastern Africa","1978","US$","46698688437.31296"
"Eastern Africa","1979","US$","52396920361.29613"
"Eastern Africa","1980","US$","59348622840.068565"
"Eastern Africa","1981","US$","61816396243.94116"
"Eastern Africa","1982","US$","63800722675.47669"
"Eastern Africa","1983","US$","62684391991.43046"
"Eastern Africa","1984","US$","61020809366.89491"
"Eastern Africa","1985","US$","66445754019.9286"
"Eastern Africa","1986","US$","70274032124.40782"
"Eastern Africa","1987","US$","64340477481.108444"
"Eastern Africa","1988","US$","69809944752.57603"
"Eastern Africa","1989","US$","71729074984.98016"
"Eastern Africa","1990","US$","73485107657.9185"
"Eastern Africa","1991","US$","72009826597.75835"
"Eastern Africa","1992","US$","66089041431.26488"
"Eastern Africa","1993","US$","59842701919.4824"
"Eastern Africa","1994","US$","63443879560.25178"
"Eastern Africa","1995","US$","71188285648.95306"
"Eastern Africa","1996","US$","79430486721.18385"
"Eastern Africa","1997","US$","85747132691.07355"
"Eastern Africa","1998","US$","83894656595.40382"
"Eastern Africa","1999","US$","82112625502.17003"
"Eastern Africa","2000","US$","82708277715.5446"
"Eastern Africa","2001","US$","83247244415.2457"
"Eastern Africa","2002","US$","84564624036.29063"
"Eastern Africa","2003","US$","92970138228.61375"
"Eastern Africa","2004","US$","102794676879.77383"
"Eastern Africa","2005","US$","117407340082.33705"
"Eastern Africa","2006","US$","134829783851.3773"
"Eastern Africa","2007","US$","158956068976.93115"
"Eastern Africa","2008","US$","205816928058.30637"
"Eastern Africa","2009","US$","213542564056.56256"
"Eastern Africa","2010","US$","236263785987.93726"
"Eastern Africa","2011","US$","260481273333.57635"
"Eastern Africa","2012","US$","287648223208.13916"
"Eastern Africa","2013","US$","306627363248.2055"
"Eastern Africa","2014","US$","348762049560.8334"
"Eastern Africa","2015","US$","332398860060.70074"
"Eastern Africa","2016","US$","342924888996.44885"
"Eastern Africa","2017","US$","373984288997.06024"
"Eastern Africa","2018","US$","398775629475.19214"
"Eastern Africa","2019","US$","427131063703.49554"
"Eastern Africa","2020","US$","425104066991.28796"
"Eastern Africa","2021","US$","459385215120.8859"
"Eastern Africa","2022","US$","513796371246.9046"
"Eastern Africa","2023","US$","564958089443.2146"
"Eastern Asia","1970","US$","333807173720.6471"
"Eastern Asia","1971","US$","372222855988.21295"
"Eastern Asia","1972","US$","469873229725.3465"
"Eastern Asia","1973","US$","620282312837.0426"
"Eastern Asia","1974","US$","686235665475.4264"
"Eastern Asia","1975","US$","753197370664.8103"
"Eastern Asia","1976","US$","824318374643.8528"
"Eastern Asia","1977","US$","998829347411.473"
"Eastern Asia","1978","US$","1362943342202.7683"
"Eastern Asia","1979","US$","1477021630028.543"
"Eastern Asia","1980","US$","1584810192535.4126"
"Eastern Asia","1981","US$","1701240027788.5188"
"Eastern Asia","1982","US$","1619348600859.7048"
"Eastern Asia","1983","US$","1764312242918.5576"
"Eastern Asia","1984","US$","1868572889203.586"
"Eastern Asia","1985","US$","1954615728801.6333"
"Eastern Asia","1986","US$","2676405474629.999"
"Eastern Asia","1987","US$","3233558081978.2104"
"Eastern Asia","1988","US$","3943308640772.64"
"Eastern Asia","1989","US$","4061679172450.557"
"Eastern Asia","1990","US$","4135782217713.3447"
"Eastern Asia","1991","US$","4697505568437.061"
"Eastern Asia","1992","US$","5186839075004.282"
"Eastern Asia","1993","US$","5935081456234.699"
"Eastern Asia","1994","US$","6450368807962.343"
"Eastern Asia","1995","US$","7303678542206.176"
"Eastern Asia","1996","US$","6889955485308.031"
"Eastern Asia","1997","US$","6543818093797.399"
"Eastern Asia","1998","US$","5991500905170.391"
"Eastern Asia","1999","US$","6733100880995.476"
"Eastern Asia","2000","US$","7298541445302.91"
"Eastern Asia","2001","US$","6769797566267.355"
"Eastern Asia","2002","US$","6796838983406.554"
"Eastern Asia","2003","US$","7408254537405.586"
"Eastern Asia","2004","US$","8211210398479.86"
"Eastern Asia","2005","US$","8672714570340.53"
"Eastern Asia","2006","US$","9060902901181.445"
"Eastern Asia","2007","US$","10007058546648.135"
"Eastern Asia","2008","US$","11470572208737.344"
"Eastern Asia","2009","US$","12017825603581.053"
"Eastern Asia","2010","US$","13761385826850.463"
"Eastern Asia","2011","US$","15887226094692.436"
"Eastern Asia","2012","US$","16969521247581.73"
"Eastern Asia","2013","US$","17086787919496.973"
"Eastern Asia","2014","US$","17840183156099.11"
"Eastern Asia","2015","US$","17962567117492.086"
"Eastern Asia","2016","US$","18753122218850.285"
"Eastern Asia","2017","US$","19962758299008.633"
"Eastern Asia","2018","US$","21816823986892.242"
"Eastern Asia","2019","US$","22209098320552.023"
"Eastern Asia","2020","US$","22560024128958.15"
"Eastern Asia","2021","US$","26002392171623.547"
"Eastern Asia","2022","US$","25114466596782.418"
"Eastern Asia","2023","US$","25056943009646.62"
"Eastern Europe","1970","US$","506014099452.8151"
"Eastern Europe","1971","US$","534782934561.2567"
"Eastern Europe","1972","US$","605824000661.2498"
"Eastern Europe","1973","US$","724504591921.0913"
"Eastern Europe","1974","US$","733013816073.7657"
"Eastern Europe","1975","US$","809513867058.7339"
"Eastern Europe","1976","US$","822851305824.3633"
"Eastern Europe","1977","US$","894423259692.2073"
"Eastern Europe","1978","US$","1016865093405.7737"
"Eastern Europe","1979","US$","1090647523848.1643"
"Eastern Europe","1980","US$","1119530822039.9653"
"Eastern Europe","1981","US$","1096204364302.4429"
"Eastern Europe","1982","US$","1170593536278.4358"
"Eastern Europe","1983","US$","1208583904527.6846"
"Eastern Europe","1984","US$","1142547161266.9539"
"Eastern Europe","1985","US$","1124011302772.172"
"Eastern Europe","1986","US$","1081161024937.4922"
"Eastern Europe","1987","US$","1037380372909.7981"
"Eastern Europe","1988","US$","1032028584641.9019"
"Eastern Europe","1989","US$","1036527760240.4846"
"Eastern Europe","1990","US$","914435306432.6765"
"Eastern Europe","1991","US$","877669617128.6472"
"Eastern Europe","1992","US$","807583471709.3491"
"Eastern Europe","1993","US$","784349852541.2289"
"Eastern Europe","1994","US$","746276755464.3937"
"Eastern Europe","1995","US$","795843807371.3112"
"Eastern Europe","1996","US$","804584972779.6184"
"Eastern Europe","1997","US$","815401784284.5013"
"Eastern Europe","1998","US$","704925004613.5321"
"Eastern Europe","1999","US$","599845818988.5114"
"Eastern Europe","2000","US$","659859211782.208"
"Eastern Europe","2001","US$","752371485663.1941"
"Eastern Europe","2002","US$","846162048305.8857"
"Eastern Europe","2003","US$","1024276946180.7858"
"Eastern Europe","2004","US$","1315507013506.9614"
"Eastern Europe","2005","US$","1630067732324.124"
"Eastern Europe","2006","US$","1985115461456.6921"
"Eastern Europe","2007","US$","2569227491534.5977"
"Eastern Europe","2008","US$","3231120616183.3135"
"Eastern Europe","2009","US$","2507716964978.6816"
"Eastern Europe","2010","US$","2873109058841.0596"
"Eastern Europe","2011","US$","3530260960131.1265"
"Eastern Europe","2012","US$","3623590267646.063"
"Eastern Europe","2013","US$","3772406987020.5977"
"Eastern Europe","2014","US$","3533651074615.648"
"Eastern Europe","2015","US$","2631001148102.039"
"Eastern Europe","2016","US$","2555817808682.986"
"Eastern Europe","2017","US$","3009078199424.425"
"Eastern Europe","2018","US$","3283628933179.073"
"Eastern Europe","2019","US$","3373714256983.609"
"Eastern Europe","2020","US$","3168405467119.183"
"Eastern Europe","2021","US$","3781521663660.418"
"Eastern Europe","2022","US$","4196488820009.533"
"Eastern Europe","2023","US$","4226722321453.403"
"Ecuador","1970","US$","2798597887"
"Ecuador","1971","US$","2689986105"
"Ecuador","1972","US$","3091270005"
"Ecuador","1973","US$","3900130194"
"Ecuador","1974","US$","6470750630"
"Ecuador","1975","US$","7708140713"
"Ecuador","1976","US$","9044610215"
"Ecuador","1977","US$","11055223806"
"Ecuador","1978","US$","11806451753"
"Ecuador","1979","US$","14361486099"
"Ecuador","1980","US$","18253786268"
"Ecuador","1981","US$","22115453428"
"Ecuador","1982","US$","20059812069"
"Ecuador","1983","US$","17256547849"
"Ecuador","1984","US$","16943154461"
"Ecuador","1985","US$","17304168185"
"Ecuador","1986","US$","14981725571"
"Ecuador","1987","US$","13419722661"
"Ecuador","1988","US$","12251597190"
"Ecuador","1989","US$","13247373976"
"Ecuador","1990","US$","14949428425"
"Ecuador","1991","US$","16437645697"
"Ecuador","1992","US$","17390510349"
"Ecuador","1993","US$","18334685083"
"Ecuador","1994","US$","22117649271"
"Ecuador","1995","US$","23898126190"
"Ecuador","1996","US$","24796935534"
"Ecuador","1997","US$","27552824987"
"Ecuador","1998","US$","27192302969"
"Ecuador","1999","US$","19023351342"
"Ecuador","2000","US$","17530684682"
"Ecuador","2001","US$","23127055074"
"Ecuador","2002","US$","27054197610"
"Ecuador","2003","US$","30965207739"
"Ecuador","2004","US$","35194947568"
"Ecuador","2005","US$","40278850252"
"Ecuador","2006","US$","45690762289"
"Ecuador","2007","US$","49848726264"
"Ecuador","2008","US$","61139437082"
"Ecuador","2009","US$","60094976937"
"Ecuador","2010","US$","68151329247"
"Ecuador","2011","US$","78986647839"
"Ecuador","2012","US$","87735047741"
"Ecuador","2013","US$","96570334734"
"Ecuador","2014","US$","102717793361"
"Ecuador","2015","US$","97209557102"
"Ecuador","2016","US$","97671432667"
"Ecuador","2017","US$","104467485714"
"Ecuador","2018","US$","107478961000"
"Ecuador","2019","US$","107595830000"
"Ecuador","2020","US$","95865473000"
"Ecuador","2021","US$","107435100000"
"Ecuador","2022","US$","116586079000"
"Ecuador","2023","US$","118844826792"
"Egypt","1970","US$","8142813796.259647"
"Egypt","1971","US$","8629241374.421652"
"Egypt","1972","US$","9226975131.988274"
"Egypt","1973","US$","9589429095.292974"
"Egypt","1974","US$","11333916303.13397"
"Egypt","1975","US$","12677626556.158173"
"Egypt","1976","US$","14974320785.614471"
"Egypt","1977","US$","19135598507.86719"
"Egypt","1978","US$","23431875159.06965"
"Egypt","1979","US$","15615518037.821177"
"Egypt","1980","US$","20119009508.31561"
"Egypt","1981","US$","16025501717.440525"
"Egypt","1982","US$","18701388727.685844"
"Egypt","1983","US$","20384095468.4085"
"Egypt","1984","US$","23177748770.225784"
"Egypt","1985","US$","25295539806.291176"
"Egypt","1986","US$","27029252773.822857"
"Egypt","1987","US$","28663988721.033344"
"Egypt","1988","US$","31273700064.248436"
"Egypt","1989","US$","34161309711.79392"
"Egypt","1990","US$","37486840743.120895"
"Egypt","1991","US$","39199914162.539444"
"Egypt","1992","US$","45789045446.85057"
"Egypt","1993","US$","50619966005.2483"
"Egypt","1994","US$","56527978530.634"
"Egypt","1995","US$","65758036433.69002"
"Egypt","1996","US$","73961364054.96127"
"Egypt","1997","US$","81571756041.60826"
"Egypt","1998","US$","87146298124.2621"
"Egypt","1999","US$","91906116309.25558"
"Egypt","2000","US$","95683644417.85114"
"Egypt","2001","US$","90724340843.94664"
"Egypt","2002","US$","86521730138.6028"
"Egypt","2003","US$","74076435595.18875"
"Egypt","2004","US$","79187405117.94107"
"Egypt","2005","US$","94456321806.59308"
"Egypt","2006","US$","107741504113.49161"
"Egypt","2007","US$","132165346645.92497"
"Egypt","2008","US$","164843994477.68063"
"Egypt","2009","US$","187956439769.09326"
"Egypt","2010","US$","214630372040.99844"
"Egypt","2011","US$","231100308408.5627"
"Egypt","2012","US$","276536289418.1723"
"Egypt","2013","US$","270782459345.0819"
"Egypt","2014","US$","300949110389.5702"
"Egypt","2015","US$","317744560653.816"
"Egypt","2016","US$","270255270302.54678"
"Egypt","2017","US$","205589377739.85263"
"Egypt","2018","US$","262628678274.53784"
"Egypt","2019","US$","333679537921.1624"
"Egypt","2020","US$","390413889899.8366"
"Egypt","2021","US$","425906125619.5893"
"Egypt","2022","US$","409306889921.1225"
"Egypt","2023","US$","331589591263.59827"
"El Salvador","1970","US$","929895894"
"El Salvador","1971","US$","978000194"
"El Salvador","1972","US$","1042374623"
"El Salvador","1973","US$","1205137269"
"El Salvador","1974","US$","1426492589"
"El Salvador","1975","US$","1619631977"
"El Salvador","1976","US$","2063782953"
"El Salvador","1977","US$","2592206874"
"El Salvador","1978","US$","2782092267"
"El Salvador","1979","US$","3113035380"
"El Salvador","1980","US$","3225158183"
"El Salvador","1981","US$","3127502838"
"El Salvador","1982","US$","3242880820"
"El Salvador","1983","US$","3671840964"
"El Salvador","1984","US$","4216179089"
"El Salvador","1985","US$","5183328689"
"El Salvador","1986","US$","3682908376"
"El Salvador","1987","US$","4184893210"
"El Salvador","1988","US$","4948955862"
"El Salvador","1989","US$","5828577337"
"El Salvador","1990","US$","4817542204"
"El Salvador","1991","US$","5252342352"
"El Salvador","1992","US$","5813399327"
"El Salvador","1993","US$","6680269152"
"El Salvador","1994","US$","7679384019"
"El Salvador","1995","US$","8921947111"
"El Salvador","1996","US$","9586327762"
"El Salvador","1997","US$","10221705880"
"El Salvador","1998","US$","10936669911"
"El Salvador","1999","US$","11284196954"
"El Salvador","2000","US$","11784927669"
"El Salvador","2001","US$","12282533600"
"El Salvador","2002","US$","12664190271"
"El Salvador","2003","US$","13243892169"
"El Salvador","2004","US$","13724810917"
"El Salvador","2005","US$","14698001420"
"El Salvador","2006","US$","15999886383"
"El Salvador","2007","US$","17011750854"
"El Salvador","2008","US$","17986886243"
"El Salvador","2009","US$","17601616010"
"El Salvador","2010","US$","18447922436"
"El Salvador","2011","US$","20283783661"
"El Salvador","2012","US$","21386153018"
"El Salvador","2013","US$","21990962051"
"El Salvador","2014","US$","22593472396"
"El Salvador","2015","US$","23438237940"
"El Salvador","2016","US$","24191430000"
"El Salvador","2017","US$","24979190000"
"El Salvador","2018","US$","26020853736"
"El Salvador","2019","US$","26881136766"
"El Salvador","2020","US$","24921192366"
"El Salvador","2021","US$","29043144334"
"El Salvador","2022","US$","31988917974"
"El Salvador","2023","US$","34015615220"
"Equatorial Guinea","1970","US$","20972338.08687561"
"Equatorial Guinea","1971","US$","20456296.158099327"
"Equatorial Guinea","1972","US$","20831038.993048728"
"Equatorial Guinea","1973","US$","26498860.748166256"
"Equatorial Guinea","1974","US$","28172908.575265266"
"Equatorial Guinea","1975","US$","34878285.87126051"
"Equatorial Guinea","1976","US$","36231988.674289666"
"Equatorial Guinea","1977","US$","40140316.23785721"
"Equatorial Guinea","1978","US$","45455623.65792468"
"Equatorial Guinea","1979","US$","51399794.06380423"
"Equatorial Guinea","1980","US$","55654911.15749288"
"Equatorial Guinea","1981","US$","52380514.98423373"
"Equatorial Guinea","1982","US$","62160524.64074973"
"Equatorial Guinea","1983","US$","70216223.11223432"
"Equatorial Guinea","1984","US$","70505299.36519279"
"Equatorial Guinea","1985","US$","88290308.20522436"
"Equatorial Guinea","1986","US$","111945440.93557376"
"Equatorial Guinea","1987","US$","136333719.0044285"
"Equatorial Guinea","1988","US$","149553282.70407623"
"Equatorial Guinea","1989","US$","138026246.2001234"
"Equatorial Guinea","1990","US$","169733334.83998317"
"Equatorial Guinea","1991","US$","171490712.6815019"
"Equatorial Guinea","1992","US$","202462541.45778552"
"Equatorial Guinea","1993","US$","199765224.2004541"
"Equatorial Guinea","1994","US$","165118430.81718236"
"Equatorial Guinea","1995","US$","215327909.69323963"
"Equatorial Guinea","1996","US$","340197768.2469237"
"Equatorial Guinea","1997","US$","653628166.8519869"
"Equatorial Guinea","1998","US$","548042388.9954741"
"Equatorial Guinea","1999","US$","917430403.4473948"
"Equatorial Guinea","2000","US$","1514580900.7697082"
"Equatorial Guinea","2001","US$","2209633277.5163336"
"Equatorial Guinea","2002","US$","2729466057.3332705"
"Equatorial Guinea","2003","US$","3706223979.37804"
"Equatorial Guinea","2004","US$","5630871156.215361"
"Equatorial Guinea","2005","US$","8523066798.618539"
"Equatorial Guinea","2006","US$","10095504027.12013"
"Equatorial Guinea","2007","US$","13089006808.678032"
"Equatorial Guinea","2008","US$","19829841207.162315"
"Equatorial Guinea","2009","US$","15088282437.768412"
"Equatorial Guinea","2010","US$","16314437365.813158"
"Equatorial Guinea","2011","US$","21357303662.467865"
"Equatorial Guinea","2012","US$","22388322578.86902"
"Equatorial Guinea","2013","US$","21948791771.591263"
"Equatorial Guinea","2014","US$","21765550301.22571"
"Equatorial Guinea","2015","US$","13185496881.40524"
"Equatorial Guinea","2016","US$","11240814853.385386"
"Equatorial Guinea","2017","US$","12200908721.079203"
"Equatorial Guinea","2018","US$","13097013924.579618"
"Equatorial Guinea","2019","US$","11364131839.505571"
"Equatorial Guinea","2020","US$","9893815963.851692"
"Equatorial Guinea","2021","US$","12215877527.811434"
"Equatorial Guinea","2022","US$","13486787499.875484"
"Equatorial Guinea","2023","US$","12116922989.378546"
"Eritrea","1970","...","..."
"Eritrea","1971","...","..."
"Eritrea","1972","...","..."
"Eritrea","1973","...","..."
"Eritrea","1974","...","..."
"Eritrea","1975","...","..."
"Eritrea","1976","...","..."
"Eritrea","1977","...","..."
"Eritrea","1978","...","..."
"Eritrea","1979","...","..."
"Eritrea","1980","...","..."
"Eritrea","1981","...","..."
"Eritrea","1982","...","..."
"Eritrea","1983","...","..."
"Eritrea","1984","...","..."
"Eritrea","1985","...","..."
"Eritrea","1986","...","..."
"Eritrea","1987","...","..."
"Eritrea","1988","...","..."
"Eritrea","1989","...","..."
"Eritrea","1990","US$","332377578.7242314"
"Eritrea","1991","US$","383972181.09932965"
"Eritrea","1992","US$","437102373.6297372"
"Eritrea","1993","US$","505105712.05320895"
"Eritrea","1994","US$","630809714.200237"
"Eritrea","1995","US$","639767068.2770344"
"Eritrea","1996","US$","748506165.729188"
"Eritrea","1997","US$","791143671.3264403"
"Eritrea","1998","US$","809308956.8615746"
"Eritrea","1999","US$","793700799.2918446"
"Eritrea","2000","US$","706370812.2597402"
"Eritrea","2001","US$","752371682.1383021"
"Eritrea","2002","US$","729321668.8667864"
"Eritrea","2003","US$","870248292.2371622"
"Eritrea","2004","US$","1109054002.3934724"
"Eritrea","2005","US$","1098424708.6408348"
"Eritrea","2006","US$","937318203.7073171"
"Eritrea","2007","US$","1019980487.804878"
"Eritrea","2008","US$","922692682.9268292"
"Eritrea","2009","US$","1296676422.7642276"
"Eritrea","2010","US$","1589515447.1544716"
"Eritrea","2011","US$","2065001626.0162601"
"Eritrea","2012","US$","2254861788.617886"
"Eritrea","2013","US$","1957951219.512195"
"Eritrea","2014","US$","2604234146.3414636"
"Eritrea","2015","US$","2013196747.9674797"
"Eritrea","2016","US$","2173713029.315961"
"Eritrea","2017","US$","1903966832.504146"
"Eritrea","2018","US$","2005658374.7927032"
"Eritrea","2019","US$","1981857048.092869"
"Eritrea","2020","US$","2112199004.9751244"
"Eritrea","2021","US$","2211953997.2802653"
"Eritrea","2022","US$","2383297748.1260366"
"Eritrea","2023","US$","2275290215.588723"
"Estonia","1970","...","..."
"Estonia","1971","...","..."
"Estonia","1972","...","..."
"Estonia","1973","...","..."
"Estonia","1974","...","..."
"Estonia","1975","...","..."
"Estonia","1976","...","..."
"Estonia","1977","...","..."
"Estonia","1978","...","..."
"Estonia","1979","...","..."
"Estonia","1980","...","..."
"Estonia","1981","...","..."
"Estonia","1982","...","..."
"Estonia","1983","...","..."
"Estonia","1984","...","..."
"Estonia","1985","...","..."
"Estonia","1986","...","..."
"Estonia","1987","...","..."
"Estonia","1988","...","..."
"Estonia","1989","...","..."
"Estonia","1990","US$","5676364396.776875"
"Estonia","1991","US$","5398871242.9227295"
"Estonia","1992","US$","4352990854.328563"
"Estonia","1993","US$","4200364645.812683"
"Estonia","1994","US$","4204601568.112913"
"Estonia","1995","US$","4475869224.890576"
"Estonia","1996","US$","4783105050.839009"
"Estonia","1997","US$","5154388538.4191475"
"Estonia","1998","US$","5670074153.415106"
"Estonia","1999","US$","5763855973.147272"
"Estonia","2000","US$","5690808434.05018"
"Estonia","2001","US$","6250484954.07807"
"Estonia","2002","US$","7370209929.569091"
"Estonia","2003","US$","9876750598.012045"
"Estonia","2004","US$","12148546238.246399"
"Estonia","2005","US$","14106850238.190575"
"Estonia","2006","US$","17034441913.528217"
"Estonia","2007","US$","22445459433.66044"
"Estonia","2008","US$","24314461508.98175"
"Estonia","2009","US$","19642690584.965862"
"Estonia","2010","US$","19535993967.797207"
"Estonia","2011","US$","23303915794.75702"
"Estonia","2012","US$","23237406116.398834"
"Estonia","2013","US$","25451032780.75753"
"Estonia","2014","US$","27055689003.003395"
"Estonia","2015","US$","23311847750.93944"
"Estonia","2016","US$","24561027787.790234"
"Estonia","2017","US$","27469461919.119118"
"Estonia","2018","US$","31222632740.724125"
"Estonia","2019","US$","31873748770.03075"
"Estonia","2020","US$","31820771493.89682"
"Estonia","2021","US$","37204563051.47227"
"Estonia","2022","US$","38376046174.97097"
"Estonia","2023","US$","41291245222.19485"
"Ethiopia","1970","...","..."
"Ethiopia","1971","...","..."
"Ethiopia","1972","...","..."
"Ethiopia","1973","...","..."
"Ethiopia","1974","...","..."
"Ethiopia","1975","...","..."
"Ethiopia","1976","...","..."
"Ethiopia","1977","...","..."
"Ethiopia","1978","...","..."
"Ethiopia","1979","...","..."
"Ethiopia","1980","...","..."
"Ethiopia","1981","...","..."
"Ethiopia","1982","...","..."
"Ethiopia","1983","...","..."
"Ethiopia","1984","...","..."
"Ethiopia","1985","...","..."
"Ethiopia","1986","...","..."
"Ethiopia","1987","...","..."
"Ethiopia","1988","...","..."
"Ethiopia","1989","...","..."
"Ethiopia","1990","US$","11207790790.821257"
"Ethiopia","1991","US$","12786205579.227055"
"Ethiopia","1992","US$","10229798768.24264"
"Ethiopia","1993","US$","7382766730.2"
"Ethiopia","1994","US$","7147530061.116194"
"Ethiopia","1995","US$","7586836818.511506"
"Ethiopia","1996","US$","8235652823.546545"
"Ethiopia","1997","US$","8521562902.967377"
"Ethiopia","1998","US$","7726621812.207159"
"Ethiopia","1999","US$","7328478793.414965"
"Ethiopia","2000","US$","8030202592.308265"
"Ethiopia","2001","US$","7963475848.572122"
"Ethiopia","2002","US$","7691050742.61037"
"Ethiopia","2003","US$","8454148505.468228"
"Ethiopia","2004","US$","9935634535.40101"
"Ethiopia","2005","US$","12163585016.149454"
"Ethiopia","2006","US$","14983303378.05661"
"Ethiopia","2007","US$","18991964041.73568"
"Ethiopia","2008","US$","25608605787.134888"
"Ethiopia","2009","US$","28194199941.719917"
"Ethiopia","2010","US$","26311297202.182392"
"Ethiopia","2011","US$","30479443693.42525"
"Ethiopia","2012","US$","42210509593.04903"
"Ethiopia","2013","US$","46542023356.7658"
"Ethiopia","2014","US$","54163248201.86159"
"Ethiopia","2015","US$","63078657756.0862"
"Ethiopia","2016","US$","72157653325.82938"
"Ethiopia","2017","US$","76794686090.07782"
"Ethiopia","2018","US$","80210324516.25772"
"Ethiopia","2019","US$","92561902026.33322"
"Ethiopia","2020","US$","96622412983.15054"
"Ethiopia","2021","US$","99260118079.71184"
"Ethiopia","2022","US$","118961852780.28279"
"Ethiopia","2023","US$","159746451415.1668"
"Europe","1970","US$","1384488029801.0225"
"Europe","1971","US$","1529509894237.1113"
"Europe","1972","US$","1794933740906.9983"
"Europe","1973","US$","2238530706258.427"
"Europe","1974","US$","2441156104871.056"
"Europe","1975","US$","2800079732181.3755"
"Europe","1976","US$","2891044066411.894"
"Europe","1977","US$","3237397454934.125"
"Europe","1978","US$","3892899338605.656"
"Europe","1979","US$","4588770884504.884"
"Europe","1980","US$","5097553508079.321"
"Europe","1981","US$","4630814312635.836"
"Europe","1982","US$","4576432808464.999"
"Europe","1983","US$","4519419805991.754"
"Europe","1984","US$","4330018568071.2812"
"Europe","1985","US$","4420138988765.803"
"Europe","1986","US$","5580421619384.99"
"Europe","1987","US$","6587171984018.044"
"Europe","1988","US$","7216938750244.78"
"Europe","1989","US$","7342872559304.368"
"Europe","1990","US$","8748533182241.775"
"Europe","1991","US$","8997247688463.186"
"Europe","1992","US$","9617107193018.227"
"Europe","1993","US$","8794536480578.557"
"Europe","1994","US$","9247087906277.625"
"Europe","1995","US$","10646538448865.787"
"Europe","1996","US$","10849899254648.799"
"Europe","1997","US$","10263087197905.193"
"Europe","1998","US$","10446703637078.395"
"Europe","1999","US$","10358366595467.203"
"Europe","2000","US$","9735608277094.43"
"Europe","2001","US$","9907946626472.28"
"Europe","2002","US$","10833322704415.943"
"Europe","2003","US$","13151475153755.637"
"Europe","2004","US$","15280840347375.46"
"Europe","2005","US$","16179405290435.398"
"Europe","2006","US$","17486574616773.834"
"Europe","2007","US$","20379929494245.29"
"Europe","2008","US$","22373715165429.066"
"Europe","2009","US$","19713057207999.76"
"Europe","2010","US$","19994915187197.9"
"Europe","2011","US$","22145608078537.086"
"Europe","2012","US$","21197890870346.504"
"Europe","2013","US$","22089058266627.227"
"Europe","2014","US$","22453386780857.703"
"Europe","2015","US$","19285779617058.44"
"Europe","2016","US$","19272644758225.23"
"Europe","2017","US$","20516331569598.32"
"Europe","2018","US$","22121052636829.543"
"Europe","2019","US$","21845551177546.43"
"Europe","2020","US$","21161764264602.805"
"Europe","2021","US$","24237489907589.72"
"Europe","2022","US$","24206447049327.492"
"Europe","2023","US$","25807634506303.938"
"Fiji","1970","US$","220819601.70195743"
"Fiji","1971","US$","247231524.86047453"
"Fiji","1972","US$","316782827.0658685"
"Fiji","1973","US$","426231517.1781704"
"Fiji","1974","US$","559451912.0621232"
"Fiji","1975","US$","684854091.1774759"
"Fiji","1976","US$","696173812.8772554"
"Fiji","1977","US$","720506457.6993455"
"Fiji","1978","US$","829810532.3427982"
"Fiji","1979","US$","1019788954.3466717"
"Fiji","1980","US$","1202652194.270802"
"Fiji","1981","US$","1235671838.2393"
"Fiji","1982","US$","1194055009.134431"
"Fiji","1983","US$","1123127988.384826"
"Fiji","1984","US$","1177964093.1407046"
"Fiji","1985","US$","1141209523.1553242"
"Fiji","1986","US$","1290268412.285529"
"Fiji","1987","US$","1177947649.4509723"
"Fiji","1988","US$","1110009264.0606909"
"Fiji","1989","US$","1182674157.3033733"
"Fiji","1990","US$","1337042918.4790897"
"Fiji","1991","US$","1383893884.1759808"
"Fiji","1992","US$","1532414535.6841311"
"Fiji","1993","US$","1636105138.5578313"
"Fiji","1994","US$","1825748484.5897722"
"Fiji","1995","US$","1970318084.8542354"
"Fiji","1996","US$","2128724435.259745"
"Fiji","1997","US$","2090196893.3451087"
"Fiji","1998","US$","1653147497.2527213"
"Fiji","1999","US$","1936464047.7248209"
"Fiji","2000","US$","1678199776.8512537"
"Fiji","2001","US$","1652456352.3765297"
"Fiji","2002","US$","1833357200.1903694"
"Fiji","2003","US$","2300475649.8044415"
"Fiji","2004","US$","2707913827.88937"
"Fiji","2005","US$","2980411116.006937"
"Fiji","2006","US$","3076179388.34197"
"Fiji","2007","US$","3378062638.411517"
"Fiji","2008","US$","3522446768.433059"
"Fiji","2009","US$","2867113459.0181394"
"Fiji","2010","US$","3140167257.1907887"
"Fiji","2011","US$","3779412228.674535"
"Fiji","2012","US$","3972028485.0820394"
"Fiji","2013","US$","4189968892.6249943"
"Fiji","2014","US$","4857103868.983323"
"Fiji","2015","US$","4682480322.090374"
"Fiji","2016","US$","4930213777.479193"
"Fiji","2017","US$","5353468384.173433"
"Fiji","2018","US$","5581425888.571162"
"Fiji","2019","US$","5444406923.731088"
"Fiji","2020","US$","4432466391.765478"
"Fiji","2021","US$","4305030937.877307"
"Fiji","2022","US$","4969503590.117494"
"Fiji","2023","US$","5442046564.968613"
"Finland","1970","US$","11358782482.756363"
"Finland","1971","US$","12529082152.290123"
"Finland","1972","US$","14745277521.21494"
"Finland","1973","US$","19474883202.966858"
"Finland","1974","US$","24851068528.69712"
"Finland","1975","US$","29474902671.259308"
"Finland","1976","US$","31849989231.90351"
"Finland","1977","US$","33502822291.510086"
"Finland","1978","US$","36260137903.63039"
"Finland","1979","US$","44465957914.40966"
"Finland","1980","US$","53653833964.976715"
"Finland","1981","US$","52442020640.63104"
"Finland","1982","US$","52781677558.622986"
"Finland","1983","US$","50955317960.18054"
"Finland","1984","US$","52870499612.615326"
"Finland","1985","US$","55856074153.01175"
"Finland","1986","US$","73508847677.88667"
"Finland","1987","US$","91567351778.4403"
"Finland","1988","US$","109038770188.46883"
"Finland","1989","US$","118986210274.90472"
"Finland","1990","US$","141453295790.1193"
"Finland","1991","US$","127785334738.98944"
"Finland","1992","US$","112539662051.50644"
"Finland","1993","US$","89108535593.56645"
"Finland","1994","US$","103178970392.04941"
"Finland","1995","US$","134056694981.6793"
"Finland","1996","US$","131995451929.33572"
"Finland","1997","US$","126857571696.45772"
"Finland","1998","US$","133989780807.65294"
"Finland","1999","US$","135234241918.14067"
"Finland","2000","US$","125967821110.58734"
"Finland","2001","US$","129519672868.9036"
"Finland","2002","US$","140360963811.76495"
"Finland","2003","US$","171612867735.69193"
"Finland","2004","US$","197458297639.76566"
"Finland","2005","US$","204859368790.65472"
"Finland","2006","US$","217044068234.1157"
"Finland","2007","US$","256360251537.64963"
"Finland","2008","US$","285698662071.0937"
"Finland","2009","US$","253480783439.45294"
"Finland","2010","US$","249429613683.33975"
"Finland","2011","US$","275126915515.56665"
"Finland","2012","US$","257443384492.9688"
"Finland","2013","US$","270268036626.27744"
"Finland","2014","US$","273478528954.89664"
"Finland","2015","US$","233210733506.24988"
"Finland","2016","US$","238777818792.6142"
"Finland","2017","US$","253846138440.00272"
"Finland","2018","US$","273869255596.07336"
"Finland","2019","US$","267014821129.40656"
"Finland","2020","US$","270000311606.2218"
"Finland","2021","US$","294223210496.1193"
"Finland","2022","US$","280241515774.3201"
"Finland","2023","US$","295532341254.90717"
"Former Czechoslovakia","1970","US$","16294289496.333334"
"Former Czechoslovakia","1971","US$","17038566806.62963"
"Former Czechoslovakia","1972","US$","19527364034.382565"
"Former Czechoslovakia","1973","US$","23073680708.57664"
"Former Czechoslovakia","1974","US$","24753774313.63895"
"Former Czechoslovakia","1975","US$","27299650890.227"
"Former Czechoslovakia","1976","US$","26914036073.18481"
"Former Czechoslovakia","1977","US$","38583148181.66695"
"Former Czechoslovakia","1978","US$","42500627408.78625"
"Former Czechoslovakia","1979","US$","45672113579.08543"
"Former Czechoslovakia","1980","US$","47821773695.68874"
"Former Czechoslovakia","1981","US$","50774510508.754715"
"Former Czechoslovakia","1982","US$","51175627231.72288"
"Former Czechoslovakia","1983","US$","50810168852.25066"
"Former Czechoslovakia","1984","US$","45917764537.93648"
"Former Czechoslovakia","1985","US$","45928514149.5916"
"Former Czechoslovakia","1986","US$","53903069826.684456"
"Former Czechoslovakia","1987","US$","60510967841.247185"
"Former Czechoslovakia","1988","US$","59797613778.603065"
"Former Czechoslovakia","1989","US$","58629877548.07626"
"Former Czechoslovakia","1990","US$","58084727114.34919"
"Former Czechoslovakia","1991","...","..."
"Former Czechoslovakia","1992","...","..."
"Former Czechoslovakia","1993","...","..."
"Former Czechoslovakia","1994","...","..."
"Former Czechoslovakia","1995","...","..."
"Former Czechoslovakia","1996","...","..."
"Former Czechoslovakia","1997","...","..."
"Former Czechoslovakia","1998","...","..."
"Former Czechoslovakia","1999","...","..."
"Former Czechoslovakia","2000","...","..."
"Former Czechoslovakia","2001","...","..."
"Former Czechoslovakia","2002","...","..."
"Former Czechoslovakia","2003","...","..."
"Former Czechoslovakia","2004","...","..."
"Former Czechoslovakia","2005","...","..."
"Former Czechoslovakia","2006","...","..."
"Former Czechoslovakia","2007","...","..."
"Former Czechoslovakia","2008","...","..."
"Former Czechoslovakia","2009","...","..."
"Former Czechoslovakia","2010","...","..."
"Former Czechoslovakia","2011","...","..."
"Former Czechoslovakia","2012","...","..."
"Former Czechoslovakia","2013","...","..."
"Former Czechoslovakia","2014","...","..."
"Former Czechoslovakia","2015","...","..."
"Former Czechoslovakia","2016","...","..."
"Former Czechoslovakia","2017","...","..."
"Former Czechoslovakia","2018","...","..."
"Former Czechoslovakia","2019","...","..."
"Former Czechoslovakia","2020","...","..."
"Former Czechoslovakia","2021","...","..."
"Former Czechoslovakia","2022","...","..."
"Former Czechoslovakia","2023","...","..."
"Former Ethiopia","1970","US$","2559075270.464555"
"Former Ethiopia","1971","US$","2709458844.9855213"
"Former Ethiopia","1972","US$","2958143029.112236"
"Former Ethiopia","1973","US$","3420507254.5184073"
"Former Ethiopia","1974","US$","3846328014.9016075"
"Former Ethiopia","1975","US$","3827828058.854023"
"Former Ethiopia","1976","US$","4160065103.458968"
"Former Ethiopia","1977","US$","4729822187.792184"
"Former Ethiopia","1978","US$","5033997500.982607"
"Former Ethiopia","1979","US$","5533011306.537686"
"Former Ethiopia","1980","US$","5888737059.849631"
"Former Ethiopia","1981","US$","6168592205.878547"
"Former Ethiopia","1982","US$","6351790276.015357"
"Former Ethiopia","1983","US$","6950163397.560465"
"Former Ethiopia","1984","US$","8210169789.575329"
"Former Ethiopia","1985","US$","9614572844.927538"
"Former Ethiopia","1986","US$","10042150488.88889"
"Former Ethiopia","1987","US$","10740506520.772947"
"Former Ethiopia","1988","US$","10435499748.79227"
"Former Ethiopia","1989","US$","10722353005.31401"
"Former Ethiopia","1990","US$","11540168369.545486"
"Former Ethiopia","1991","US$","13170177760.326382"
"Former Ethiopia","1992","US$","10666901141.872377"
"Former Ethiopia","1993","US$","7887872442.253208"
"Former Ethiopia","1994","...","..."
"Former Ethiopia","1995","...","..."
"Former Ethiopia","1996","...","..."
"Former Ethiopia","1997","...","..."
"Former Ethiopia","1998","...","..."
"Former Ethiopia","1999","...","..."
"Former Ethiopia","2000","...","..."
"Former Ethiopia","2001","...","..."
"Former Ethiopia","2002","...","..."
"Former Ethiopia","2003","...","..."
"Former Ethiopia","2004","...","..."
"Former Ethiopia","2005","...","..."
"Former Ethiopia","2006","...","..."
"Former Ethiopia","2007","...","..."
"Former Ethiopia","2008","...","..."
"Former Ethiopia","2009","...","..."
"Former Ethiopia","2010","...","..."
"Former Ethiopia","2011","...","..."
"Former Ethiopia","2012","...","..."
"Former Ethiopia","2013","...","..."
"Former Ethiopia","2014","...","..."
"Former Ethiopia","2015","...","..."
"Former Ethiopia","2016","...","..."
"Former Ethiopia","2017","...","..."
"Former Ethiopia","2018","...","..."
"Former Ethiopia","2019","...","..."
"Former Ethiopia","2020","...","..."
"Former Ethiopia","2021","...","..."
"Former Ethiopia","2022","...","..."
"Former Ethiopia","2023","...","..."
"Former Netherlands Antilles","1970","US$","224218559.69529706"
"Former Netherlands Antilles","1971","US$","244050294.38323647"
"Former Netherlands Antilles","1972","US$","278185901.8212144"
"Former Netherlands Antilles","1973","US$","312899698.5071665"
"Former Netherlands Antilles","1974","US$","394215577.4412309"
"Former Netherlands Antilles","1975","US$","467922953.037735"
"Former Netherlands Antilles","1976","US$","523560133.6242001"
"Former Netherlands Antilles","1977","US$","591085600.328381"
"Former Netherlands Antilles","1978","US$","719479093.7330439"
"Former Netherlands Antilles","1979","US$","851676838.2509316"
"Former Netherlands Antilles","1980","US$","943448967.7463605"
"Former Netherlands Antilles","1981","US$","1086494839.4924972"
"Former Netherlands Antilles","1982","US$","1161801256.7565563"
"Former Netherlands Antilles","1983","US$","1155989829.5311055"
"Former Netherlands Antilles","1984","US$","1167612684.1591718"
"Former Netherlands Antilles","1985","US$","1189889823.3333333"
"Former Netherlands Antilles","1986","US$","1543781556.6666667"
"Former Netherlands Antilles","1987","US$","1613760832.222222"
"Former Netherlands Antilles","1988","US$","1673085823.3333333"
"Former Netherlands Antilles","1989","US$","1878236152.9739814"
"Former Netherlands Antilles","1990","US$","1980288632.9608939"
"Former Netherlands Antilles","1991","US$","2076591132.9608939"
"Former Netherlands Antilles","1992","US$","2176850435.75419"
"Former Netherlands Antilles","1993","US$","2319904085.47486"
"Former Netherlands Antilles","1994","US$","2492785943.575419"
"Former Netherlands Antilles","1995","US$","2571313265.9217877"
"Former Netherlands Antilles","1996","US$","2691843575.4189944"
"Former Netherlands Antilles","1997","US$","2777219432.9608936"
"Former Netherlands Antilles","1998","US$","2807531166.480447"
"Former Netherlands Antilles","1999","US$","2788480479.888268"
"Former Netherlands Antilles","2000","US$","2856513683.7988825"
"Former Netherlands Antilles","2001","US$","2899046085.47486"
"Former Netherlands Antilles","2002","US$","2934006155.3072624"
"Former Netherlands Antilles","2003","US$","3019647712.2905025"
"Former Netherlands Antilles","2004","US$","3103576388.8268156"
"Former Netherlands Antilles","2005","US$","3052592078.77095"
"Former Netherlands Antilles","2006","US$","3215403912.849162"
"Former Netherlands Antilles","2007","US$","3400407676.5363126"
"Former Netherlands Antilles","2008","US$","3686741319.553073"
"Former Netherlands Antilles","2009","US$","3726170737.4301677"
"Former Netherlands Antilles","2010","...","..."
"Former Netherlands Antilles","2011","...","..."
"Former Netherlands Antilles","2012","...","..."
"Former Netherlands Antilles","2013","...","..."
"Former Netherlands Antilles","2014","...","..."
"Former Netherlands Antilles","2015","...","..."
"Former Netherlands Antilles","2016","...","..."
"Former Netherlands Antilles","2017","...","..."
"Former Netherlands Antilles","2018","...","..."
"Former Netherlands Antilles","2019","...","..."
"Former Netherlands Antilles","2020","...","..."
"Former Netherlands Antilles","2021","...","..."
"Former Netherlands Antilles","2022","...","..."
"Former Netherlands Antilles","2023","...","..."
"Former Sudan","1970","US$","1233693283.2673557"
"Former Sudan","1971","US$","1338753593.7356508"
"Former Sudan","1972","US$","1659118327.5678296"
"Former Sudan","1973","US$","2134480189.9324532"
"Former Sudan","1974","US$","2600396331.419863"
"Former Sudan","1975","US$","3242133840.442659"
"Former Sudan","1976","US$","4043202194.265371"
"Former Sudan","1977","US$","4750817656.639671"
"Former Sudan","1978","US$","5111632358.684973"
"Former Sudan","1979","US$","5646498653.933585"
"Former Sudan","1980","US$","6365486012.730972"
"Former Sudan","1981","US$","7672758464.738102"
"Former Sudan","1982","US$","5807458789.078596"
"Former Sudan","1983","US$","5234454615.384616"
"Former Sudan","1984","US$","7061693846.153847"
"Former Sudan","1985","US$","6623773179.784056"
"Former Sudan","1986","US$","8978234800"
"Former Sudan","1987","US$","11623565666.666666"
"Former Sudan","1988","US$","11542303111.111113"
"Former Sudan","1989","US$","11338724973.193932"
"Former Sudan","1990","US$","12646692111.065115"
"Former Sudan","1991","US$","11329070982.912344"
"Former Sudan","1992","US$","12116635165.221565"
"Former Sudan","1993","US$","12528649867.897055"
"Former Sudan","1994","US$","11884304301.173954"
"Former Sudan","1995","US$","12847187343.204958"
"Former Sudan","1996","US$","8377204018.255082"
"Former Sudan","1997","US$","10241121411.017345"
"Former Sudan","1998","US$","10924153611.249544"
"Former Sudan","1999","US$","10714222610.732826"
"Former Sudan","2000","US$","13092089677.488356"
"Former Sudan","2001","US$","15716361226.73591"
"Former Sudan","2002","US$","18137125704.899586"
"Former Sudan","2003","US$","21355295464.98676"
"Former Sudan","2004","US$","26646006923.867313"
"Former Sudan","2005","US$","35182655040.417114"
"Former Sudan","2006","US$","45263776747.61312"
"Former Sudan","2007","US$","59440603144.68529"
"Former Sudan","2008","...","..."
"Former Sudan","2009","...","..."
"Former Sudan","2010","...","..."
"Former Sudan","2011","...","..."
"Former Sudan","2012","...","..."
"Former Sudan","2013","...","..."
"Former Sudan","2014","...","..."
"Former Sudan","2015","...","..."
"Former Sudan","2016","...","..."
"Former Sudan","2017","...","..."
"Former Sudan","2018","...","..."
"Former Sudan","2019","...","..."
"Former Sudan","2020","...","..."
"Former Sudan","2021","...","..."
"Former Sudan","2022","...","..."
"Former Sudan","2023","...","..."
"Former USSR","1970","US$","433412461168.88885"
"Former USSR","1971","US$","455576460934.44446"
"Former USSR","1972","US$","515797471199.271"
"Former USSR","1973","US$","617777387022.973"
"Former USSR","1974","US$","616593066088.0829"
"Former USSR","1975","US$","685971572349.9309"
"Former USSR","1976","US$","688530165752.6316"
"Former USSR","1977","US$","738416534350.4736"
"Former USSR","1978","US$","840138635669.5906"
"Former USSR","1979","US$","901615848297.2561"
"Former USSR","1980","US$","940037885448.4849"
"Former USSR","1981","US$","906864339722.2223"
"Former USSR","1982","US$","959947826212.3287"
"Former USSR","1983","US$","993047901289.9729"
"Former USSR","1984","US$","938264302955.774"
"Former USSR","1985","US$","914117647058.8236"
"Former USSR","1986","US$","851172592353.213"
"Former USSR","1987","US$","800385112488.4474"
"Former USSR","1988","US$","783628871217.8549"
"Former USSR","1989","US$","781831641461.3469"
"Former USSR","1990","US$","790484356841.7296"
"Former USSR","1991","...","..."
"Former USSR","1992","...","..."
"Former USSR","1993","...","..."
"Former USSR","1994","...","..."
"Former USSR","1995","...","..."
"Former USSR","1996","...","..."
"Former USSR","1997","...","..."
"Former USSR","1998","...","..."
"Former USSR","1999","...","..."
"Former USSR","2000","...","..."
"Former USSR","2001","...","..."
"Former USSR","2002","...","..."
"Former USSR","2003","...","..."
"Former USSR","2004","...","..."
"Former USSR","2005","...","..."
"Former USSR","2006","...","..."
"Former USSR","2007","...","..."
"Former USSR","2008","...","..."
"Former USSR","2009","...","..."
"Former USSR","2010","...","..."
"Former USSR","2011","...","..."
"Former USSR","2012","...","..."
"Former USSR","2013","...","..."
"Former USSR","2014","...","..."
"Former USSR","2015","...","..."
"Former USSR","2016","...","..."
"Former USSR","2017","...","..."
"Former USSR","2018","...","..."
"Former USSR","2019","...","..."
"Former USSR","2020","...","..."
"Former USSR","2021","...","..."
"Former USSR","2022","...","..."
"Former USSR","2023","...","..."
"Former Yugoslavia","1970","US$","14553599985.446402"
"Former Yugoslavia","1971","US$","15801743320.976814"
"Former Yugoslavia","1972","US$","16484705882.352942"
"Former Yugoslavia","1973","US$","21471934325.845867"
"Former Yugoslavia","1974","US$","29706205814.595707"
"Former Yugoslavia","1975","US$","33279200500.966866"
"Former Yugoslavia","1976","US$","37562748992.35215"
"Former Yugoslavia","1977","US$","45672886338.68586"
"Former Yugoslavia","1978","US$","54338002854.62803"
"Former Yugoslavia","1979","US$","68198420579.12385"
"Former Yugoslavia","1980","US$","69958906197.35007"
"Former Yugoslavia","1981","US$","68930426101.29991"
"Former Yugoslavia","1982","US$","62827496930.58987"
"Former Yugoslavia","1983","US$","64374354198.93662"
"Former Yugoslavia","1984","US$","69032292614.85608"
"Former Yugoslavia","1985","US$","73345962425.85654"
"Former Yugoslavia","1986","US$","79426756340.97911"
"Former Yugoslavia","1987","US$","84576485627.03784"
"Former Yugoslavia","1988","US$","87679371359.66055"
"Former Yugoslavia","1989","US$","94307528629.18091"
"Former Yugoslavia","1990","US$","88173562785.5362"
"Former Yugoslavia","1991","...","..."
"Former Yugoslavia","1992","...","..."
"Former Yugoslavia","1993","...","..."
"Former Yugoslavia","1994","...","..."
"Former Yugoslavia","1995","...","..."
"Former Yugoslavia","1996","...","..."
"Former Yugoslavia","1997","...","..."
"Former Yugoslavia","1998","...","..."
"Former Yugoslavia","1999","...","..."
"Former Yugoslavia","2000","...","..."
"Former Yugoslavia","2001","...","..."
"Former Yugoslavia","2002","...","..."
"Former Yugoslavia","2003","...","..."
"Former Yugoslavia","2004","...","..."
"Former Yugoslavia","2005","...","..."
"Former Yugoslavia","2006","...","..."
"Former Yugoslavia","2007","...","..."
"Former Yugoslavia","2008","...","..."
"Former Yugoslavia","2009","...","..."
"Former Yugoslavia","2010","...","..."
"Former Yugoslavia","2011","...","..."
"Former Yugoslavia","2012","...","..."
"Former Yugoslavia","2013","...","..."
"Former Yugoslavia","2014","...","..."
"Former Yugoslavia","2015","...","..."
"Former Yugoslavia","2016","...","..."
"Former Yugoslavia","2017","...","..."
"Former Yugoslavia","2018","...","..."
"Former Yugoslavia","2019","...","..."
"Former Yugoslavia","2020","...","..."
"Former Yugoslavia","2021","...","..."
"Former Yugoslavia","2022","...","..."
"Former Yugoslavia","2023","...","..."
"France","1970","US$","146921610578.26093"
"France","1971","US$","164246633242.7171"
"France","1972","US$","201611770413.41727"
"France","1973","US$","262334407394.5967"
"France","1974","US$","283092383418.6677"
"France","1975","US$","356795783241.8971"
"France","1976","US$","368490476798.243"
"France","1977","US$","406741193084.3174"
"France","1978","US$","501711540666.60956"
"France","1979","US$","608235842453.1698"
"France","1980","US$","694545618971.541"
"France","1981","US$","609184277553.6827"
"France","1982","US$","578146432751.4751"
"France","1983","US$","553376114016.4904"
"France","1984","US$","525046249430.9221"
"France","1985","US$","547225487098.8546"
"France","1986","US$","764964068761.29"
"France","1987","US$","926293987410.6912"
"France","1988","US$","1010794377704.7781"
"France","1989","US$","1016693810105.3132"
"France","1990","US$","1257608803749.3057"
"France","1991","US$","1258910313530.6777"
"France","1992","US$","1389599325064.7346"
"France","1993","US$","1314453630772.898"
"France","1994","US$","1385816550663.4043"
"France","1995","US$","1595121651526.976"
"France","1996","US$","1598978652387.7083"
"France","1997","US$","1449395629814.9485"
"France","1998","US$","1496947383211.5134"
"France","1999","US$","1486915879701.864"
"France","2000","US$","1360959069477.4805"
"France","2001","US$","1370376677298.9211"
"France","2002","US$","1492427756382.434"
"France","2003","US$","1835095983049.1584"
"France","2004","US$","2109792297236.9985"
"France","2005","US$","2192146403028.099"
"France","2006","US$","2317861544690.8027"
"France","2007","US$","2655816911866.5757"
"France","2008","US$","2926802941585.859"
"France","2009","US$","2700075882518.9824"
"France","2010","US$","2646230027988.4014"
"France","2011","US$","2870408553990.298"
"France","2012","US$","2683007095787.227"
"France","2013","US$","2816077607875.285"
"France","2014","US$","2861236112552.376"
"France","2015","US$","2442483452642.4985"
"France","2016","US$","2470407619777.195"
"France","2017","US$","2588868323334.734"
"France","2018","US$","2781576320884.3403"
"France","2019","US$","2722793515171.7114"
"France","2020","US$","2647926055110.001"
"France","2021","US$","2966433692008.092"
"France","2022","US$","2796302210398.8438"
"France","2023","US$","3051831611384.76"
"French Polynesia","1970","US$","262818818.5742641"
"French Polynesia","1971","US$","307129062.4211949"
"French Polynesia","1972","US$","337719370.27840734"
"French Polynesia","1973","US$","446162848.4239335"
"French Polynesia","1974","US$","574540872.5279467"
"French Polynesia","1975","US$","714189898.2407494"
"French Polynesia","1976","US$","808970218.639404"
"French Polynesia","1977","US$","870355129.309755"
"French Polynesia","1978","US$","1100571441.9591572"
"French Polynesia","1979","US$","1367015604.7651513"
"French Polynesia","1980","US$","1558181177.3656578"
"French Polynesia","1981","US$","1457363800.148337"
"French Polynesia","1982","US$","1464752358.3271239"
"French Polynesia","1983","US$","1521082070.6065085"
"French Polynesia","1984","US$","1570197868.859547"
"French Polynesia","1985","US$","1716110860.0103154"
"French Polynesia","1986","US$","2620608542.4819894"
"French Polynesia","1987","US$","2895619504.530545"
"French Polynesia","1988","US$","2936769079.6402116"
"French Polynesia","1989","US$","2962974476.161357"
"French Polynesia","1990","US$","3568060961.576441"
"French Polynesia","1991","US$","3684041170.228092"
"French Polynesia","1992","US$","3991655693.9920206"
"French Polynesia","1993","US$","3795920457.8607287"
"French Polynesia","1994","US$","3924326846.1475444"
"French Polynesia","1995","US$","4420602334.596824"
"French Polynesia","1996","US$","4260362478.2219443"
"French Polynesia","1997","US$","4073680198.5368886"
"French Polynesia","1998","US$","4243838924.940995"
"French Polynesia","1999","US$","4202072982.257547"
"French Polynesia","2000","US$","3766388813.0217624"
"French Polynesia","2001","US$","3696244243.908094"
"French Polynesia","2002","US$","3949883625.663271"
"French Polynesia","2003","US$","4933662130.530042"
"French Polynesia","2004","US$","5563062174.590068"
"French Polynesia","2005","US$","5705052111.289733"
"French Polynesia","2006","US$","5877997996.952531"
"French Polynesia","2007","US$","6631156410.685037"
"French Polynesia","2008","US$","7136741397.501409"
"French Polynesia","2009","US$","6584557942.407721"
"French Polynesia","2010","US$","6086644790.808604"
"French Polynesia","2011","US$","6203940049.227274"
"French Polynesia","2012","US$","5692858093.8448515"
"French Polynesia","2013","US$","6031827089.125307"
"French Polynesia","2014","US$","6151996534.960766"
"French Polynesia","2015","US$","5325846341.790897"
"French Polynesia","2016","US$","5497036486.744865"
"French Polynesia","2017","US$","5833352684.452636"
"French Polynesia","2018","US$","6135116260.648135"
"French Polynesia","2019","US$","6022276207.18983"
"French Polynesia","2020","US$","5792541444.597285"
"French Polynesia","2021","US$","6150640672.832711"
"French Polynesia","2022","US$","5814661197.421789"
"French Polynesia","2023","US$","6397989106.299992"
"Gabon","1970","US$","409868980.6295399"
"Gabon","1971","US$","483139269.7721575"
"Gabon","1972","US$","544937222.8263108"
"Gabon","1973","US$","915055999.179172"
"Gabon","1974","US$","1955448641.9026096"
"Gabon","1975","US$","2732530874.728533"
"Gabon","1976","US$","3810952921.8686223"
"Gabon","1977","US$","3557496793.704823"
"Gabon","1978","US$","3025973772.1194224"
"Gabon","1979","US$","3837387704.657631"
"Gabon","1980","US$","5421358870.690235"
"Gabon","1981","US$","4891487764.265442"
"Gabon","1982","US$","4581699101.663587"
"Gabon","1983","US$","4295571665.891548"
"Gabon","1984","US$","4509498881.527482"
"Gabon","1985","US$","4639097508.723156"
"Gabon","1986","US$","4392141585.676604"
"Gabon","1987","US$","4300463928.60333"
"Gabon","1988","US$","4309517557.166905"
"Gabon","1989","US$","4636843738.810287"
"Gabon","1990","US$","6039491584.803992"
"Gabon","1991","US$","6013426380.892526"
"Gabon","1992","US$","6224479113.46342"
"Gabon","1993","US$","6016949368.717316"
"Gabon","1994","US$","4664441901.06955"
"Gabon","1995","US$","5519177403.619996"
"Gabon","1996","US$","6337446076.532066"
"Gabon","1997","US$","5951611064.162065"
"Gabon","1998","US$","5014553027.066724"
"Gabon","1999","US$","5164309958.073812"
"Gabon","2000","US$","5690917721.13747"
"Gabon","2001","US$","5186148020.853227"
"Gabon","2002","US$","5428822539.568063"
"Gabon","2003","US$","6572024340.847047"
"Gabon","2004","US$","7858219483.985049"
"Gabon","2005","US$","9582783997.221413"
"Gabon","2006","US$","10327598308.529716"
"Gabon","2007","US$","12455409574.940777"
"Gabon","2008","US$","15571348329.22786"
"Gabon","2009","US$","12113713943.782715"
"Gabon","2010","US$","14372640394.111246"
"Gabon","2011","US$","18210344883.03899"
"Gabon","2012","US$","17170485095.809917"
"Gabon","2013","US$","17595680539.73653"
"Gabon","2014","US$","18203881656.338764"
"Gabon","2015","US$","14383172777.224249"
"Gabon","2016","US$","14023829320.476807"
"Gabon","2017","US$","14929646484.180428"
"Gabon","2018","US$","16867332320.414202"
"Gabon","2019","US$","16874405460.196362"
"Gabon","2020","US$","15342277141.542412"
"Gabon","2021","US$","19444911680.235355"
"Gabon","2022","US$","20440724178.517433"
"Gabon","2023","US$","20055731425.235786"
"Gambia","1970","US$","160123457.55426815"
"Gambia","1971","US$","167920616.59793314"
"Gambia","1972","US$","218616303.02825335"
"Gambia","1973","US$","372531721.5352075"
"Gambia","1974","US$","487688006.11062676"
"Gambia","1975","US$","584746535.0781536"
"Gambia","1976","US$","537619550.6772393"
"Gambia","1977","US$","567944222.316123"
"Gambia","1978","US$","675161684.0498403"
"Gambia","1979","US$","740228039.9697976"
"Gambia","1980","US$","837578296.2888049"
"Gambia","1981","US$","887209641.0342349"
"Gambia","1982","US$","890597604.712695"
"Gambia","1983","US$","880489734.559223"
"Gambia","1984","US$","861844140.1167208"
"Gambia","1985","US$","1087447882.9205942"
"Gambia","1986","US$","738796070.5962622"
"Gambia","1987","US$","826245468.7211611"
"Gambia","1988","US$","1036326994.6665912"
"Gambia","1989","US$","1077303715.4856122"
"Gambia","1990","US$","1176046782.5476818"
"Gambia","1991","US$","1147246779.217493"
"Gambia","1992","US$","1187038577.1360927"
"Gambia","1993","US$","1254823062.695004"
"Gambia","1994","US$","1240618605.421072"
"Gambia","1995","US$","1306274572.7440403"
"Gambia","1996","US$","1409712121.0503325"
"Gambia","1997","US$","1335580139.5401993"
"Gambia","1998","US$","1396492932.886095"
"Gambia","1999","US$","1354012064.5219283"
"Gambia","2000","US$","1301145838.8299873"
"Gambia","2001","US$","1142424359.8612266"
"Gambia","2002","US$","960985840.2210081"
"Gambia","2003","US$","809425088.0913744"
"Gambia","2004","US$","961900641.7453619"
"Gambia","2005","US$","1027701054.6938349"
"Gambia","2006","US$","1054112486.3156039"
"Gambia","2007","US$","1279703031.3198972"
"Gambia","2008","US$","1561766954.9191499"
"Gambia","2009","US$","1450142496.1490169"
"Gambia","2010","US$","1543294945.171548"
"Gambia","2011","US$","1409693592.7676582"
"Gambia","2012","US$","1415004743.9587595"
"Gambia","2013","US$","1375609554.337561"
"Gambia","2014","US$","1229462227.7153862"
"Gambia","2015","US$","1378177509.3345022"
"Gambia","2016","US$","1484577991.0543134"
"Gambia","2017","US$","1504909700.945071"
"Gambia","2018","US$","1667680798.8442845"
"Gambia","2019","US$","1813610388.2672822"
"Gambia","2020","US$","1812170701.6129825"
"Gambia","2021","US$","2048910157.1958647"
"Gambia","2022","US$","2204762612.0947976"
"Gambia","2023","US$","2401157156.752461"
"Georgia","1970","...","..."
"Georgia","1971","...","..."
"Georgia","1972","...","..."
"Georgia","1973","...","..."
"Georgia","1974","...","..."
"Georgia","1975","...","..."
"Georgia","1976","...","..."
"Georgia","1977","...","..."
"Georgia","1978","...","..."
"Georgia","1979","...","..."
"Georgia","1980","...","..."
"Georgia","1981","...","..."
"Georgia","1982","...","..."
"Georgia","1983","...","..."
"Georgia","1984","...","..."
"Georgia","1985","...","..."
"Georgia","1986","...","..."
"Georgia","1987","...","..."
"Georgia","1988","...","..."
"Georgia","1989","...","..."
"Georgia","1990","US$","8877890914.350554"
"Georgia","1991","US$","7220124555.490479"
"Georgia","1992","US$","4098293360.646829"
"Georgia","1993","US$","2966564743.0404816"
"Georgia","1994","US$","2715368010.244159"
"Georgia","1995","US$","2843758459.7238126"
"Georgia","1996","US$","3222645742.793792"
"Georgia","1997","US$","3693015455.8766856"
"Georgia","1998","US$","3801321704.3015175"
"Georgia","1999","US$","2945566975.1627913"
"Georgia","2000","US$","3216917301.678328"
"Georgia","2001","US$","3386804047.885122"
"Georgia","2002","US$","3572285321.3704214"
"Georgia","2003","US$","4198839434.670147"
"Georgia","2004","US$","5392192488.978165"
"Georgia","2005","US$","6744165038.961756"
"Georgia","2006","US$","8147842045.756666"
"Georgia","2007","US$","10701691611.351925"
"Georgia","2008","US$","13460184476.256992"
"Georgia","2009","US$","11326537102.583586"
"Georgia","2010","US$","12426715155.810919"
"Georgia","2011","US$","15475509074.066048"
"Georgia","2012","US$","16894300541.50626"
"Georgia","2013","US$","17517496485.405956"
"Georgia","2014","US$","17966244475.17459"
"Georgia","2015","US$","15223869962.580902"
"Georgia","2016","US$","15444674287.464745"
"Georgia","2017","US$","16473034641.783836"
"Georgia","2018","US$","17905435774.218002"
"Georgia","2019","US$","17645041000.019516"
"Georgia","2020","US$","16014239786.749277"
"Georgia","2021","US$","18849306399.542683"
"Georgia","2022","US$","24984589200.329197"
"Georgia","2023","US$","30535520618.858154"
"Germany","1970","US$","216625955432.92758"
"Germany","1971","US$","250900686939.4959"
"Germany","1972","US$","300895036181.12024"
"Germany","1973","US$","399839809073.10156"
"Germany","1974","US$","446936469759.6624"
"Germany","1975","US$","492423464992.0593"
"Germany","1976","US$","521645358439.9351"
"Germany","1977","US$","602691478142.3667"
"Germany","1978","US$","743187483874.8997"
"Germany","1979","US$","884538003258.317"
"Germany","1980","US$","953815388353.2803"
"Germany","1981","US$","803391134169.5286"
"Germany","1982","US$","779423758574.5034"
"Germany","1983","US$","773531479329.8331"
"Germany","1984","US$","727764325832.4514"
"Germany","1985","US$","735205898950.4391"
"Germany","1986","US$","1050128755869.904"
"Germany","1987","US$","1302943992158.9111"
"Germany","1988","US$","1406298754649.0457"
"Germany","1989","US$","1404165900819.9634"
"Germany","1990","US$","1778137796754.233"
"Germany","1991","US$","1875770068824.2197"
"Germany","1992","US$","2141487630839.1765"
"Germany","1993","US$","2078881619891.2834"
"Germany","1994","US$","2215225276526.6445"
"Germany","1995","US$","2592879647834.377"
"Germany","1996","US$","2506645574036.8516"
"Germany","1997","US$","2218769191534.11"
"Germany","1998","US$","2247750977116.36"
"Germany","1999","US$","2213873468586.774"
"Germany","2000","US$","1966980701145.084"
"Germany","2001","US$","1966381496641.8228"
"Germany","2002","US$","2102350798305.886"
"Germany","2003","US$","2534715518349.103"
"Germany","2004","US$","2852317768061.7373"
"Germany","2005","US$","2893393187361.7725"
"Germany","2006","US$","3046308753670.5605"
"Germany","2007","US$","3484056680854.937"
"Germany","2008","US$","3808786022312.499"
"Germany","2009","US$","3479800820863.279"
"Germany","2010","US$","3468154343000.0894"
"Germany","2011","US$","3824828563521.435"
"Germany","2012","US$","3597896500945.3135"
"Germany","2013","US$","3808086291482.394"
"Germany","2014","US$","3965800686309.727"
"Germany","2015","US$","3423568450957.0293"
"Germany","2016","US$","3537784107980.6514"
"Germany","2017","US$","3763092263752.9814"
"Germany","2018","US$","4052008447223.454"
"Germany","2019","US$","3957208055215.609"
"Germany","2020","US$","3940142541354.029"
"Germany","2021","US$","4348297440387.527"
"Germany","2022","US$","4163596357879.3936"
"Germany","2023","US$","4525703903627.531"
"Ghana","1970","US$","4697713818.69731"
"Ghana","1971","US$","5128224573.990892"
"Ghana","1972","US$","4481258332.386366"
"Ghana","1973","US$","4185346628.0155916"
"Ghana","1974","US$","4874583136.7694025"
"Ghana","1975","US$","4663984040.832965"
"Ghana","1976","US$","4746957106.788382"
"Ghana","1977","US$","5156559712.873244"
"Ghana","1978","US$","5987078547.384325"
"Ghana","1979","US$","6320860254.249587"
"Ghana","1980","US$","6923588080.551967"
"Ghana","1981","US$","7313882210.8001375"
"Ghana","1982","US$","7228234242.023875"
"Ghana","1983","US$","7168415281.699138"
"Ghana","1984","US$","8069301568.884969"
"Ghana","1985","US$","8747378014.282331"
"Ghana","1986","US$","9388694470.994263"
"Ghana","1987","US$","10082619964.32974"
"Ghana","1988","US$","11025768732.10187"
"Ghana","1989","US$","11139999506.305677"
"Ghana","1990","US$","13213508686.594524"
"Ghana","1991","US$","14856385575.923569"
"Ghana","1992","US$","14609775908.535917"
"Ghana","1993","US$","12662627054.04239"
"Ghana","1994","US$","11553353899.100613"
"Ghana","1995","US$","13713930860.58165"
"Ghana","1996","US$","14707009058.374662"
"Ghana","1997","US$","14618192882.821327"
"Ghana","1998","US$","15871065350.718372"
"Ghana","1999","US$","16371917637.99236"
"Ghana","2000","US$","10569787946.657093"
"Ghana","2001","US$","11274085579.254488"
"Ghana","2002","US$","13079946041.274134"
"Ghana","2003","US$","16190785267.1526"
"Ghana","2004","US$","18839567115.374443"
"Ghana","2005","US$","22791729629.309948"
"Ghana","2006","US$","27055880242.11661"
"Ghana","2007","US$","32862651219.611664"
"Ghana","2008","US$","37961490148.4878"
"Ghana","2009","US$","34479423939.59516"
"Ghana","2010","US$","42618441468.781784"
"Ghana","2011","US$","52067731555.774765"
"Ghana","2012","US$","54629063788.5872"
"Ghana","2013","US$","62824629058.974945"
"Ghana","2014","US$","54783320579.30487"
"Ghana","2015","US$","49406014244.622025"
"Ghana","2016","US$","56164933476.846695"
"Ghana","2017","US$","60405920078.91757"
"Ghana","2018","US$","67298913746.135765"
"Ghana","2019","US$","68337974427.584755"
"Ghana","2020","US$","70043095502.71417"
"Ghana","2021","US$","79524421863.85794"
"Ghana","2022","US$","74263364044.0501"
"Ghana","2023","US$","76370394410.27994"
"Greece","1970","US$","12951066970.813969"
"Greece","1971","US$","14382092027.804678"
"Greece","1972","US$","16642722354.445517"
"Greece","1973","US$","22026568328.37377"
"Greece","1974","US$","24986799971.168274"
"Greece","1975","US$","28140757152.785416"
"Greece","1976","US$","30728651504.340958"
"Greece","1977","US$","35669844524.68783"
"Greece","1978","US$","43639551004.147125"
"Greece","1979","US$","53725729071.04265"
"Greece","1980","US$","56054038978.70875"
"Greece","1981","US$","51616158389.924774"
"Greece","1982","US$","53845312977.419106"
"Greece","1983","US$","48733399339.39557"
"Greece","1984","US$","47353623660.958954"
"Greece","1985","US$","47151266062.18945"
"Greece","1986","US$","55595021830.946205"
"Greece","1987","US$","64732244501.75184"
"Greece","1988","US$","75197283743.53679"
"Greece","1989","US$","78060659216.8597"
"Greece","1990","US$","96531404022.88527"
"Greece","1991","US$","103681295084.98758"
"Greece","1992","US$","114602947742.74521"
"Greece","1993","US$","107298866838.19342"
"Greece","1994","US$","114985363077.03847"
"Greece","1995","US$","134982298372.30746"
"Greece","1996","US$","142499584543.18823"
"Greece","1997","US$","138758506576.43314"
"Greece","1998","US$","139614404219.17157"
"Greece","1999","US$","143445520859.9091"
"Greece","2000","US$","126976195287.78807"
"Greece","2001","US$","132050474720.036"
"Greece","2002","US$","150253800085.8646"
"Greece","2003","US$","196930509813.3912"
"Greece","2004","US$","234979615898.22076"
"Greece","2005","US$","242315668619.39746"
"Greece","2006","US$","269073415333.67404"
"Greece","2007","US$","314226996944.1102"
"Greece","2008","US$","351121399546.4851"
"Greece","2009","US$","326829054686.306"
"Greece","2010","US$","296417644404.04095"
"Greece","2011","US$","283228079776.0434"
"Greece","2012","US$","238841140018.23288"
"Greece","2013","US$","236556279640.70724"
"Greece","2014","US$","233911581521.0586"
"Greece","2015","US$","194567373678.09912"
"Greece","2016","US$","193097239005.87546"
"Greece","2017","US$","200381103984.2998"
"Greece","2018","US$","213298873494.38977"
"Greece","2019","US$","207305649887.01556"
"Greece","2020","US$","191362985554.85794"
"Greece","2021","US$","218303801895.32596"
"Greece","2022","US$","218880566444.3491"
"Greece","2023","US$","243498333237.80234"
"Greenland","1970","US$","75968099.93416098"
"Greenland","1971","US$","96786120.64273034"
"Greenland","1972","US$","115942458.27681844"
"Greenland","1973","US$","153153359.476511"
"Greenland","1974","US$","185679412.9822769"
"Greenland","1975","US$","230780976.3460371"
"Greenland","1976","US$","263112567.98162335"
"Greenland","1977","US$","308451198.48332626"
"Greenland","1978","US$","389006393.07097155"
"Greenland","1979","US$","459661957.05021995"
"Greenland","1980","US$","520207001.7616468"
"Greenland","1981","US$","476166044.8209645"
"Greenland","1982","US$","439727150.43147963"
"Greenland","1983","US$","454786411.40553844"
"Greenland","1984","US$","414559799.2427753"
"Greenland","1985","US$","451171922.717036"
"Greenland","1986","US$","658947893.8681692"
"Greenland","1987","US$","860423278.4544572"
"Greenland","1988","US$","981956233.5429193"
"Greenland","1989","US$","1016041638.4012694"
"Greenland","1990","US$","1113490426.4994411"
"Greenland","1991","US$","1110783448.705339"
"Greenland","1992","US$","1134185944.202691"
"Greenland","1993","US$","1013216025.8032438"
"Greenland","1994","US$","1099186690.1482072"
"Greenland","1995","US$","1321087417.5794744"
"Greenland","1996","US$","1308588813.47251"
"Greenland","1997","US$","1171599951.144119"
"Greenland","1998","US$","1256510924.9704509"
"Greenland","1999","US$","1236510245.0603764"
"Greenland","2000","US$","1167087522.9348145"
"Greenland","2001","US$","1186916230.8316865"
"Greenland","2002","US$","1277577634.2335377"
"Greenland","2003","US$","1558759744.2091348"
"Greenland","2004","US$","1822499870.6405149"
"Greenland","2005","US$","1849802648.3639076"
"Greenland","2006","US$","2013106816.6601143"
"Greenland","2007","US$","2249811364.541985"
"Greenland","2008","US$","2499092396.118383"
"Greenland","2009","US$","2529964060.5374737"
"Greenland","2010","US$","2503167187.4930544"
"Greenland","2011","US$","2684461607.9311323"
"Greenland","2012","US$","2609678694.9447937"
"Greenland","2013","US$","2684947140.151804"
"Greenland","2014","US$","2842065877.1544285"
"Greenland","2015","US$","2499113085.482547"
"Greenland","2016","US$","2707139441.016124"
"Greenland","2017","US$","2851613477.9480343"
"Greenland","2018","US$","3055782249.396235"
"Greenland","2019","US$","2997310144.8987308"
"Greenland","2020","US$","3082884557.035319"
"Greenland","2021","US$","3235809461.838163"
"Greenland","2022","US$","2926118824.0927186"
"Greenland","2023","US$","3040729827.5947375"
"Grenada","1970","US$","19107860.99044607"
"Grenada","1971","US$","24188724.263927188"
"Grenada","1972","US$","32322518.224098198"
"Grenada","1973","US$","39823907.18050931"
"Grenada","1974","US$","41171796.06619976"
"Grenada","1975","US$","50648011.83704989"
"Grenada","1976","US$","50724923.510268226"
"Grenada","1977","US$","56822252.96296296"
"Grenada","1978","US$","70196691.1111111"
"Grenada","1979","US$","81261571.48148148"
"Grenada","1980","US$","88141245.18518518"
"Grenada","1981","US$","94555484.44444443"
"Grenada","1982","US$","104460465.92592593"
"Grenada","1983","US$","110351093.7037037"
"Grenada","1984","US$","119950635.55555555"
"Grenada","1985","US$","135789878.88888887"
"Grenada","1986","US$","152894516.66666666"
"Grenada","1987","US$","177198810.74074072"
"Grenada","1988","US$","195787013.7037037"
"Grenada","1989","US$","214418851.48148146"
"Grenada","1990","US$","236105088.5185185"
"Grenada","1991","US$","247493635.55555555"
"Grenada","1992","US$","252206137.77777776"
"Grenada","1993","US$","251922948.5185185"
"Grenada","1994","US$","264363789.25925925"
"Grenada","1995","US$","278236664.07407403"
"Grenada","1996","US$","298353047.4074074"
"Grenada","1997","US$","321228881.1111111"
"Grenada","1998","US$","352954138.1481481"
"Grenada","1999","US$","379913750.7407407"
"Grenada","2000","US$","520044444.4444444"
"Grenada","2001","US$","520444444.4444444"
"Grenada","2002","US$","540337037.037037"
"Grenada","2003","US$","591018518.5185184"
"Grenada","2004","US$","599118518.5185184"
"Grenada","2005","US$","695370370.3703703"
"Grenada","2006","US$","698700000"
"Grenada","2007","US$","758685185.1851852"
"Grenada","2008","US$","825977777.7777777"
"Grenada","2009","US$","771277777.7777777"
"Grenada","2010","US$","771013243.7037036"
"Grenada","2011","US$","778655912.5925926"
"Grenada","2012","US$","799882252.9629629"
"Grenada","2013","US$","842620095.1851851"
"Grenada","2014","US$","911496492.9629629"
"Grenada","2015","US$","997008748.5185184"
"Grenada","2016","US$","1061640815.1851851"
"Grenada","2017","US$","1125685976.6666665"
"Grenada","2018","US$","1166514814.8148148"
"Grenada","2019","US$","1213485185.1851852"
"Grenada","2020","US$","1043411111.111111"
"Grenada","2021","US$","1122819682.5925925"
"Grenada","2022","US$","1224577777.7777777"
"Grenada","2023","US$","1316733333.3333333"
"Guatemala","1970","US$","1670434427"
"Guatemala","1971","US$","1741322611.1451097"
"Guatemala","1972","US$","1843794638"
"Guatemala","1973","US$","2254121414.187843"
"Guatemala","1974","US$","2773675653.386838"
"Guatemala","1975","US$","3198741558.1987414"
"Guatemala","1976","US$","3829804312.8298044"
"Guatemala","1977","US$","4808201620.808202"
"Guatemala","1978","US$","5325825734.325826"
"Guatemala","1979","US$","6056202133.056202"
"Guatemala","1980","US$","6912826174.912826"
"Guatemala","1981","US$","7551784890.5517845"
"Guatemala","1982","US$","7647940149.64794"
"Guatemala","1983","US$","7939739776.939739"
"Guatemala","1984","US$","8308568886.461906"
"Guatemala","1985","US$","9808538284"
"Guatemala","1986","US$","7410786413.866667"
"Guatemala","1987","US$","6215349608.4"
"Guatemala","1988","US$","6880726587.561645"
"Guatemala","1989","US$","7378697959.483204"
"Guatemala","1990","US$","6711732893.249195"
"Guatemala","1991","US$","8252270849.175164"
"Guatemala","1992","US$","9159997390.453388"
"Guatemala","1993","US$","10001592310.698734"
"Guatemala","1994","US$","11390554627.01196"
"Guatemala","1995","US$","12858227572.987307"
"Guatemala","1996","US$","13846817597.12043"
"Guatemala","1997","US$","15603554979.07965"
"Guatemala","1998","US$","17015562638.996338"
"Guatemala","1999","US$","16070603403.104145"
"Guatemala","2000","US$","16922733965.199512"
"Guatemala","2001","US$","18406008570.87322"
"Guatemala","2002","US$","20446828058.547787"
"Guatemala","2003","US$","21569748082.908028"
"Guatemala","2004","US$","23584961075.400646"
"Guatemala","2005","US$","26779380066.027454"
"Guatemala","2006","US$","29751362203.36887"
"Guatemala","2007","US$","33571717882.767788"
"Guatemala","2008","US$","38515200749.60038"
"Guatemala","2009","US$","37134983994.60518"
"Guatemala","2010","US$","40682126237.31234"
"Guatemala","2011","US$","46898396134.31179"
"Guatemala","2012","US$","49588767014.03933"
"Guatemala","2013","US$","52996447871.505165"
"Guatemala","2014","US$","57852150461.18632"
"Guatemala","2015","US$","62186064755.19003"
"Guatemala","2016","US$","66053402645.120605"
"Guatemala","2017","US$","71653756545.12634"
"Guatemala","2018","US$","73328369928.24173"
"Guatemala","2019","US$","77172313912.78384"
"Guatemala","2020","US$","77719464225.39224"
"Guatemala","2021","US$","86478831914.13762"
"Guatemala","2022","US$","95630527902.6618"
"Guatemala","2023","US$","104450555094.35728"
"Guinea","1970","US$","765403950.1994466"
"Guinea","1971","US$","847360822.5958074"
"Guinea","1972","US$","904485345.4977754"
"Guinea","1973","US$","969003156.8527768"
"Guinea","1974","US$","1111653653.091346"
"Guinea","1975","US$","1249567565.9929955"
"Guinea","1976","US$","1422794144.8887506"
"Guinea","1977","US$","1460525585.5587876"
"Guinea","1978","US$","1669501086.6349006"
"Guinea","1979","US$","1786176647.4550219"
"Guinea","1980","US$","1998186518.0012891"
"Guinea","1981","US$","2200594731.097033"
"Guinea","1982","US$","2378614492.9821954"
"Guinea","1983","US$","2503916120.180143"
"Guinea","1984","US$","2630574198.574974"
"Guinea","1985","US$","2849453226.7559323"
"Guinea","1986","US$","2997358256.539291"
"Guinea","1987","US$","3172975811.809641"
"Guinea","1988","US$","3492118027.02947"
"Guinea","1989","US$","3562030053.7951355"
"Guinea","1990","US$","3905810913.1658654"
"Guinea","1991","US$","4126450794.502548"
"Guinea","1992","US$","4445767832.293302"
"Guinea","1993","US$","4422624188.903011"
"Guinea","1994","US$","4633819379.735054"
"Guinea","1995","US$","5260154346.51807"
"Guinea","1996","US$","5504299589.470279"
"Guinea","1997","US$","5374564714.553802"
"Guinea","1998","US$","4906120929.524974"
"Guinea","1999","US$","4751416770.18499"
"Guinea","2000","US$","4269438239.4680233"
"Guinea","2001","US$","4075156911.1661263"
"Guinea","2002","US$","4079549317.2068896"
"Guinea","2003","US$","4765756664.953509"
"Guinea","2004","US$","5028105060.978138"
"Guinea","2005","US$","4063116991.795394"
"Guinea","2006","US$","4220019258.5194464"
"Guinea","2007","US$","6281917536.0403185"
"Guinea","2008","US$","6964179242.067006"
"Guinea","2009","US$","6716904515.921549"
"Guinea","2010","US$","6853467847.924072"
"Guinea","2011","US$","6785137288.812847"
"Guinea","2012","US$","7638045173.831314"
"Guinea","2013","US$","8376613911.966502"
"Guinea","2014","US$","8778473634.443613"
"Guinea","2015","US$","8794202415.763079"
"Guinea","2016","US$","8595955574.351377"
"Guinea","2017","US$","10324668270.876026"
"Guinea","2018","US$","11857030366.459799"
"Guinea","2019","US$","13442908182.71583"
"Guinea","2020","US$","14088693742.299078"
"Guinea","2021","US$","16266004993.51459"
"Guinea","2022","US$","19542088548.901764"
"Guinea","2023","US$","23006144246.547836"
"Guinea-Bissau","1970","US$","280871185.4582593"
"Guinea-Bissau","1971","US$","278540808.2841549"
"Guinea-Bissau","1972","US$","326060307.2336878"
"Guinea-Bissau","1973","US$","401773489.4086145"
"Guinea-Bissau","1974","US$","441499787.9319725"
"Guinea-Bissau","1975","US$","507735070.7200233"
"Guinea-Bissau","1976","US$","457054842.1122354"
"Guinea-Bissau","1977","US$","392906512.0894802"
"Guinea-Bissau","1978","US$","453825439.5493415"
"Guinea-Bissau","1979","US$","496601157.39793944"
"Guinea-Bissau","1980","US$","468922294.562081"
"Guinea-Bissau","1981","US$","510877169.0040024"
"Guinea-Bissau","1982","US$","418289811.18633384"
"Guinea-Bissau","1983","US$","419894929.76872754"
"Guinea-Bissau","1984","US$","458971673.9059414"
"Guinea-Bissau","1985","US$","415300300.7115948"
"Guinea-Bissau","1986","US$","461441091.32744384"
"Guinea-Bissau","1987","US$","499550080.8276564"
"Guinea-Bissau","1988","US$","472600014.9844419"
"Guinea-Bissau","1989","US$","568460864.1383805"
"Guinea-Bissau","1990","US$","609198226.8953454"
"Guinea-Bissau","1991","US$","648695376.2161616"
"Guinea-Bissau","1992","US$","684015158.9774991"
"Guinea-Bissau","1993","US$","716165818.4521503"
"Guinea-Bissau","1994","US$","753128714.4823865"
"Guinea-Bissau","1995","US$","799797167.9890982"
"Guinea-Bissau","1996","US$","535821702.15036535"
"Guinea-Bissau","1997","US$","412430332.383877"
"Guinea-Bissau","1998","US$","375693842.27304125"
"Guinea-Bissau","1999","US$","406012705.9545764"
"Guinea-Bissau","2000","US$","363583637.9638347"
"Guinea-Bissau","2001","US$","380431291.03767"
"Guinea-Bissau","2002","US$","410183483.9997639"
"Guinea-Bissau","2003","US$","477460301.6045364"
"Guinea-Bissau","2004","US$","532062894.80153257"
"Guinea-Bissau","2005","US$","587029096.0291127"
"Guinea-Bissau","2006","US$","592365659.8240068"
"Guinea-Bissau","2007","US$","696910784.0163018"
"Guinea-Bissau","2008","US$","868154627.8698057"
"Guinea-Bissau","2009","US$","830125578.2532957"
"Guinea-Bissau","2010","US$","849878489.1133643"
"Guinea-Bissau","2011","US$","1099817661.1195426"
"Guinea-Bissau","2012","US$","989270278.39702"
"Guinea-Bissau","2013","US$","1046087609.2093827"
"Guinea-Bissau","2014","US$","1054915717.6735692"
"Guinea-Bissau","2015","US$","1048229796.4243406"
"Guinea-Bissau","2016","US$","1179004190.6685221"
"Guinea-Bissau","2017","US$","1350177012.3286514"
"Guinea-Bissau","2018","US$","1427473461.7653155"
"Guinea-Bissau","2019","US$","1365329762.1079822"
"Guinea-Bissau","2020","US$","1396562029.6553173"
"Guinea-Bissau","2021","US$","1581029017.27242"
"Guinea-Bissau","2022","US$","1577536837.5523088"
"Guinea-Bissau","2023","US$","1841421708.5347183"
"Guyana","1970","US$","427060635.78646964"
"Guyana","1971","US$","452349877.9101619"
"Guyana","1972","US$","457871908.88388234"
"Guyana","1973","US$","488212950.4399446"
"Guyana","1974","US$","683753218.553191"
"Guyana","1975","US$","804261173.0568699"
"Guyana","1976","US$","710548250.0825679"
"Guyana","1977","US$","703356466.1581789"
"Guyana","1978","US$","792722198.7422439"
"Guyana","1979","US$","829243953.2663702"
"Guyana","1980","US$","943061750.9580634"
"Guyana","1981","US$","905506046.8997355"
"Guyana","1982","US$","768645356.5895485"
"Guyana","1983","US$","773429456.5911431"
"Guyana","1984","US$","707539903.2411351"
"Guyana","1985","US$","736617458.2767714"
"Guyana","1986","US$","828625594.4137776"
"Guyana","1987","US$","548739140.377552"
"Guyana","1988","US$","659727352.6"
"Guyana","1989","US$","606554059.630874"
"Guyana","1990","US$","631896477.6981455"
"Guyana","1991","US$","555752671.3104279"
"Guyana","1992","US$","596201720.6055878"
"Guyana","1993","US$","743980974.2713073"
"Guyana","1994","US$","869616748.5523177"
"Guyana","1995","US$","991383772.6681004"
"Guyana","1996","US$","1125099837.26447"
"Guyana","1997","US$","1194651695.3856807"
"Guyana","1998","US$","1144244839.1135101"
"Guyana","1999","US$","1107944404.7978876"
"Guyana","2000","US$","1136500133.5251877"
"Guyana","2001","US$","1232255272.1418266"
"Guyana","2002","US$","1363257115.731781"
"Guyana","2003","US$","1513671921.2478642"
"Guyana","2004","US$","1741294601.7472863"
"Guyana","2005","US$","1978251755.4021263"
"Guyana","2006","US$","2379817986.734163"
"Guyana","2007","US$","2730969363.8804646"
"Guyana","2008","US$","3025188904.061226"
"Guyana","2009","US$","3165661864.6138763"
"Guyana","2010","US$","3432912791.33912"
"Guyana","2011","US$","3691384743.323489"
"Guyana","2012","US$","4063088529.1359196"
"Guyana","2013","US$","4167800935.59943"
"Guyana","2014","US$","4127660158.473225"
"Guyana","2015","US$","4279840193.7046003"
"Guyana","2016","US$","4482697336.561744"
"Guyana","2017","US$","4748174334.140436"
"Guyana","2018","US$","4787637005.53638"
"Guyana","2019","US$","5173760191.846522"
"Guyana","2020","US$","5474058434.047961"
"Guyana","2021","US$","8044508393.285372"
"Guyana","2022","US$","14718387016.748201"
"Guyana","2023","US$","16682905128.158274"
"Haiti","1970","US$","439235188.0486118"
"Haiti","1971","US$","481142893.05518126"
"Haiti","1972","US$","493342053.05332196"
"Haiti","1973","US$","619065940.677426"
"Haiti","1974","US$","749829014.2579762"
"Haiti","1975","US$","903668047.5807337"
"Haiti","1976","US$","1165723824.2331448"
"Haiti","1977","US$","1255904962.051181"
"Haiti","1978","US$","1291977417.0583954"
"Haiti","1979","US$","1433084373.686617"
"Haiti","1980","US$","1835186152.5670373"
"Haiti","1981","US$","1878154812.175631"
"Haiti","1982","US$","1955074017.9910147"
"Haiti","1983","US$","2153207282.2306414"
"Haiti","1984","US$","2408632092.600721"
"Haiti","1985","US$","2664852619"
"Haiti","1986","US$","2967489907.4"
"Haiti","1987","US$","2597747243"
"Haiti","1988","US$","2727220041.2"
"Haiti","1989","US$","2978573401"
"Haiti","1990","US$","3516591132.4"
"Haiti","1991","US$","3549886598.1494246"
"Haiti","1992","US$","2610501516.5448046"
"Haiti","1993","US$","2330045918.892572"
"Haiti","1994","US$","2859784659.574468"
"Haiti","1995","US$","3784948162.9722204"
"Haiti","1996","US$","4352423088.882025"
"Haiti","1997","US$","4956478863.190129"
"Haiti","1998","US$","5992280384.814192"
"Haiti","1999","US$","6803077794.786528"
"Haiti","2000","US$","6361552232.554467"
"Haiti","2001","US$","6234915050.912684"
"Haiti","2002","US$","5761266709.01735"
"Haiti","2003","US$","4882031112.167149"
"Haiti","2004","US$","6309546449.61893"
"Haiti","2005","US$","6979596420.316674"
"Haiti","2006","US$","7599475252.040508"
"Haiti","2007","US$","9452038984.059656"
"Haiti","2008","US$","10114766506.01726"
"Haiti","2009","US$","11343662540.74216"
"Haiti","2010","US$","12011946686.4167"
"Haiti","2011","US$","12934045036.081993"
"Haiti","2012","US$","13587502999.481356"
"Haiti","2013","US$","14841977811.882746"
"Haiti","2014","US$","14948516760.297014"
"Haiti","2015","US$","14204411792.087719"
"Haiti","2016","US$","13390604588.842875"
"Haiti","2017","US$","15268138017.197098"
"Haiti","2018","US$","15730391433.880333"
"Haiti","2019","US$","14065354558.246042"
"Haiti","2020","US$","16547759790.190199"
"Haiti","2021","US$","19043737281.89915"
"Haiti","2022","US$","18751270946.042316"
"Haiti","2023","US$","19841215945.53674"
"Honduras","1970","US$","824353573.5878232"
"Honduras","1971","US$","872073028.1002985"
"Honduras","1972","US$","957963634.3667793"
"Honduras","1973","US$","1088599634.3065908"
"Honduras","1974","US$","1234144388.2442422"
"Honduras","1975","US$","1340916667.5"
"Honduras","1976","US$","1608145612"
"Honduras","1977","US$","1991690726.5"
"Honduras","1978","US$","2301867180"
"Honduras","1979","US$","2686008787.5"
"Honduras","1980","US$","3061202997.5"
"Honduras","1981","US$","3363625039.5"
"Honduras","1982","US$","3463835893.5"
"Honduras","1983","US$","3670819027"
"Honduras","1984","US$","3959521726"
"Honduras","1985","US$","4341873854"
"Honduras","1986","US$","4543488548.5"
"Honduras","1987","US$","4953875856"
"Honduras","1988","US$","5518158404"
"Honduras","1989","US$","6164160517.5"
"Honduras","1990","US$","3637288571.3706713"
"Honduras","1991","US$","3660635635.673979"
"Honduras","1992","US$","4079389505.2974586"
"Honduras","1993","US$","4182541753.35763"
"Honduras","1994","US$","4094775274.1115437"
"Honduras","1995","US$","4724464403.321581"
"Honduras","1996","US$","4867931219.2059965"
"Honduras","1997","US$","5625875579.122462"
"Honduras","1998","US$","6278033544.452509"
"Honduras","1999","US$","6471074864.166473"
"Honduras","2000","US$","7186644509.311435"
"Honduras","2001","US$","7651187941.648239"
"Honduras","2002","US$","7858246046.621293"
"Honduras","2003","US$","8230391504.774274"
"Honduras","2004","US$","8869299234.337696"
"Honduras","2005","US$","9756991629.205236"
"Honduras","2006","US$","10917498042.934185"
"Honduras","2007","US$","12361262972.940075"
"Honduras","2008","US$","13881726341.014223"
"Honduras","2009","US$","14587469767.294167"
"Honduras","2010","US$","15839344591.984165"
"Honduras","2011","US$","17710286569.89667"
"Honduras","2012","US$","18528529222.983494"
"Honduras","2013","US$","18499758541.97426"
"Honduras","2014","US$","19756557482.174644"
"Honduras","2015","US$","20979782571.795395"
"Honduras","2016","US$","21717608960.101578"
"Honduras","2017","US$","23136248046.297894"
"Honduras","2018","US$","24067754649.558914"
"Honduras","2019","US$","24882225828.216915"
"Honduras","2020","US$","23352232942.323757"
"Honduras","2021","US$","28144331126.615726"
"Honduras","2022","US$","31426042154.464375"
"Honduras","2023","US$","34400510098.58958"
"Hungary","1970","US$","6388906324.039815"
"Hungary","1971","US$","6953258638.272949"
"Hungary","1972","US$","8155392660.317687"
"Hungary","1973","US$","10099274415.377115"
"Hungary","1974","US$","11069182855.747923"
"Hungary","1975","US$","12622019527.41133"
"Hungary","1976","US$","14626534131.076954"
"Hungary","1977","US$","16335178700.227295"
"Hungary","1978","US$","19096959625.47092"
"Hungary","1979","US$","22049261780.315063"
"Hungary","1980","US$","25483141827.891495"
"Hungary","1981","US$","26132691669.845"
"Hungary","1982","US$","26613373060.071808"
"Hungary","1983","US$","24152666924.37754"
"Hungary","1984","US$","23417035736.577255"
"Hungary","1985","US$","23712895485.48067"
"Hungary","1986","US$","27314387214.651726"
"Hungary","1987","US$","30019919943.26229"
"Hungary","1988","US$","32146934197.529274"
"Hungary","1989","US$","32588183005.098343"
"Hungary","1990","US$","37192704192.61185"
"Hungary","1991","US$","34867128510.97083"
"Hungary","1992","US$","38857294030.652374"
"Hungary","1993","US$","40256678544.25435"
"Hungary","1994","US$","43291988149.85526"
"Hungary","1995","US$","46590687526.02065"
"Hungary","1996","US$","46833777350.74454"
"Hungary","1997","US$","47398573257.7281"
"Hungary","1998","US$","48784420208.17616"
"Hungary","1999","US$","49160197487.4814"
"Hungary","2000","US$","47275960013.584694"
"Hungary","2001","US$","53799598589.82861"
"Hungary","2002","US$","67630340201.12186"
"Hungary","2003","US$","85190481780.89507"
"Hungary","2004","US$","104015345979.16127"
"Hungary","2005","US$","113098237570.9293"
"Hungary","2006","US$","115604111412.13937"
"Hungary","2007","US$","140123301459.94373"
"Hungary","2008","US$","158228235271.33316"
"Hungary","2009","US$","130807462625.0976"
"Hungary","2010","US$","131898737241.16629"
"Hungary","2011","US$","141712804953.86835"
"Hungary","2012","US$","128470269689.95816"
"Hungary","2013","US$","135646053778.58244"
"Hungary","2014","US$","141128696412.3213"
"Hungary","2015","US$","125244126623.28946"
"Hungary","2016","US$","128983560865.29254"
"Hungary","2017","US$","143335098991.86218"
"Hungary","2018","US$","161184691013.83466"
"Hungary","2019","US$","164936682033.99158"
"Hungary","2020","US$","158468487754.1963"
"Hungary","2021","US$","183271205627.7475"
"Hungary","2022","US$","177580160808.74063"
"Hungary","2023","US$","212656686476.00006"
"Iceland","1970","US$","526704545.4736038"
"Iceland","1971","US$","670251136.4493387"
"Iceland","1972","US$","839648790.6690755"
"Iceland","1973","US$","1154386886.4025817"
"Iceland","1974","US$","1515165330.1613495"
"Iceland","1975","US$","1406920849.9642541"
"Iceland","1976","US$","1669473116.2875803"
"Iceland","1977","US$","2208509076.639"
"Iceland","1978","US$","2511818475.6276617"
"Iceland","1979","US$","2853435054.3444242"
"Iceland","1980","US$","3381389884.807178"
"Iceland","1981","US$","3493005069.107191"
"Iceland","1982","US$","3206617990.900228"
"Iceland","1983","US$","2765954047.0882387"
"Iceland","1984","US$","2864437621.660644"
"Iceland","1985","US$","2984054752.937206"
"Iceland","1986","US$","3989626783.5026455"
"Iceland","1987","US$","5520320783.442094"
"Iceland","1988","US$","6106638182.38953"
"Iceland","1989","US$","5672570277.786094"
"Iceland","1990","US$","6468739130.22964"
"Iceland","1991","US$","6909725408.11499"
"Iceland","1992","US$","7080977636.415668"
"Iceland","1993","US$","6218583218.063032"
"Iceland","1994","US$","6389462322.049377"
"Iceland","1995","US$","7123637088.754343"
"Iceland","1996","US$","7426082270.676692"
"Iceland","1997","US$","7569673903.961786"
"Iceland","1998","US$","8503689103.9342375"
"Iceland","1999","US$","8982048417.305563"
"Iceland","2000","US$","9025666484.79799"
"Iceland","2001","US$","8234846522.854719"
"Iceland","2002","US$","9318398443.551462"
"Iceland","2003","US$","11429335645.274658"
"Iceland","2004","US$","13825309101.270323"
"Iceland","2005","US$","16852971986.556927"
"Iceland","2006","US$","17465318552.294098"
"Iceland","2007","US$","21652505596.75279"
"Iceland","2008","US$","18074619561.76714"
"Iceland","2009","US$","13154416196.752424"
"Iceland","2010","US$","13751161917.739773"
"Iceland","2011","US$","15221622925.931889"
"Iceland","2012","US$","14751508133.544277"
"Iceland","2013","US$","16125060515.31174"
"Iceland","2014","US$","17867662177.89113"
"Iceland","2015","US$","17517210519.091156"
"Iceland","2016","US$","20793168030.952427"
"Iceland","2017","US$","24728285177.460316"
"Iceland","2018","US$","26260850582.06868"
"Iceland","2019","US$","24681343649.29519"
"Iceland","2020","US$","21629953194.065945"
"Iceland","2021","US$","25825287184.381817"
"Iceland","2022","US$","28770206626.556374"
"Iceland","2023","US$","31325116556.38074"
"India","1970","US$","62422483000.43385"
"India","1971","US$","66898484437.54181"
"India","1972","US$","72744178923.70615"
"India","1973","US$","86851358250.57133"
"India","1974","US$","97977985187.08072"
"India","1975","US$","101735373664.193"
"India","1976","US$","102463676507.25728"
"India","1977","US$","119039438266.92242"
"India","1978","US$","137524183975.64627"
"India","1979","US$","152061725541.55823"
"India","1980","US$","187032815264.63748"
"India","1981","US$","199543858660.29745"
"India","1982","US$","204391186466.12186"
"India","1983","US$","222870092879.5818"
"India","1984","US$","221946226841.80887"
"India","1985","US$","230042716846.88095"
"India","1986","US$","252454324683.83304"
"India","1987","US$","279184279234.57935"
"India","1988","US$","308515067299.49475"
"India","1989","US$","304013813794.3977"
"India","1990","US$","329139432438.82654"
"India","1991","US$","291200362702.1886"
"India","1992","US$","293692987227.00085"
"India","1993","US$","287273815812.5377"
"India","1994","US$","327525496496.0588"
"India","1995","US$","371782719796.9944"
"India","1996","US$","393646925602.5525"
"India","1997","US$","425545042367.1432"
"India","1998","US$","429550239494.66986"
"India","1999","US$","461791149191.4941"
"India","2000","US$","476148034906.96423"
"India","2001","US$","490658804655.88074"
"India","2002","US$","512774618108.545"
"India","2003","US$","599470430508.7688"
"India","2004","US$","703128958274.1809"
"India","2005","US$","823611578011.0986"
"India","2006","US$","939066417428.798"
"India","2007","US$","1184724488413.939"
"India","2008","US$","1267470121376.3428"
"India","2009","US$","1315230229768.3853"
"India","2010","US$","1669619794642.4412"
"India","2011","US$","1871918010541.8833"
"India","2012","US$","1860877235564.1365"
"India","2013","US$","1917053695705.372"
"India","2014","US$","2042939289737.612"
"India","2015","US$","2146758604758.9873"
"India","2016","US$","2290586637671.191"
"India","2017","US$","2624329038244.9565"
"India","2018","US$","2763534978088.821"
"India","2019","US$","2854799153709.0254"
"India","2020","US$","2679380844112.571"
"India","2021","US$","3192374582256.483"
"India","2022","US$","3428512246618.166"
"India","2023","US$","3575777914184.341"
"Indonesia","1970","US$","10439687780.373001"
"Indonesia","1971","US$","10961574983.119617"
"Indonesia","1972","US$","12865165685.53253"
"Indonesia","1973","US$","19035596817.354218"
"Indonesia","1974","US$","30184091621.53494"
"Indonesia","1975","US$","35638538510.64491"
"Indonesia","1976","US$","43598930249.47855"
"Indonesia","1977","US$","53588883621.43997"
"Indonesia","1978","US$","60194385809.607704"
"Indonesia","1979","US$","60128483270.23216"
"Indonesia","1980","US$","84791071590.47797"
"Indonesia","1981","US$","107633117698.69418"
"Indonesia","1982","US$","110497701822.97557"
"Indonesia","1983","US$","99866050208.71017"
"Indonesia","1984","US$","102489897480.98239"
"Indonesia","1985","US$","102170683508.2783"
"Indonesia","1986","US$","93656667813.79851"
"Indonesia","1987","US$","88823900234.90466"
"Indonesia","1988","US$","103864788559.6063"
"Indonesia","1989","US$","118684188631.13913"
"Indonesia","1990","US$","133857607572.68855"
"Indonesia","1991","US$","149934100042.12646"
"Indonesia","1992","US$","162739961497.73486"
"Indonesia","1993","US$","184838667034.16312"
"Indonesia","1994","US$","206931749137.46753"
"Indonesia","1995","US$","236456037516.21356"
"Indonesia","1996","US$","265980786649.74393"
"Indonesia","1997","US$","252386467344.6064"
"Indonesia","1998","US$","111653606038.92249"
"Indonesia","1999","US$","163775688762.69708"
"Indonesia","2000","US$","175702228400.6044"
"Indonesia","2001","US$","170832086611.3129"
"Indonesia","2002","US$","208325002626.68164"
"Indonesia","2003","US$","249968413218.3256"
"Indonesia","2004","US$","273460976841.45386"
"Indonesia","2005","US$","304371851840.2038"
"Indonesia","2006","US$","388167834851.4728"
"Indonesia","2007","US$","460192550124.26105"
"Indonesia","2008","US$","543253872796.14087"
"Indonesia","2009","US$","574505135716.3823"
"Indonesia","2010","US$","755094157594.2477"
"Indonesia","2011","US$","892969104529.2329"
"Indonesia","2012","US$","917869913365.2432"
"Indonesia","2013","US$","912524136718.0182"
"Indonesia","2014","US$","890814755511.2913"
"Indonesia","2015","US$","860854232717.8527"
"Indonesia","2016","US$","931877364033.9022"
"Indonesia","2017","US$","1015618744168.1512"
"Indonesia","2018","US$","1042271532953.3597"
"Indonesia","2019","US$","1119099871386.1587"
"Indonesia","2020","US$","1059054842711.7219"
"Indonesia","2021","US$","1186509691070.9998"
"Indonesia","2022","US$","1319076267291.4639"
"Indonesia","2023","US$","1371171152331.101"
"Iran, Islamic Republic of","1970","US$","10976245142.607914"
"Iran, Islamic Republic of","1971","US$","13731801551.504923"
"Iran, Islamic Republic of","1972","US$","17153470026.093897"
"Iran, Islamic Republic of","1973","US$","27080109207.380005"
"Iran, Islamic Republic of","1974","US$","46197927888.3143"
"Iran, Islamic Republic of","1975","US$","52167331522.12295"
"Iran, Islamic Republic of","1976","US$","68342024574.31476"
"Iran, Islamic Republic of","1977","US$","80537668177.24255"
"Iran, Islamic Republic of","1978","US$","77975473082.31314"
"Iran, Islamic Republic of","1979","US$","90370038518.24887"
"Iran, Islamic Republic of","1980","US$","95622301515.67003"
"Iran, Islamic Republic of","1981","US$","102654528879.3911"
"Iran, Islamic Republic of","1982","US$","127197856462.88759"
"Iran, Islamic Republic of","1983","US$","157902517793.5161"
"Iran, Islamic Republic of","1984","US$","165611520832.47037"
"Iran, Islamic Republic of","1985","US$","76256875907.71346"
"Iran, Islamic Republic of","1986","US$","73591672222.31264"
"Iran, Islamic Republic of","1987","US$","87632619626.47112"
"Iran, Islamic Republic of","1988","US$","92368652811.45508"
"Iran, Islamic Republic of","1989","US$","91047067934.05884"
"Iran, Islamic Republic of","1990","US$","96363628706.6337"
"Iran, Islamic Republic of","1991","US$","105111273426.13837"
"Iran, Islamic Republic of","1992","US$","109695030880.70981"
"Iran, Islamic Republic of","1993","US$","119239590781.23502"
"Iran, Islamic Republic of","1994","US$","114374758108.09119"
"Iran, Islamic Republic of","1995","US$","114364442633.71248"
"Iran, Islamic Republic of","1996","US$","125542527212.49773"
"Iran, Islamic Republic of","1997","US$","116910894388.65839"
"Iran, Islamic Republic of","1998","US$","113072841749.43481"
"Iran, Islamic Republic of","1999","US$","118047036759.69415"
"Iran, Islamic Republic of","2000","US$","111614883497.08044"
"Iran, Islamic Republic of","2001","US$","121521176599.90704"
"Iran, Islamic Republic of","2002","US$","150050431870.7788"
"Iran, Islamic Republic of","2003","US$","155155859191.71442"
"Iran, Islamic Republic of","2004","US$","190043418913.0299"
"Iran, Islamic Republic of","2005","US$","228898554418.70764"
"Iran, Islamic Republic of","2006","US$","272083760923.80585"
"Iran, Islamic Republic of","2007","US$","361344091779.95435"
"Iran, Islamic Republic of","2008","US$","430445234364.86334"
"Iran, Islamic Republic of","2009","US$","439380418248.9382"
"Iran, Islamic Republic of","2010","US$","523803556139.22266"
"Iran, Islamic Republic of","2011","US$","649566740837.2695"
"Iran, Islamic Republic of","2012","US$","648486401295.5891"
"Iran, Islamic Republic of","2013","US$","577535519409.539"
"Iran, Islamic Republic of","2014","US$","472394813099.6698"
"Iran, Islamic Republic of","2015","US$","417210198857.45764"
"Iran, Islamic Republic of","2016","US$","466083117938.72"
"Iran, Islamic Republic of","2017","US$","503710010468.65936"
"Iran, Islamic Republic of","2018","US$","316943063026.8379"
"Iran, Islamic Republic of","2019","US$","312281284078.79535"
"Iran, Islamic Republic of","2020","US$","326968910370.5614"
"Iran, Islamic Republic of","2021","US$","358035844773.8117"
"Iran, Islamic Republic of","2022","US$","398047827952.3204"
"Iran, Islamic Republic of","2023","US$","401596284916.9816"
"Iraq","1970","US$","3288272718.7911377"
"Iraq","1971","US$","3694766787.776194"
"Iraq","1972","US$","3710659665.4244976"
"Iraq","1973","US$","4654796691.659667"
"Iraq","1974","US$","5482444963.471915"
"Iraq","1975","US$","6850975382.743808"
"Iraq","1976","US$","8720071243.341328"
"Iraq","1977","US$","9432639757.729034"
"Iraq","1978","US$","11937084689.779484"
"Iraq","1979","US$","16021242487.169544"
"Iraq","1980","US$","17539990214.399197"
"Iraq","1981","US$","15748017871.217752"
"Iraq","1982","US$","16540813991.550787"
"Iraq","1983","US$","15764222844.727877"
"Iraq","1984","US$","16361999532.457523"
"Iraq","1985","US$","16876615440.943478"
"Iraq","1986","US$","18617307614.713654"
"Iraq","1987","US$","22775560183.032093"
"Iraq","1988","US$","24298681355.322853"
"Iraq","1989","US$","23011478738.023552"
"Iraq","1990","US$","23876919246.22346"
"Iraq","1991","US$","8363092709.8"
"Iraq","1992","US$","9878120684.714285"
"Iraq","1993","US$","7055254141.432432"
"Iraq","1994","US$","5642909662.60917"
"Iraq","1995","US$","4863142892.919354"
"Iraq","1996","US$","8529100615.388034"
"Iraq","1997","US$","9323349168.71652"
"Iraq","1998","US$","11891646228.974691"
"Iraq","1999","US$","20749777836.882355"
"Iraq","2000","US$","23643398563.81072"
"Iraq","2001","US$","24733102823.71073"
"Iraq","2002","US$","24390082338.997955"
"Iraq","2003","US$","23144170752.2942"
"Iraq","2004","US$","36638237233.310394"
"Iraq","2005","US$","49954890353.26087"
"Iraq","2006","US$","64805393084.745766"
"Iraq","2007","US$","88840049180.886"
"Iraq","2008","US$","123651700594.14468"
"Iraq","2009","US$","128618693790.26454"
"Iraq","2010","US$","138516722649.57266"
"Iraq","2011","US$","185749664444.44446"
"Iraq","2012","US$","218000992453.9082"
"Iraq","2013","US$","234637675128.64493"
"Iraq","2014","US$","228415656174.95712"
"Iraq","2015","US$","166774104911.4796"
"Iraq","2016","US$","166602488747.88495"
"Iraq","2017","US$","187217652027.02704"
"Iraq","2018","US$","227367469034.03085"
"Iraq","2019","US$","233636097800.3384"
"Iraq","2020","US$","180924091023.48993"
"Iraq","2021","US$","207691599172.4138"
"Iraq","2022","US$","264182174000"
"Iraq","2023","US$","232107245885.7699"
"Ireland","1970","US$","4396344440.544927"
"Ireland","1971","US$","5098630871.483803"
"Ireland","1972","US$","6318172240.819989"
"Ireland","1973","US$","7481603344.521978"
"Ireland","1974","US$","7896298818.394244"
"Ireland","1975","US$","9484239927.266735"
"Ireland","1976","US$","9453465358.335032"
"Ireland","1977","US$","11248258740.067993"
"Ireland","1978","US$","14648566216.066633"
"Ireland","1979","US$","18319702922.452785"
"Ireland","1980","US$","21747431930.19018"
"Ireland","1981","US$","20670561847.57671"
"Ireland","1982","US$","21474544330.1246"
"Ireland","1983","US$","20765433980.105038"
"Ireland","1984","US$","20106626006.80586"
"Ireland","1985","US$","21270307872.8579"
"Ireland","1986","US$","28715230946.11186"
"Ireland","1987","US$","33919410264.852985"
"Ireland","1988","US$","37771004021.4329"
"Ireland","1989","US$","39240353323.817604"
"Ireland","1990","US$","49307634476.532555"
"Ireland","1991","US$","49788443601.66266"
"Ireland","1992","US$","55922170734.38215"
"Ireland","1993","US$","52415695683.34439"
"Ireland","1994","US$","57098828912.62762"
"Ireland","1995","US$","69141775605.47034"
"Ireland","1996","US$","75788653534.4027"
"Ireland","1997","US$","82859221182.75284"
"Ireland","1998","US$","90199387056.31921"
"Ireland","1999","US$","98893958262.6392"
"Ireland","2000","US$","100207609506.29576"
"Ireland","2001","US$","109346669229.7003"
"Ireland","2002","US$","128595718521.20297"
"Ireland","2003","US$","164670296172.24307"
"Ireland","2004","US$","194372537967.8495"
"Ireland","2005","US$","211876989655.89963"
"Ireland","2006","US$","232180617162.27673"
"Ireland","2007","US$","270079279419.50232"
"Ireland","2008","US$","275447471451.06323"
"Ireland","2009","US$","236443115853.69476"
"Ireland","2010","US$","221985621537.5057"
"Ireland","2011","US$","241337364609.7395"
"Ireland","2012","US$","227270922957.327"
"Ireland","2013","US$","243301556084.99084"
"Ireland","2014","US$","266787238499.0258"
"Ireland","2015","US$","302391428540.0346"
"Ireland","2016","US$","305733136180.9154"
"Ireland","2017","US$","348532394023.59784"
"Ireland","2018","US$","395461216460.4107"
"Ireland","2019","US$","407124824064.98816"
"Ireland","2020","US$","436555518400.44354"
"Ireland","2021","US$","531306516907.9837"
"Ireland","2022","US$","548570250341.9866"
"Ireland","2023","US$","551394889339.7783"
"Israel","1970","US$","6020096053.487634"
"Israel","1971","US$","7055184695.941261"
"Israel","1972","US$","8367679672.528721"
"Israel","1973","US$","10762005100.941704"
"Israel","1974","US$","14630913806.086824"
"Israel","1975","US$","14493208017.3413"
"Israel","1976","US$","15270839475.035416"
"Israel","1977","US$","16572416467.701952"
"Israel","1978","US$","16363840950.123781"
"Israel","1979","US$","21094207450.670895"
"Israel","1980","US$","23963910333.665623"
"Israel","1981","US$","25419527103.23724"
"Israel","1982","US$","27775627313.862595"
"Israel","1983","US$","30972994745.6302"
"Israel","1984","US$","29055163933.8456"
"Israel","1985","US$","27407671360.861813"
"Israel","1986","US$","33974606100.446167"
"Israel","1987","US$","40815642056.47028"
"Israel","1988","US$","49919080635.84067"
"Israel","1989","US$","49722980175.675"
"Israel","1990","US$","58800859737.373985"
"Israel","1991","US$","67316042380.75572"
"Israel","1992","US$","75336993580.80595"
"Israel","1993","US$","75714467465.7402"
"Israel","1994","US$","86034999959.82869"
"Israel","1995","US$","105552778735.59232"
"Israel","1996","US$","115181398649.6013"
"Israel","1997","US$","119516278429.26929"
"Israel","1998","US$","120585930014.53918"
"Israel","1999","US$","121425403107.2979"
"Israel","2000","US$","136516535317.2009"
"Israel","2001","US$","134989931164.02933"
"Israel","2002","US$","125338570546.61157"
"Israel","2003","US$","131544074174.37648"
"Israel","2004","US$","140162053555.15982"
"Israel","2005","US$","147441845043.11786"
"Israel","2006","US$","159075464421.90634"
"Israel","2007","US$","184706064704.56082"
"Israel","2008","US$","221230582837.37808"
"Israel","2009","US$","213401401460.43326"
"Israel","2010","US$","239678953991.4014"
"Israel","2011","US$","268094702819.27042"
"Israel","2012","US$","263590410548.68948"
"Israel","2013","US$","298468512570.0744"
"Israel","2014","US$","315018950369.27826"
"Israel","2015","US$","303469965095.8366"
"Israel","2016","US$","321942140916.7047"
"Israel","2017","US$","358459096893.48"
"Israel","2018","US$","376309165106.53784"
"Israel","2019","US$","400940592126.1386"
"Israel","2020","US$","413196192766.9275"
"Israel","2021","US$","492595957316.6951"
"Israel","2022","US$","527694120838.7623"
"Israel","2023","US$","513611100815.69104"
"Italy","1970","US$","113661753468.27425"
"Italy","1971","US$","124964067539.98883"
"Italy","1972","US$","145591594659.56506"
"Italy","1973","US$","175901074273.65686"
"Italy","1974","US$","200039749229.79675"
"Italy","1975","US$","228241994727.86157"
"Italy","1976","US$","225253464489.80878"
"Italy","1977","US$","258181214039.59845"
"Italy","1978","US$","315785886360.9123"
"Italy","1979","US$","394580608255.5288"
"Italy","1980","US$","478337051005.865"
"Italy","1981","US$","431702793813.26953"
"Italy","1982","US$","428249377404.4201"
"Italy","1983","US$","444052344444.3851"
"Italy","1984","US$","438899569894.17413"
"Italy","1985","US$","453239983392.49457"
"Italy","1986","US$","641829709329.46"
"Italy","1987","US$","807613213745.3688"
"Italy","1988","US$","893618067560.9496"
"Italy","1989","US$","930766154163.8856"
"Italy","1990","US$","1184006605178.486"
"Italy","1991","US$","1249046986642.1104"
"Italy","1992","US$","1323236583891.238"
"Italy","1993","US$","1067372406948.4995"
"Italy","1994","US$","1101805281659.4272"
"Italy","1995","US$","1177406140473.7734"
"Italy","1996","US$","1314833257063.1206"
"Italy","1997","US$","1245021937364.1167"
"Italy","1998","US$","1272763452885.1382"
"Italy","1999","US$","1255004736463.9207"
"Italy","2000","US$","1149661363439.3645"
"Italy","2001","US$","1172041488805.92"
"Italy","2002","US$","1281746271196.0415"
"Italy","2003","US$","1582930016538.8757"
"Italy","2004","US$","1812808753294.7244"
"Italy","2005","US$","1864982261286.7869"
"Italy","2006","US$","1958563654385.6294"
"Italy","2007","US$","2222524108127.6694"
"Italy","2008","US$","2417508414187.187"
"Italy","2009","US$","2209484319012.655"
"Italy","2010","US$","2144936254535.0552"
"Italy","2011","US$","2306974020278.2305"
"Italy","2012","US$","2097929495121.6802"
"Italy","2013","US$","2153225581941.474"
"Italy","2014","US$","2173255507985.8008"
"Italy","2015","US$","1845428048839.1006"
"Italy","2016","US$","1887111188176.983"
"Italy","2017","US$","1970720904584.727"
"Italy","2018","US$","2099435266458.6277"
"Italy","2019","US$","2019606796583.49"
"Italy","2020","US$","1907481094079.1943"
"Italy","2021","US$","2179207773596.089"
"Italy","2022","US$","2102995942720.4363"
"Italy","2023","US$","2300941152991.805"
"Jamaica","1970","US$","1735587593.7821558"
"Jamaica","1971","US$","1899612250.0759444"
"Jamaica","1972","US$","2312146044.093503"
"Jamaica","1973","US$","2353829455.829456"
"Jamaica","1974","US$","2945629165.4291654"
"Jamaica","1975","US$","3547660542.960543"
"Jamaica","1976","US$","3678489477.3894777"
"Jamaica","1977","US$","4030322453.2224536"
"Jamaica","1978","US$","3279920719.722149"
"Jamaica","1979","US$","3017123959.1061425"
"Jamaica","1980","US$","3322969000.7538757"
"Jamaica","1981","US$","3694593490.414722"
"Jamaica","1982","US$","4084666929.2388473"
"Jamaica","1983","US$","4488547318.036684"
"Jamaica","1984","US$","2943634177.131352"
"Jamaica","1985","US$","2604740615.4954653"
"Jamaica","1986","US$","3146579420.621696"
"Jamaica","1987","US$","3761290057.4726586"
"Jamaica","1988","US$","4396778188.062579"
"Jamaica","1989","US$","5048773730.360318"
"Jamaica","1990","US$","5277024581.345416"
"Jamaica","1991","US$","4716934272.019148"
"Jamaica","1992","US$","4222642881.4020696"
"Jamaica","1993","US$","5440075675.740674"
"Jamaica","1994","US$","5452558892.09715"
"Jamaica","1995","US$","6577520705.212685"
"Jamaica","1996","US$","7393891854.4065"
"Jamaica","1997","US$","8400041802.635064"
"Jamaica","1998","US$","8787195622.43502"
"Jamaica","1999","US$","8887058073.23537"
"Jamaica","2000","US$","9005070231.56538"
"Jamaica","2001","US$","9194724509.541538"
"Jamaica","2002","US$","9719002143.02692"
"Jamaica","2003","US$","9430240049.874548"
"Jamaica","2004","US$","10174661927.196014"
"Jamaica","2005","US$","11243859054.455542"
"Jamaica","2006","US$","11930186770.932636"
"Jamaica","2007","US$","12799597771.687273"
"Jamaica","2008","US$","13709404613.733025"
"Jamaica","2009","US$","12120459315.514694"
"Jamaica","2010","US$","13220544304.228891"
"Jamaica","2011","US$","14444661241.719694"
"Jamaica","2012","US$","14807091826.290518"
"Jamaica","2013","US$","14264207336.504225"
"Jamaica","2014","US$","13899222994.921293"
"Jamaica","2015","US$","14188941168.744726"
"Jamaica","2016","US$","14077102577.845398"
"Jamaica","2017","US$","14808985267.272623"
"Jamaica","2018","US$","15730792204.116467"
"Jamaica","2019","US$","15830762951.818346"
"Jamaica","2020","US$","13812424962.135775"
"Jamaica","2021","US$","14657583648.43315"
"Jamaica","2022","US$","17097760994.631449"
"Jamaica","2023","US$","19423356577.95936"
"Japan","1970","US$","217223652502.8242"
"Japan","1971","US$","245364061146.975"
"Japan","1972","US$","324933841269.6565"
"Japan","1973","US$","441460636696.83417"
"Japan","1974","US$","490035789971.5578"
"Japan","1975","US$","532861438886.21954"
"Japan","1976","US$","598883902157.287"
"Japan","1977","US$","737069290929.5432"
"Japan","1978","US$","1035611752257.6664"
"Japan","1979","US$","1077910077679.6521"
"Japan","1980","US$","1129377078825.9653"
"Japan","1981","US$","1245221222555.9402"
"Japan","1982","US$","1158731581979.9768"
"Japan","1983","US$","1270860098103.5674"
"Japan","1984","US$","1345824500840.542"
"Japan","1985","US$","1427019560307.1477"
"Japan","1986","US$","2120083392759.096"
"Japan","1987","US$","2580748422781.091"
"Japan","1988","US$","3125725247428.169"
"Japan","1989","US$","3109454672189.017"
"Japan","1990","US$","3185904656663.8467"
"Japan","1991","US$","3648066663367.308"
"Japan","1992","US$","3980701874437.4424"
"Japan","1993","US$","4536941057047.29"
"Japan","1994","US$","4998797262443.287"
"Japan","1995","US$","5545564892181.146"
"Japan","1996","US$","4923393495138.7705"
"Japan","1997","US$","4492449998031.876"
"Japan","1998","US$","4098362688659.3354"
"Japan","1999","US$","4635982020564.97"
"Japan","2000","US$","4968359152795.656"
"Japan","2001","US$","4374709984220.0146"
"Japan","2002","US$","4182845406488.6196"
"Japan","2003","US$","4519563042183.73"
"Japan","2004","US$","4893135490520.387"
"Japan","2005","US$","4831466523975.977"
"Japan","2006","US$","4601662661030.067"
"Japan","2007","US$","4579749785984.816"
"Japan","2008","US$","5106679413137.574"
"Japan","2009","US$","5289493734900.395"
"Japan","2010","US$","5759071769013.113"
"Japan","2011","US$","6233147172341.349"
"Japan","2012","US$","6272362996105.034"
"Japan","2013","US$","5212328181166.185"
"Japan","2014","US$","4896994405353.292"
"Japan","2015","US$","4444930651964.18"
"Japan","2016","US$","5003677627544.24"
"Japan","2017","US$","4930837369151.422"
"Japan","2018","US$","5040880939324.859"
"Japan","2019","US$","5117993853016.508"
"Japan","2020","US$","5055587093501.588"
"Japan","2021","US$","5034620784584.983"
"Japan","2022","US$","4256410760723.75"
"Japan","2023","US$","4204494802431.5547"
"Jordan","1970","US$","611658056.8377615"
"Jordan","1971","US$","653043177.2126269"
"Jordan","1972","US$","726694151.6133435"
"Jordan","1973","US$","832202552.5398605"
"Jordan","1974","US$","961720761.5690784"
"Jordan","1975","US$","1258484720.5477033"
"Jordan","1976","US$","1623526672.8958097"
"Jordan","1977","US$","1997934809.6717982"
"Jordan","1978","US$","2641835601.2820797"
"Jordan","1979","US$","3199701180.4651575"
"Jordan","1980","US$","4138327918.564497"
"Jordan","1981","US$","4413144084.776997"
"Jordan","1982","US$","4694875437.324402"
"Jordan","1983","US$","4908133477.52386"
"Jordan","1984","US$","5009286598.057254"
"Jordan","1985","US$","5279084283.3570385"
"Jordan","1986","US$","6375293007.353231"
"Jordan","1987","US$","6729149008.557174"
"Jordan","1988","US$","6238653208.38649"
"Jordan","1989","US$","4257302025.407151"
"Jordan","1990","US$","4145758770.249127"
"Jordan","1991","US$","4324228216.27854"
"Jordan","1992","US$","5485097766.80535"
"Jordan","1993","US$","5780804750.902373"
"Jordan","1994","US$","6431398553.87547"
"Jordan","1995","US$","6942219401.679809"
"Jordan","1996","US$","7144320785.613541"
"Jordan","1997","US$","7472127589.562765"
"Jordan","1998","US$","8159329253.878703"
"Jordan","1999","US$","8404046472.496474"
"Jordan","2000","US$","8724775004.231312"
"Jordan","2001","US$","9256046494.529259"
"Jordan","2002","US$","9881578277.757004"
"Jordan","2003","US$","10513493600.846262"
"Jordan","2004","US$","11767461382.22849"
"Jordan","2005","US$","12981608985.895628"
"Jordan","2006","US$","15526920236.953457"
"Jordan","2007","US$","17644679002.9503"
"Jordan","2008","US$","22658307626.30703"
"Jordan","2009","US$","24537312743.661972"
"Jordan","2010","US$","27133802816.90141"
"Jordan","2011","US$","29524084507.042255"
"Jordan","2012","US$","31634507042.25352"
"Jordan","2013","US$","34454507042.253525"
"Jordan","2014","US$","36847605633.80282"
"Jordan","2015","US$","38587042253.521126"
"Jordan","2016","US$","39892253521.12676"
"Jordan","2017","US$","41608450704.22536"
"Jordan","2018","US$","43370845070.42254"
"Jordan","2019","US$","44502957746.478874"
"Jordan","2020","US$","43700382760.563385"
"Jordan","2021","US$","46296099701.408455"
"Jordan","2022","US$","48653381780.28169"
"Jordan","2023","US$","50813642349.29578"
"Kazakhstan","1970","...","..."
"Kazakhstan","1971","...","..."
"Kazakhstan","1972","...","..."
"Kazakhstan","1973","...","..."
"Kazakhstan","1974","...","..."
"Kazakhstan","1975","...","..."
"Kazakhstan","1976","...","..."
"Kazakhstan","1977","...","..."
"Kazakhstan","1978","...","..."
"Kazakhstan","1979","...","..."
"Kazakhstan","1980","...","..."
"Kazakhstan","1981","...","..."
"Kazakhstan","1982","...","..."
"Kazakhstan","1983","...","..."
"Kazakhstan","1984","...","..."
"Kazakhstan","1985","...","..."
"Kazakhstan","1986","...","..."
"Kazakhstan","1987","...","..."
"Kazakhstan","1988","...","..."
"Kazakhstan","1989","...","..."
"Kazakhstan","1990","US$","29674803552.459652"
"Kazakhstan","1991","US$","27317544749.18493"
"Kazakhstan","1992","US$","26453925814.547813"
"Kazakhstan","1993","US$","24579323834.01094"
"Kazakhstan","1994","US$","21948707332.998592"
"Kazakhstan","1995","US$","20561596328.415203"
"Kazakhstan","1996","US$","21035357832.697746"
"Kazakhstan","1997","US$","22165932062.96603"
"Kazakhstan","1998","US$","22135245413.136955"
"Kazakhstan","1999","US$","16870817134.729668"
"Kazakhstan","2000","US$","18291990619.137"
"Kazakhstan","2001","US$","22152689129.55827"
"Kazakhstan","2002","US$","24636596623.807266"
"Kazakhstan","2003","US$","30833690825.72392"
"Kazakhstan","2004","US$","43151644797.294815"
"Kazakhstan","2005","US$","57123671733.89525"
"Kazakhstan","2006","US$","81003864915.54366"
"Kazakhstan","2007","US$","104849915343.55528"
"Kazakhstan","2008","US$","133441649221.73155"
"Kazakhstan","2009","US$","115308687201.9704"
"Kazakhstan","2010","US$","148047348240.64334"
"Kazakhstan","2011","US$","192626464179.14734"
"Kazakhstan","2012","US$","207998568865.78925"
"Kazakhstan","2013","US$","236634603927.58295"
"Kazakhstan","2014","US$","221415614007.34738"
"Kazakhstan","2015","US$","184388404428.84338"
"Kazakhstan","2016","US$","137278320084.17114"
"Kazakhstan","2017","US$","166805788966.78015"
"Kazakhstan","2018","US$","179339977517.06183"
"Kazakhstan","2019","US$","181667185041.47974"
"Kazakhstan","2020","US$","171082370082.17245"
"Kazakhstan","2021","US$","197112255595.4051"
"Kazakhstan","2022","US$","225496328925.4941"
"Kazakhstan","2023","US$","264292737277.08176"
"Kenya","1970","US$","2758997133.3684077"
"Kenya","1971","US$","3057527367.7267804"
"Kenya","1972","US$","3428282654.346898"
"Kenya","1973","US$","4055048563.407187"
"Kenya","1974","US$","4816896478.415774"
"Kenya","1975","US$","5287777194.021102"
"Kenya","1976","US$","5635656184.480651"
"Kenya","1977","US$","7284732376.744364"
"Kenya","1978","US$","8625073364.924555"
"Kenya","1979","US$","9892705588.104572"
"Kenya","1980","US$","11522042948.445986"
"Kenya","1981","US$","10865842822.75628"
"Kenya","1982","US$","10465597244.277622"
"Kenya","1983","US$","9730531195.265572"
"Kenya","1984","US$","10076083328.45105"
"Kenya","1985","US$","9980429737.962145"
"Kenya","1986","US$","11772892220.168394"
"Kenya","1987","US$","12961066097.777733"
"Kenya","1988","US$","13853138690.828362"
"Kenya","1989","US$","13561386190.361206"
"Kenya","1990","US$","13873931205.263542"
"Kenya","1991","US$","13077674589.353817"
"Kenya","1992","US$","12927612989.575857"
"Kenya","1993","US$","8975380758.563026"
"Kenya","1994","US$","11421131450.729988"
"Kenya","1995","US$","14710351675.31168"
"Kenya","1996","US$","15052782513.449495"
"Kenya","1997","US$","16387022818.615843"
"Kenya","1998","US$","17621747562.72912"
"Kenya","1999","US$","16090921585.823961"
"Kenya","2000","US$","15846155137.761293"
"Kenya","2001","US$","16323060115.719582"
"Kenya","2002","US$","16533567243.312803"
"Kenya","2003","US$","18738176033.841568"
"Kenya","2004","US$","20235248867.82885"
"Kenya","2005","US$","23559284294.486305"
"Kenya","2006","US$","28292616092.707314"
"Kenya","2007","US$","35011388087.83792"
"Kenya","2008","US$","39324987480.33128"
"Kenya","2009","US$","42347217644.42737"
"Kenya","2010","US$","45405615233.069275"
"Kenya","2011","US$","46869475980.864456"
"Kenya","2012","US$","56770638926.884224"
"Kenya","2013","US$","61671463703.32234"
"Kenya","2014","US$","68285825096.8943"
"Kenya","2015","US$","70120543426.20108"
"Kenya","2016","US$","74815138870.50143"
"Kenya","2017","US$","82036511258.8324"
"Kenya","2018","US$","92202979940.67096"
"Kenya","2019","US$","100378435824.1784"
"Kenya","2020","US$","100657505642.09181"
"Kenya","2021","US$","109703654929.08961"
"Kenya","2022","US$","114448973922.28717"
"Kenya","2023","US$","108038588277.03862"
"Kingdom of Eswatini","1970","US$","154722301.77296814"
"Kingdom of Eswatini","1971","US$","192226899.0883497"
"Kingdom of Eswatini","1972","US$","211224935.96316546"
"Kingdom of Eswatini","1973","US$","274148157.3518007"
"Kingdom of Eswatini","1974","US$","339271265.6774496"
"Kingdom of Eswatini","1975","US$","396139644.1104388"
"Kingdom of Eswatini","1976","US$","405063303.64777106"
"Kingdom of Eswatini","1977","US$","450391386.2083553"
"Kingdom of Eswatini","1978","US$","504478082.6613234"
"Kingdom of Eswatini","1979","US$","598096136.4252195"
"Kingdom of Eswatini","1980","US$","806209908.4152193"
"Kingdom of Eswatini","1981","US$","890280683.5183041"
"Kingdom of Eswatini","1982","US$","827560885.2086422"
"Kingdom of Eswatini","1983","US$","878968285.8089417"
"Kingdom of Eswatini","1984","US$","718719960.2648858"
"Kingdom of Eswatini","1985","US$","537322646.107412"
"Kingdom of Eswatini","1986","US$","679581469.1860112"
"Kingdom of Eswatini","1987","US$","898369183.8705995"
"Kingdom of Eswatini","1988","US$","1048955056.0982287"
"Kingdom of Eswatini","1989","US$","1084195583.3303943"
"Kingdom of Eswatini","1990","US$","1254402646.2379858"
"Kingdom of Eswatini","1991","US$","1330617839.688699"
"Kingdom of Eswatini","1992","US$","1474649318.7709138"
"Kingdom of Eswatini","1993","US$","1492496469.6948333"
"Kingdom of Eswatini","1994","US$","1590577715.1523216"
"Kingdom of Eswatini","1995","US$","1901652230.3723238"
"Kingdom of Eswatini","1996","US$","1793683570.0132117"
"Kingdom of Eswatini","1997","US$","1927098015.4276445"
"Kingdom of Eswatini","1998","US$","1774168644.43021"
"Kingdom of Eswatini","1999","US$","1730527900.8143203"
"Kingdom of Eswatini","2000","US$","1738093758.7553205"
"Kingdom of Eswatini","2001","US$","1542462829.7485142"
"Kingdom of Eswatini","2002","US$","1432221788.5892923"
"Kingdom of Eswatini","2003","US$","2197598420.612976"
"Kingdom of Eswatini","2004","US$","2770043118.770746"
"Kingdom of Eswatini","2005","US$","3178112337.1257515"
"Kingdom of Eswatini","2006","US$","3291329940.379225"
"Kingdom of Eswatini","2007","US$","3469381232.9098635"
"Kingdom of Eswatini","2008","US$","3294084181.237082"
"Kingdom of Eswatini","2009","US$","3580427985.712134"
"Kingdom of Eswatini","2010","US$","4438765107.578112"
"Kingdom of Eswatini","2011","US$","4820478599.221008"
"Kingdom of Eswatini","2012","US$","4886551700.946873"
"Kingdom of Eswatini","2013","US$","4597552950.303653"
"Kingdom of Eswatini","2014","US$","4422986443.803849"
"Kingdom of Eswatini","2015","US$","4059223204.622725"
"Kingdom of Eswatini","2016","US$","3816019221.435041"
"Kingdom of Eswatini","2017","US$","4404819328.370164"
"Kingdom of Eswatini","2018","US$","4668774863.731574"
"Kingdom of Eswatini","2019","US$","4495267510.210146"
"Kingdom of Eswatini","2020","US$","3982236916.893075"
"Kingdom of Eswatini","2021","US$","4586764319.171206"
"Kingdom of Eswatini","2022","US$","4511893759.609091"
"Kingdom of Eswatini","2023","US$","4573530952.455732"
"Kiribati","1970","US$","20195539.71370982"
"Kiribati","1971","US$","20049940.296078652"
"Kiribati","1972","US$","23337428.368738733"
"Kiribati","1973","US$","36642221.81678838"
"Kiribati","1974","US$","57031075.85515974"
"Kiribati","1975","US$","56230436.81278806"
"Kiribati","1976","US$","39355313.99825223"
"Kiribati","1977","US$","34783095.42847348"
"Kiribati","1978","US$","37964367.73028428"
"Kiribati","1979","US$","34466200.30453505"
"Kiribati","1980","US$","33157710.135893527"
"Kiribati","1981","US$","35267505.99571563"
"Kiribati","1982","US$","32742718.298447598"
"Kiribati","1983","US$","31000545.961841676"
"Kiribati","1984","US$","34394162.18021388"
"Kiribati","1985","US$","26126615.438327044"
"Kiribati","1986","US$","25993005.676790208"
"Kiribati","1987","US$","29554412.609054882"
"Kiribati","1988","US$","38278800.6953624"
"Kiribati","1989","US$","37645329.34084376"
"Kiribati","1990","US$","36534304.23322404"
"Kiribati","1991","US$","41247777.517401844"
"Kiribati","1992","US$","61491379.19849609"
"Kiribati","1993","US$","58953627.869655095"
"Kiribati","1994","US$","67055371.318241"
"Kiribati","1995","US$","68596394.82369772"
"Kiribati","1996","US$","81456821.15197526"
"Kiribati","1997","US$","80205788.27056955"
"Kiribati","1998","US$","74905709.68184398"
"Kiribati","1999","US$","77323948.51446821"
"Kiribati","2000","US$","74910569.56447783"
"Kiribati","2001","US$","64935830.778520696"
"Kiribati","2002","US$","74743912.25508505"
"Kiribati","2003","US$","96105624.55648991"
"Kiribati","2004","US$","104085824.4423158"
"Kiribati","2005","US$","113895438.87873526"
"Kiribati","2006","US$","112338325.03745769"
"Kiribati","2007","US$","138054903.7819881"
"Kiribati","2008","US$","147017856.3889355"
"Kiribati","2009","US$","140177384.63039014"
"Kiribati","2010","US$","165458404.25407776"
"Kiribati","2011","US$","195970063.33678755"
"Kiribati","2012","US$","207001550.68549308"
"Kiribati","2013","US$","201730829.41027877"
"Kiribati","2014","US$","200287222.80490005"
"Kiribati","2015","US$","191559360.1666937"
"Kiribati","2016","US$","206467837.79473615"
"Kiribati","2017","US$","222875711.74262565"
"Kiribati","2018","US$","233514678.4386176"
"Kiribati","2019","US$","216985431.3527573"
"Kiribati","2020","US$","220897980.38668138"
"Kiribati","2021","US$","285259838.280314"
"Kiribati","2022","US$","270040370.75272864"
"Kiribati","2023","US$","288610719.8791852"
"Kosovo","1970","...","..."
"Kosovo","1971","...","..."
"Kosovo","1972","...","..."
"Kosovo","1973","...","..."
"Kosovo","1974","...","..."
"Kosovo","1975","...","..."
"Kosovo","1976","...","..."
"Kosovo","1977","...","..."
"Kosovo","1978","...","..."
"Kosovo","1979","...","..."
"Kosovo","1980","...","..."
"Kosovo","1981","...","..."
"Kosovo","1982","...","..."
"Kosovo","1983","...","..."
"Kosovo","1984","...","..."
"Kosovo","1985","...","..."
"Kosovo","1986","...","..."
"Kosovo","1987","...","..."
"Kosovo","1988","...","..."
"Kosovo","1989","...","..."
"Kosovo","1990","US$","4423830273.116272"
"Kosovo","1991","US$","4076389690.7571726"
"Kosovo","1992","US$","3117977951.4905133"
"Kosovo","1993","US$","2398290516.54117"
"Kosovo","1994","US$","2448458523.0261025"
"Kosovo","1995","US$","5303776344.606713"
"Kosovo","1996","US$","3414445753.7166886"
"Kosovo","1997","US$","3152243003.39912"
"Kosovo","1998","US$","2785656843.3243127"
"Kosovo","1999","US$","1881942090.7724745"
"Kosovo","2000","US$","1699721134.3518734"
"Kosovo","2001","US$","2521266636.1558967"
"Kosovo","2002","US$","2842051107.963817"
"Kosovo","2003","US$","3288278882.409391"
"Kosovo","2004","US$","3569104799.004962"
"Kosovo","2005","US$","3596513886.4004793"
"Kosovo","2006","US$","3685161856.0457773"
"Kosovo","2007","US$","4358488843.855646"
"Kosovo","2008","US$","5202943075.49453"
"Kosovo","2009","US$","5035779642.016793"
"Kosovo","2010","US$","5343951951.8834715"
"Kosovo","2011","US$","6341613112.636244"
"Kosovo","2012","US$","6163488430.235158"
"Kosovo","2013","US$","6735328840.169876"
"Kosovo","2014","US$","7074392884.04496"
"Kosovo","2015","US$","6295844355.84609"
"Kosovo","2016","US$","6682676276.767905"
"Kosovo","2017","US$","7180768692.263607"
"Kosovo","2018","US$","7878763993.155932"
"Kosovo","2019","US$","7899204690.792003"
"Kosovo","2020","US$","7734496313.557865"
"Kosovo","2021","US$","9412100727.798298"
"Kosovo","2022","US$","9367634255.595367"
"Kosovo","2023","US$","10466753839.992342"
"Kuwait","1970","US$","2872798856.0514946"
"Kuwait","1971","US$","3880957237.88604"
"Kuwait","1972","US$","4447500673.356338"
"Kuwait","1973","US$","5405089807.213724"
"Kuwait","1974","US$","13003518988.066227"
"Kuwait","1975","US$","12015901716.75999"
"Kuwait","1976","US$","13119579689.343365"
"Kuwait","1977","US$","14139849159.146057"
"Kuwait","1978","US$","15502480944.118832"
"Kuwait","1979","US$","24749780950.869656"
"Kuwait","1980","US$","28690618372.628212"
"Kuwait","1981","US$","25248817579.770428"
"Kuwait","1982","US$","21583058728.506584"
"Kuwait","1983","US$","20869595122.089546"
"Kuwait","1984","US$","21701541634.227177"
"Kuwait","1985","US$","21446152291.910965"
"Kuwait","1986","US$","17904664463.303047"
"Kuwait","1987","US$","22367499123.04547"
"Kuwait","1988","US$","20689587202.775337"
"Kuwait","1989","US$","24314160879.7757"
"Kuwait","1990","US$","18470818671.889896"
"Kuwait","1991","US$","11014231799.999992"
"Kuwait","1992","US$","19868859615.218445"
"Kuwait","1993","US$","23956511857.66168"
"Kuwait","1994","US$","24859339674.96885"
"Kuwait","1995","US$","26554064403.211464"
"Kuwait","1996","US$","31492085246.41511"
"Kuwait","1997","US$","30351196173.210953"
"Kuwait","1998","US$","25945377089.6578"
"Kuwait","1999","US$","30123384331.022125"
"Kuwait","2000","US$","37717816724.119095"
"Kuwait","2001","US$","34889597791.41234"
"Kuwait","2002","US$","38135756834.17409"
"Kuwait","2003","US$","47873988053.00053"
"Kuwait","2004","US$","59436715303.69867"
"Kuwait","2005","US$","80797945205.47946"
"Kuwait","2006","US$","101558975067.6507"
"Kuwait","2007","US$","114635467557.81859"
"Kuwait","2008","US$","147380280181.24557"
"Kuwait","2009","US$","105967843517.66711"
"Kuwait","2010","US$","115416047508.32799"
"Kuwait","2011","US$","154040737004.69525"
"Kuwait","2012","US$","174047199612.93494"
"Kuwait","2013","US$","174167626656.76324"
"Kuwait","2014","US$","162650542606.2746"
"Kuwait","2015","US$","114584570271.71413"
"Kuwait","2016","US$","109406169162.83287"
"Kuwait","2017","US$","120687635293.155"
"Kuwait","2018","US$","138646089714.40433"
"Kuwait","2019","US$","140856319232.12152"
"Kuwait","2020","US$","111045426310.92522"
"Kuwait","2021","US$","148459236936.30518"
"Kuwait","2022","US$","183940122319.60635"
"Kuwait","2023","US$","163704691686.0621"
"Kyrgyzstan","1970","...","..."
"Kyrgyzstan","1971","...","..."
"Kyrgyzstan","1972","...","..."
"Kyrgyzstan","1973","...","..."
"Kyrgyzstan","1974","...","..."
"Kyrgyzstan","1975","...","..."
"Kyrgyzstan","1976","...","..."
"Kyrgyzstan","1977","...","..."
"Kyrgyzstan","1978","...","..."
"Kyrgyzstan","1979","...","..."
"Kyrgyzstan","1980","...","..."
"Kyrgyzstan","1981","...","..."
"Kyrgyzstan","1982","...","..."
"Kyrgyzstan","1983","...","..."
"Kyrgyzstan","1984","...","..."
"Kyrgyzstan","1985","...","..."
"Kyrgyzstan","1986","...","..."
"Kyrgyzstan","1987","...","..."
"Kyrgyzstan","1988","...","..."
"Kyrgyzstan","1989","...","..."
"Kyrgyzstan","1990","US$","2607971187.051324"
"Kyrgyzstan","1991","US$","2481986293.7581277"
"Kyrgyzstan","1992","US$","2187267108.892263"
"Kyrgyzstan","1993","US$","1892960702.6244843"
"Kyrgyzstan","1994","US$","1545056892.5997374"
"Kyrgyzstan","1995","US$","1491893739.9990497"
"Kyrgyzstan","1996","US$","1826706229.1374912"
"Kyrgyzstan","1997","US$","1767355779.8683815"
"Kyrgyzstan","1998","US$","1640373876.0283885"
"Kyrgyzstan","1999","US$","1249598370.2376976"
"Kyrgyzstan","2000","US$","1370076478.8294451"
"Kyrgyzstan","2001","US$","1527209963.9040174"
"Kyrgyzstan","2002","US$","1605696847.9780006"
"Kyrgyzstan","2003","US$","1921528579.2426407"
"Kyrgyzstan","2004","US$","2212211700.9538684"
"Kyrgyzstan","2005","US$","2460246796.05234"
"Kyrgyzstan","2006","US$","2834168893.272653"
"Kyrgyzstan","2007","US$","3802570572.3751597"
"Kyrgyzstan","2008","US$","5139958956.023884"
"Kyrgyzstan","2009","US$","4690061344.164208"
"Kyrgyzstan","2010","US$","4794361821.206113"
"Kyrgyzstan","2011","US$","6197765941.679746"
"Kyrgyzstan","2012","US$","6605136482.001522"
"Kyrgyzstan","2013","US$","7335033799.262119"
"Kyrgyzstan","2014","US$","7468102369.1365385"
"Kyrgyzstan","2015","US$","6751853114.715415"
"Kyrgyzstan","2016","US$","6964252799.882317"
"Kyrgyzstan","2017","US$","7960704639.462996"
"Kyrgyzstan","2018","US$","8642188048.13729"
"Kyrgyzstan","2019","US$","9371275240.096657"
"Kyrgyzstan","2020","US$","8270468645.898665"
"Kyrgyzstan","2021","US$","9249133945.551912"
"Kyrgyzstan","2022","US$","12134931512.713213"
"Kyrgyzstan","2023","US$","13987627974.707153"
"Lao People's Democratic Republic","1970","US$","119095549.76555078"
"Lao People's Democratic Republic","1971","US$","131375990.70025721"
"Lao People's Democratic Republic","1972","US$","141790407.1473527"
"Lao People's Democratic Republic","1973","US$","162616679.69750392"
"Lao People's Democratic Republic","1974","US$","183706830.3689192"
"Lao People's Democratic Republic","1975","US$","214114407.40035123"
"Lao People's Democratic Republic","1976","US$","232575571.05454743"
"Lao People's Democratic Republic","1977","US$","242099813.27915794"
"Lao People's Democratic Republic","1978","US$","261707162.296667"
"Lao People's Democratic Republic","1979","US$","277757041.0932954"
"Lao People's Democratic Republic","1980","US$","333143541.8786126"
"Lao People's Democratic Republic","1981","US$","420576042.97062147"
"Lao People's Democratic Republic","1982","US$","478194180.55690813"
"Lao People's Democratic Republic","1983","US$","520205691.38402885"
"Lao People's Democratic Republic","1984","US$","577604083.7791568"
"Lao People's Democratic Republic","1985","US$","626081401.5850141"
"Lao People's Democratic Republic","1986","US$","669890866.2241758"
"Lao People's Democratic Republic","1987","US$","676698790.7243565"
"Lao People's Democratic Republic","1988","US$","686486487.3880221"
"Lao People's Democratic Republic","1989","US$","814638252.9006815"
"Lao People's Democratic Republic","1990","US$","901795440.2400132"
"Lao People's Democratic Republic","1991","US$","1071274658.5008382"
"Lao People's Democratic Republic","1992","US$","1228791031.1603467"
"Lao People's Democratic Republic","1993","US$","1387010213.9727855"
"Lao People's Democratic Republic","1994","US$","1608568307.234806"
"Lao People's Democratic Republic","1995","US$","1852404633.446846"
"Lao People's Democratic Republic","1996","US$","1952594427.1795988"
"Lao People's Democratic Republic","1997","US$","1819883135.8960254"
"Lao People's Democratic Republic","1998","US$","1339287475.6117246"
"Lao People's Democratic Republic","1999","US$","1515458802.8990324"
"Lao People's Democratic Republic","2000","US$","1806027495.0590236"
"Lao People's Democratic Republic","2001","US$","1827359032.1773028"
"Lao People's Democratic Republic","2002","US$","1906867795.9573798"
"Lao People's Democratic Republic","2003","US$","2184279301.3394074"
"Lao People's Democratic Republic","2004","US$","2576838115.27858"
"Lao People's Democratic Republic","2005","US$","2946350267.5130906"
"Lao People's Democratic Republic","2006","US$","3608228658.667098"
"Lao People's Democratic Republic","2007","US$","4570213728.704973"
"Lao People's Democratic Republic","2008","US$","5734414609.621824"
"Lao People's Democratic Republic","2009","US$","6060292401.614424"
"Lao People's Democratic Republic","2010","US$","7317532657.010375"
"Lao People's Democratic Republic","2011","US$","8910407339.326126"
"Lao People's Democratic Republic","2012","US$","10192846339.553715"
"Lao People's Democratic Republic","2013","US$","11983252626.8317"
"Lao People's Democratic Republic","2014","US$","13279245886.472027"
"Lao People's Democratic Republic","2015","US$","14426328954.206297"
"Lao People's Democratic Republic","2016","US$","15912516429.375818"
"Lao People's Democratic Republic","2017","US$","17064939422.834316"
"Lao People's Democratic Republic","2018","US$","18141664442.6995"
"Lao People's Democratic Republic","2019","US$","18740609777.329178"
"Lao People's Democratic Republic","2020","US$","19116011770.661026"
"Lao People's Democratic Republic","2021","US$","19074369893.06516"
"Lao People's Democratic Republic","2022","US$","15362017635.915663"
"Lao People's Democratic Republic","2023","US$","15008048669.253036"
"Latin America and the Caribbean","1970","US$","188502324930.44495"
"Latin America and the Caribbean","1971","US$","212619869547.53464"
"Latin America and the Caribbean","1972","US$","237431402877.10428"
"Latin America and the Caribbean","1973","US$","295049120753.37177"
"Latin America and the Caribbean","1974","US$","370590582929.6927"
"Latin America and the Caribbean","1975","US$","415579854406.7619"
"Latin America and the Caribbean","1976","US$","456591027365.9966"
"Latin America and the Caribbean","1977","US$","499637768559.84717"
"Latin America and the Caribbean","1978","US$","569380776915.1982"
"Latin America and the Caribbean","1979","US$","678995263374.0052"
"Latin America and the Caribbean","1980","US$","796137137938.9214"
"Latin America and the Caribbean","1981","US$","950484827670.5922"
"Latin America and the Caribbean","1982","US$","873358424610.9598"
"Latin America and the Caribbean","1983","US$","765557283885.3595"
"Latin America and the Caribbean","1984","US$","792708523651.7468"
"Latin America and the Caribbean","1985","US$","800098508520.2664"
"Latin America and the Caribbean","1986","US$","794822528835.4724"
"Latin America and the Caribbean","1987","US$","843914833034.2821"
"Latin America and the Caribbean","1988","US$","955994575401.228"
"Latin America and the Caribbean","1989","US$","1048385009129.3096"
"Latin America and the Caribbean","1990","US$","1209998348687.9446"
"Latin America and the Caribbean","1991","US$","1316966505074.5515"
"Latin America and the Caribbean","1992","US$","1438551677571.0005"
"Latin America and the Caribbean","1993","US$","1608031027554.5867"
"Latin America and the Caribbean","1994","US$","1883585581367.5457"
"Latin America and the Caribbean","1995","US$","1980883581802.839"
"Latin America and the Caribbean","1996","US$","2142682357459.705"
"Latin America and the Caribbean","1997","US$","2345854303151.5366"
"Latin America and the Caribbean","1998","US$","2373700064038.906"
"Latin America and the Caribbean","1999","US$","2147466034197.0994"
"Latin America and the Caribbean","2000","US$","2346291831933.061"
"Latin America and the Caribbean","2001","US$","2303435605495.9497"
"Latin America and the Caribbean","2002","US$","2065759099189.6948"
"Latin America and the Caribbean","2003","US$","2104928836035.7373"
"Latin America and the Caribbean","2004","US$","2405674574643.889"
"Latin America and the Caribbean","2005","US$","2903544422704.127"
"Latin America and the Caribbean","2006","US$","3398764356446.9146"
"Latin America and the Caribbean","2007","US$","4001537074642.401"
"Latin America and the Caribbean","2008","US$","4648159132482.242"
"Latin America and the Caribbean","2009","US$","4360349948695.747"
"Latin America and the Caribbean","2010","US$","5400214173864.358"
"Latin America and the Caribbean","2011","US$","6133829789173.039"
"Latin America and the Caribbean","2012","US$","6239786294319.249"
"Latin America and the Caribbean","2013","US$","6420066152020.552"
"Latin America and the Caribbean","2014","US$","6401098557950.559"
"Latin America and the Caribbean","2015","US$","5551478971674.692"
"Latin America and the Caribbean","2016","US$","5317680712925.47"
"Latin America and the Caribbean","2017","US$","5833388408593.328"
"Latin America and the Caribbean","2018","US$","5667520208837.502"
"Latin America and the Caribbean","2019","US$","5534615843574.3"
"Latin America and the Caribbean","2020","US$","4682478306160.746"
"Latin America and the Caribbean","2021","US$","5423433452300.614"
"Latin America and the Caribbean","2022","US$","6172503925876.657"
"Latin America and the Caribbean","2023","US$","6960209145247.139"
"Latvia","1970","...","..."
"Latvia","1971","...","..."
"Latvia","1972","...","..."
"Latvia","1973","...","..."
"Latvia","1974","...","..."
"Latvia","1975","...","..."
"Latvia","1976","...","..."
"Latvia","1977","...","..."
"Latvia","1978","...","..."
"Latvia","1979","...","..."
"Latvia","1980","...","..."
"Latvia","1981","...","..."
"Latvia","1982","...","..."
"Latvia","1983","...","..."
"Latvia","1984","...","..."
"Latvia","1985","...","..."
"Latvia","1986","...","..."
"Latvia","1987","...","..."
"Latvia","1988","...","..."
"Latvia","1989","...","..."
"Latvia","1990","US$","9265320854.111666"
"Latvia","1991","US$","8581275829.466995"
"Latvia","1992","US$","5717329303.0287485"
"Latvia","1993","US$","4982607364.569247"
"Latvia","1994","US$","5121867216.100332"
"Latvia","1995","US$","5238527618.456488"
"Latvia","1996","US$","5799120052.009079"
"Latvia","1997","US$","6349711847.466357"
"Latvia","1998","US$","6974468422.535184"
"Latvia","1999","US$","7324041988.4226675"
"Latvia","2000","US$","7761506649.042044"
"Latvia","2001","US$","8190476883.280685"
"Latvia","2002","US$","9248951420.225115"
"Latvia","2003","US$","11243844489.932194"
"Latvia","2004","US$","13827380111.080404"
"Latvia","2005","US$","16306541666.721355"
"Latvia","2006","US$","20435198510.89772"
"Latvia","2007","US$","29422121909.80389"
"Latvia","2008","US$","34133181189.706375"
"Latvia","2009","US$","25693928975.468296"
"Latvia","2010","US$","23476005222.790894"
"Latvia","2011","US$","26805253967.62654"
"Latvia","2012","US$","27121745792.19017"
"Latvia","2013","US$","29148362614.64635"
"Latvia","2014","US$","30277203767.405293"
"Latvia","2015","US$","26344565876.89022"
"Latvia","2016","US$","27117105059.50821"
"Latvia","2017","US$","29391059767.426197"
"Latvia","2018","US$","33247935477.35703"
"Latvia","2019","US$","33099503950.846413"
"Latvia","2020","US$","33379927434.614307"
"Latvia","2021","US$","38185125732.94512"
"Latvia","2022","US$","38018905782.39703"
"Latvia","2023","US$","42247850064.51251"
"Lebanon","1970","US$","1989537972.4551091"
"Lebanon","1971","US$","2235674197.3425155"
"Lebanon","1972","US$","2788620191.361137"
"Lebanon","1973","US$","3636868415.3132887"
"Lebanon","1974","US$","4672176710.762277"
"Lebanon","1975","US$","4354636643.904923"
"Lebanon","1976","US$","1908332324.557952"
"Lebanon","1977","US$","3572083752.4910774"
"Lebanon","1978","US$","3980333806.0247293"
"Lebanon","1979","US$","4596848302.396685"
"Lebanon","1980","US$","5447032426.1547"
"Lebanon","1981","US$","5206435562.5062"
"Lebanon","1982","US$","3550854621.6359534"
"Lebanon","1983","US$","3762840686.097279"
"Lebanon","1984","US$","2642991314.375277"
"Lebanon","1985","US$","2275418244.2165008"
"Lebanon","1986","US$","2808570210.2098427"
"Lebanon","1987","US$","2180269235.5455523"
"Lebanon","1988","US$","3476945820.597219"
"Lebanon","1989","US$","2852034523.5890303"
"Lebanon","1990","US$","2950195892.259385"
"Lebanon","1991","US$","4355716759.115626"
"Lebanon","1992","US$","5734175736.137086"
"Lebanon","1993","US$","7909021591.306635"
"Lebanon","1994","US$","9363549454.474823"
"Lebanon","1995","US$","11505957448.553755"
"Lebanon","1996","US$","13632418312.407082"
"Lebanon","1997","US$","15595116149.21498"
"Lebanon","1998","US$","16910071490.366564"
"Lebanon","1999","US$","17012865562.346931"
"Lebanon","2000","US$","16678538575.04146"
"Lebanon","2001","US$","17065269990.91277"
"Lebanon","2002","US$","18712361081.149586"
"Lebanon","2003","US$","19801577178.680595"
"Lebanon","2004","US$","21159827992.060364"
"Lebanon","2005","US$","21497336498.94594"
"Lebanon","2006","US$","22022709851.552902"
"Lebanon","2007","US$","24827355014.644775"
"Lebanon","2008","US$","29118916105.618572"
"Lebanon","2009","US$","35399582928.62222"
"Lebanon","2010","US$","38443907042.3005"
"Lebanon","2011","US$","39927125961.2073"
"Lebanon","2012","US$","44016799515.82753"
"Lebanon","2013","US$","46880103080.67794"
"Lebanon","2014","US$","48095213746.48823"
"Lebanon","2015","US$","49929337837.07397"
"Lebanon","2016","US$","51150490635.47131"
"Lebanon","2017","US$","53030418664.16717"
"Lebanon","2018","US$","54899215465.896515"
"Lebanon","2019","US$","53249376033.604645"
"Lebanon","2020","US$","23129386969.666645"
"Lebanon","2021","US$","24673114774.757"
"Lebanon","2022","US$","26696512467.18452"
"Lebanon","2023","US$","27463501308.834164"
"Lesotho","1970","US$","79430814.85944635"
"Lesotho","1971","US$","76277419.83591762"
"Lesotho","1972","US$","90365109.19477722"
"Lesotho","1973","US$","136784747.50267622"
"Lesotho","1974","US$","155905030.55052623"
"Lesotho","1975","US$","162268094.06740317"
"Lesotho","1976","US$","160207780.9606889"
"Lesotho","1977","US$","209742430.11761528"
"Lesotho","1978","US$","289222458.2485022"
"Lesotho","1979","US$","314789660.5042429"
"Lesotho","1980","US$","414162614.63988703"
"Lesotho","1981","US$","420582025.1793759"
"Lesotho","1982","US$","385984590.7844999"
"Lesotho","1983","US$","394041368.0087158"
"Lesotho","1984","US$","347015134.49961364"
"Lesotho","1985","US$","277918478.09219295"
"Lesotho","1986","US$","310462049.79403543"
"Lesotho","1987","US$","415775773.97226703"
"Lesotho","1988","US$","477522236.407602"
"Lesotho","1989","US$","503823266.8713557"
"Lesotho","1990","US$","587892777.889613"
"Lesotho","1991","US$","654572445.374758"
"Lesotho","1992","US$","785109992.8500814"
"Lesotho","1993","US$","780359393.7800934"
"Lesotho","1994","US$","798472191.8404272"
"Lesotho","1995","US$","893476489.522578"
"Lesotho","1996","US$","895050407.5907606"
"Lesotho","1997","US$","974017247.2499584"
"Lesotho","1998","US$","854270992.1598635"
"Lesotho","1999","US$","854383661.4684187"
"Lesotho","2000","US$","822098820.0236465"
"Lesotho","2001","US$","752958072.6079537"
"Lesotho","2002","US$","700042058.9117005"
"Lesotho","2003","US$","1033046679.1198955"
"Lesotho","2004","US$","1315577563.0186732"
"Lesotho","2005","US$","1458545980.1441302"
"Lesotho","2006","US$","1523029995.6718414"
"Lesotho","2007","US$","1682131787.6362686"
"Lesotho","2008","US$","1766902643.2324195"
"Lesotho","2009","US$","1740894928.3988655"
"Lesotho","2010","US$","2234320198.0211644"
"Lesotho","2011","US$","2578971917.564848"
"Lesotho","2012","US$","2478315271.399868"
"Lesotho","2013","US$","2365677208.9616356"
"Lesotho","2014","US$","2441063149.023399"
"Lesotho","2015","US$","2359686744.791926"
"Lesotho","2016","US$","2114426470.3563795"
"Lesotho","2017","US$","2306741605.326441"
"Lesotho","2018","US$","2556247149.902193"
"Lesotho","2019","US$","2390702286.8240194"
"Lesotho","2020","US$","2053699820.1525886"
"Lesotho","2021","US$","2412130022.4556694"
"Lesotho","2022","US$","2354980883.1744676"
"Lesotho","2023","US$","2117962428.5155094"
"Liberia","1970","US$","316498842"
"Liberia","1971","US$","333728549"
"Liberia","1972","US$","361668613"
"Liberia","1973","US$","422903922"
"Liberia","1974","US$","517358584"
"Liberia","1975","US$","621809529"
"Liberia","1976","US$","644352164"
"Liberia","1977","US$","720344306"
"Liberia","1978","US$","789196247"
"Liberia","1979","US$","909151629"
"Liberia","1980","US$","934958356"
"Liberia","1981","US$","1075416316"
"Liberia","1982","US$","1115197437"
"Liberia","1983","US$","1107343216"
"Liberia","1984","US$","1091634773"
"Liberia","1985","US$","1076436345"
"Liberia","1986","US$","1057973824"
"Liberia","1987","US$","1111321328"
"Liberia","1988","US$","1181499306"
"Liberia","1989","US$","1217506321"
"Liberia","1990","US$","595204667"
"Liberia","1991","US$","538842935"
"Liberia","1992","US$","346067230"
"Liberia","1993","US$","248363238"
"Liberia","1994","US$","204698379"
"Liberia","1995","US$","208724217"
"Liberia","1996","US$","246814839"
"Liberia","1997","US$","418607741"
"Liberia","1998","US$","510980027"
"Liberia","1999","US$","616003407"
"Liberia","2000","US$","644944279"
"Liberia","2001","US$","637808642"
"Liberia","2002","US$","686682868"
"Liberia","2003","US$","529063491"
"Liberia","2004","US$","643917921"
"Liberia","2005","US$","706232558"
"Liberia","2006","US$","826647784"
"Liberia","2007","US$","975314515"
"Liberia","2008","US$","1147109911"
"Liberia","2009","US$","1219941302"
"Liberia","2010","US$","1383434819"
"Liberia","2011","US$","1669520521"
"Liberia","2012","US$","1908199409"
"Liberia","2013","US$","2159828435"
"Liberia","2014","US$","2321892392"
"Liberia","2015","US$","3060137568"
"Liberia","2016","US$","3204559802"
"Liberia","2017","US$","3204391857"
"Liberia","2018","US$","3241295405"
"Liberia","2019","US$","3162246479"
"Liberia","2020","US$","3460963232"
"Liberia","2021","US$","4124793603"
"Liberia","2022","US$","4561736592"
"Liberia","2023","US$","5039237004"
"Libya","1970","US$","3978874520.79104"
"Libya","1971","US$","4880522698.347012"
"Libya","1972","US$","5844722462.417114"
"Libya","1973","US$","8003296604.305283"
"Libya","1974","US$","14021762537.609272"
"Libya","1975","US$","13649119897.075571"
"Libya","1976","US$","17718579720.110996"
"Libya","1977","US$","20809491529.532047"
"Libya","1978","US$","20537231306.556072"
"Libya","1979","US$","28332395338.412624"
"Libya","1980","US$","38185792233.88487"
"Libya","1981","US$","33436648168.560562"
"Libya","1982","US$","32845049122.437706"
"Libya","1983","US$","31794290634.26068"
"Libya","1984","US$","28934855394.32534"
"Libya","1985","US$","29887037520.30886"
"Libya","1986","US$","24319923826.652172"
"Libya","1987","US$","22642653915.41864"
"Libya","1988","US$","25559956214.44981"
"Libya","1989","US$","27057741202.567497"
"Libya","1990","US$","31088348327.890533"
"Libya","1991","US$","34409289638.62599"
"Libya","1992","US$","36447724815.450905"
"Libya","1993","US$","32976898432.742947"
"Libya","1994","US$","30772527897.308266"
"Libya","1995","US$","28292444617.069317"
"Libya","1996","US$","31284185647.71944"
"Libya","1997","US$","33193980352.967693"
"Libya","1998","US$","29896770649.30881"
"Libya","1999","US$","33639771436.147892"
"Libya","2000","US$","38470506544.88433"
"Libya","2001","US$","34061327342.649094"
"Libya","2002","US$","22311566707.549618"
"Libya","2003","US$","27199858423.97602"
"Libya","2004","US$","35144318065.61329"
"Libya","2005","US$","48852710226.87094"
"Libya","2006","US$","60094229495.54009"
"Libya","2007","US$","68033012280.76126"
"Libya","2008","US$","86710718997.79845"
"Libya","2009","US$","60808538330.34174"
"Libya","2010","US$","75380800664.41982"
"Libya","2011","US$","48169243831.914116"
"Libya","2012","US$","92540964665.55785"
"Libya","2013","US$","75351117628.30797"
"Libya","2014","US$","57372352562.48881"
"Libya","2015","US$","48717506272.698105"
"Libya","2016","US$","49912085228.34867"
"Libya","2017","US$","67157451660.27272"
"Libya","2018","US$","76686048499.35266"
"Libya","2019","US$","69254143968.33977"
"Libya","2020","US$","46854430381.85794"
"Libya","2021","US$","35217922909.562126"
"Libya","2022","US$","43246208602.845314"
"Libya","2023","US$","44029921588.02938"
"Liechtenstein","1970","US$","110617914.59469952"
"Liechtenstein","1971","US$","128776606.84807669"
"Liechtenstein","1972","US$","153393255.52226046"
"Liechtenstein","1973","US$","206184278.43140817"
"Liechtenstein","1974","US$","248169749.85253665"
"Liechtenstein","1975","US$","285702666.08801556"
"Liechtenstein","1976","US$","322289800.1895334"
"Liechtenstein","1977","US$","375994027.21031153"
"Liechtenstein","1978","US$","522496381.4218886"
"Liechtenstein","1979","US$","627057634.6508322"
"Liechtenstein","1980","US$","684834945.1308423"
"Liechtenstein","1981","US$","608055192.3546607"
"Liechtenstein","1982","US$","628590315.8814495"
"Liechtenstein","1983","US$","637894962.9021721"
"Liechtenstein","1984","US$","634269483.5405353"
"Liechtenstein","1985","US$","681299778.3995523"
"Liechtenstein","1986","US$","1008539922.824713"
"Liechtenstein","1987","US$","1270065533.0468333"
"Liechtenstein","1988","US$","1453601816.442288"
"Liechtenstein","1989","US$","1451249606.7973776"
"Liechtenstein","1990","US$","1755860467.7892532"
"Liechtenstein","1991","US$","1898795352.367222"
"Liechtenstein","1992","US$","2033116060.4505513"
"Liechtenstein","1993","US$","2010774074.2411723"
"Liechtenstein","1994","US$","2245567707.6535845"
"Liechtenstein","1995","US$","2695245003.2876043"
"Liechtenstein","1996","US$","2717995174.7963204"
"Liechtenstein","1997","US$","2563442673.442143"
"Liechtenstein","1998","US$","2742541906.013342"
"Liechtenstein","1999","US$","2946496054.0024166"
"Liechtenstein","2000","US$","2747178266.771472"
"Liechtenstein","2001","US$","2755926673.4415135"
"Liechtenstein","2002","US$","2973606261.358296"
"Liechtenstein","2003","US$","3396302748.114002"
"Liechtenstein","2004","US$","3820531354.9502683"
"Liechtenstein","2005","US$","4046135187.777895"
"Liechtenstein","2006","US$","4424104114.549145"
"Liechtenstein","2007","US$","5089173411.439165"
"Liechtenstein","2008","US$","5620107027.116859"
"Liechtenstein","2009","US$","4981831948.375315"
"Liechtenstein","2010","US$","5621057217.383115"
"Liechtenstein","2011","US$","6348103709.999847"
"Liechtenstein","2012","US$","6034435862.391025"
"Liechtenstein","2013","US$","6391711429.229498"
"Liechtenstein","2014","US$","6657450229.505507"
"Liechtenstein","2015","US$","6268513139.702879"
"Liechtenstein","2016","US$","6237299538.029336"
"Liechtenstein","2017","US$","6474310909.506358"
"Liechtenstein","2018","US$","6692561377.794061"
"Liechtenstein","2019","US$","6436893423.713006"
"Liechtenstein","2020","US$","6405031071.445687"
"Liechtenstein","2021","US$","7912603785.284719"
"Liechtenstein","2022","US$","7378152712.648554"
"Liechtenstein","2023","US$","7965156088.548565"
"Lithuania","1970","...","..."
"Lithuania","1971","...","..."
"Lithuania","1972","...","..."
"Lithuania","1973","...","..."
"Lithuania","1974","...","..."
"Lithuania","1975","...","..."
"Lithuania","1976","...","..."
"Lithuania","1977","...","..."
"Lithuania","1978","...","..."
"Lithuania","1979","...","..."
"Lithuania","1980","...","..."
"Lithuania","1981","...","..."
"Lithuania","1982","...","..."
"Lithuania","1983","...","..."
"Lithuania","1984","...","..."
"Lithuania","1985","...","..."
"Lithuania","1986","...","..."
"Lithuania","1987","...","..."
"Lithuania","1988","...","..."
"Lithuania","1989","...","..."
"Lithuania","1990","US$","10305064056.724676"
"Lithuania","1991","US$","10048901611.215427"
"Lithuania","1992","US$","8092925400.680831"
"Lithuania","1993","US$","6940398387.4854555"
"Lithuania","1994","US$","6396314309.179727"
"Lithuania","1995","US$","6745281316.799999"
"Lithuania","1996","US$","8430352164"
"Lithuania","1997","US$","10168446797.6"
"Lithuania","1998","US$","11289356020.8"
"Lithuania","1999","US$","11022285393.6"
"Lithuania","2000","US$","11550894399.199999"
"Lithuania","2001","US$","12260972214.4"
"Lithuania","2002","US$","14279332178.888811"
"Lithuania","2003","US$","18809447049.15817"
"Lithuania","2004","US$","22739916395.059776"
"Lithuania","2005","US$","26121025561.341373"
"Lithuania","2006","US$","30108656873.329758"
"Lithuania","2007","US$","39722559383.134056"
"Lithuania","2008","US$","47876369597.40356"
"Lithuania","2009","US$","37493036458.01859"
"Lithuania","2010","US$","36647770142.67813"
"Lithuania","2011","US$","43233321379.065735"
"Lithuania","2012","US$","42725278710.787735"
"Lithuania","2013","US$","46294753800.84011"
"Lithuania","2014","US$","48347227744.78497"
"Lithuania","2015","US$","41540954817.20389"
"Lithuania","2016","US$","42970749245.03476"
"Lithuania","2017","US$","47756764508.446396"
"Lithuania","2018","US$","54261795148.53625"
"Lithuania","2019","US$","55122066225.795006"
"Lithuania","2020","US$","57412038533.27077"
"Lithuania","2021","US$","67037321008.96792"
"Lithuania","2022","US$","71033884499.78238"
"Lithuania","2023","US$","79789877416.16808"
"Luxembourg","1970","US$","1457806531.9633493"
"Luxembourg","1971","US$","1513040098.7114692"
"Luxembourg","1972","US$","1901709534.628525"
"Luxembourg","1973","US$","2609869868.161838"
"Luxembourg","1974","US$","3183694938.3511214"
"Luxembourg","1975","US$","3123245877.792027"
"Luxembourg","1976","US$","3423596638.95308"
"Luxembourg","1977","US$","3789242159.225764"
"Luxembourg","1978","US$","4718731047.908407"
"Luxembourg","1979","US$","5517052787.230554"
"Luxembourg","1980","US$","6019955121.452891"
"Luxembourg","1981","US$","5053610531.449225"
"Luxembourg","1982","US$","4602154360.169816"
"Luxembourg","1983","US$","4524143124.596701"
"Luxembourg","1984","US$","4438355309.472378"
"Luxembourg","1985","US$","4577080629.19263"
"Luxembourg","1986","US$","6685668210.427502"
"Luxembourg","1987","US$","8321012342.17617"
"Luxembourg","1988","US$","9418548368.632437"
"Luxembourg","1989","US$","10037677685.51416"
"Luxembourg","1990","US$","12778661498.9903"
"Luxembourg","1991","US$","13834007180.845285"
"Luxembourg","1992","US$","15519378565.744411"
"Luxembourg","1993","US$","15925050500.351627"
"Luxembourg","1994","US$","17702547862.124542"
"Luxembourg","1995","US$","20853364261.86663"
"Luxembourg","1996","US$","20894882678.363937"
"Luxembourg","1997","US$","19563580594.00353"
"Luxembourg","1998","US$","20149609908.989952"
"Luxembourg","1999","US$","21899317598.840336"
"Luxembourg","2000","US$","21230182989.30338"
"Luxembourg","2001","US$","21387533703.23366"
"Luxembourg","2002","US$","23649833332.16553"
"Luxembourg","2003","US$","29667268248.131565"
"Luxembourg","2004","US$","35064843792.89875"
"Luxembourg","2005","US$","37672280120.478134"
"Luxembourg","2006","US$","42910146296.064316"
"Luxembourg","2007","US$","51587401415.787575"
"Luxembourg","2008","US$","58844277701.525764"
"Luxembourg","2009","US$","54467289897.55817"
"Luxembourg","2010","US$","56213985987.41811"
"Luxembourg","2011","US$","61696281326.24569"
"Luxembourg","2012","US$","59776383527.36017"
"Luxembourg","2013","US$","65203276466.97678"
"Luxembourg","2014","US$","68804811897.64337"
"Luxembourg","2015","US$","60071584216.13747"
"Luxembourg","2016","US$","62216885435.95051"
"Luxembourg","2017","US$","65712180342.98424"
"Luxembourg","2018","US$","71000359760.45985"
"Luxembourg","2019","US$","69890505323.58295"
"Luxembourg","2020","US$","73699366700.21217"
"Luxembourg","2021","US$","85584105993.87459"
"Luxembourg","2022","US$","81641807865.75908"
"Luxembourg","2023","US$","85755006123.5976"
"Madagascar","1970","US$","1052455078.9322051"
"Madagascar","1971","US$","1137955987.1958144"
"Madagascar","1972","US$","1300600231.6983843"
"Madagascar","1973","US$","1602075480.1058815"
"Madagascar","1974","US$","1815059655.0323792"
"Madagascar","1975","US$","2161066513.9709487"
"Madagascar","1976","US$","2065269921.232707"
"Madagascar","1977","US$","2232898096.6352754"
"Madagascar","1978","US$","2527114966.5384665"
"Madagascar","1979","US$","3278519572.705811"
"Madagascar","1980","US$","3826178503.9923186"
"Madagascar","1981","US$","3402801414.266673"
"Madagascar","1982","US$","3337802722.416839"
"Madagascar","1983","US$","3324506726.1755657"
"Madagascar","1984","US$","2782443656.104085"
"Madagascar","1985","US$","2747957579.404584"
"Madagascar","1986","US$","3818428997.879511"
"Madagascar","1987","US$","3006705986.7534966"
"Madagascar","1988","US$","2862365542.113608"
"Madagascar","1989","US$","2927391924.0038977"
"Madagascar","1990","US$","3609221121.063532"
"Madagascar","1991","US$","3132849595.123028"
"Madagascar","1992","US$","3511106556.1642766"
"Madagascar","1993","US$","3913223831.595283"
"Madagascar","1994","US$","3456058340.1263237"
"Madagascar","1995","US$","3668341485.5748224"
"Madagascar","1996","US$","4637844039.528457"
"Madagascar","1997","US$","4116180192.227829"
"Madagascar","1998","US$","4339993062.0367365"
"Madagascar","1999","US$","4320178211.635521"
"Madagascar","2000","US$","4501715507.967565"
"Madagascar","2001","US$","5258509712.924806"
"Madagascar","2002","US$","5104912869.562352"
"Madagascar","2003","US$","6354960758.504396"
"Madagascar","2004","US$","5066222722.771056"
"Madagascar","2005","US$","5849435651.125828"
"Madagascar","2006","US$","6402803752.856459"
"Madagascar","2007","US$","8524620890.887859"
"Madagascar","2008","US$","10725137721.585646"
"Madagascar","2009","US$","9616879407.57531"
"Madagascar","2010","US$","9982711338.111439"
"Madagascar","2011","US$","11551819617.641445"
"Madagascar","2012","US$","11578975063.807938"
"Madagascar","2013","US$","12423555457.040638"
"Madagascar","2014","US$","12522957401.025045"
"Madagascar","2015","US$","11323020699.921324"
"Madagascar","2016","US$","11848613859.52541"
"Madagascar","2017","US$","13176313593.541948"
"Madagascar","2018","US$","13760033282.598091"
"Madagascar","2019","US$","14104664677.964672"
"Madagascar","2020","US$","13051441203.441341"
"Madagascar","2021","US$","14354731963.094282"
"Madagascar","2022","US$","15325603273.55882"
"Madagascar","2023","US$","15869945477.17399"
"Malawi","1970","US$","579154347.7775702"
"Malawi","1971","US$","728514492.9812335"
"Malawi","1972","US$","832498418.1214086"
"Malawi","1973","US$","802818733.2009739"
"Malawi","1974","US$","991310464.8286836"
"Malawi","1975","US$","1107997917.5477657"
"Malawi","1976","US$","1211195440.7410514"
"Malawi","1977","US$","1456858029.7122502"
"Malawi","1978","US$","1714737268.7482183"
"Malawi","1979","US$","1840148967.3927999"
"Malawi","1980","US$","2236356796.1036887"
"Malawi","1981","US$","2236401776.244124"
"Malawi","1982","US$","2113676342.6913788"
"Malawi","1983","US$","2203656462.169695"
"Malawi","1984","US$","2157877490.893418"
"Malawi","1985","US$","2027757275.3393152"
"Malawi","1986","US$","2124237126.889716"
"Malawi","1987","US$","2218459893.3556085"
"Malawi","1988","US$","2472883262.8992915"
"Malawi","1989","US$","2970408322.9324827"
"Malawi","1990","US$","3166319964.5275893"
"Malawi","1991","US$","3658041857.980514"
"Malawi","1992","US$","3285104232.7345424"
"Malawi","1993","US$","3612298980.3029704"
"Malawi","1994","US$","2134243005.561212"
"Malawi","1995","US$","2473657153.7619715"
"Malawi","1996","US$","2974890813.764979"
"Malawi","1997","US$","3140957112.920397"
"Malawi","1998","US$","3214447153.7111144"
"Malawi","1999","US$","3208978290.8896303"
"Malawi","2000","US$","3150376892.7051907"
"Malawi","2001","US$","3101595761.5516744"
"Malawi","2002","US$","3495601872.7650533"
"Malawi","2003","US$","3209166776.2724905"
"Malawi","2004","US$","3476332983.1314735"
"Malawi","2005","US$","3655881870.4441814"
"Malawi","2006","US$","3998047035.0960393"
"Malawi","2007","US$","4432930711.108729"
"Malawi","2008","US$","5321050609.0401125"
"Malawi","2009","US$","6191065512.803877"
"Malawi","2010","US$","6959695652.414694"
"Malawi","2011","US$","8405752210.161929"
"Malawi","2012","US$","6310219384.997047"
"Malawi","2013","US$","6127702742.407623"
"Malawi","2014","US$","7255803950.207496"
"Malawi","2015","US$","8215964597.239496"
"Malawi","2016","US$","7123811133.429433"
"Malawi","2017","US$","8943543793.583902"
"Malawi","2018","US$","9879220349.853895"
"Malawi","2019","US$","11051852714.442757"
"Malawi","2020","US$","11769313599.650839"
"Malawi","2021","US$","12378119197.000181"
"Malawi","2022","US$","12485932708.667524"
"Malawi","2023","US$","12626675360.82952"
"Malaysia","1970","US$","3864145664.811789"
"Malaysia","1971","US$","4244395358.101656"
"Malaysia","1972","US$","5043347485.911936"
"Malaysia","1973","US$","7662903760.343233"
"Malaysia","1974","US$","9496205619.75383"
"Malaysia","1975","US$","9329165129.768705"
"Malaysia","1976","US$","11050234602.248013"
"Malaysia","1977","US$","13139486857.958038"
"Malaysia","1978","US$","16358082222.899666"
"Malaysia","1979","US$","21213268200.390636"
"Malaysia","1980","US$","24488220937.784504"
"Malaysia","1981","US$","25004285800.82974"
"Malaysia","1982","US$","26804497470.732822"
"Malaysia","1983","US$","30347442121.826355"
"Malaysia","1984","US$","33942902256.945423"
"Malaysia","1985","US$","31199637541.321926"
"Malaysia","1986","US$","27734114980.9699"
"Malaysia","1987","US$","32181205900.582336"
"Malaysia","1988","US$","35272104730.56831"
"Malaysia","1989","US$","38847970073.30927"
"Malaysia","1990","US$","44024585239.61366"
"Malaysia","1991","US$","49134808853.11865"
"Malaysia","1992","US$","59151678519.78836"
"Malaysia","1993","US$","66894966968.973564"
"Malaysia","1994","US$","74482424864.43771"
"Malaysia","1995","US$","88832706382.25648"
"Malaysia","1996","US$","100849681580.56076"
"Malaysia","1997","US$","100169143588.39148"
"Malaysia","1998","US$","72175314540.53194"
"Malaysia","1999","US$","79148421052.63158"
"Malaysia","2000","US$","93789736842.10527"
"Malaysia","2001","US$","92783947368.42105"
"Malaysia","2002","US$","100845526315.78947"
"Malaysia","2003","US$","110202368421.05264"
"Malaysia","2004","US$","124749473684.21053"
"Malaysia","2005","US$","143534418452.15424"
"Malaysia","2006","US$","162692260155.07013"
"Malaysia","2007","US$","193549547954.75284"
"Malaysia","2008","US$","230811591306.52036"
"Malaysia","2009","US$","202257458160.8495"
"Malaysia","2010","US$","255017645207.1796"
"Malaysia","2011","US$","297951667650.4486"
"Malaysia","2012","US$","314443061220.1383"
"Malaysia","2013","US$","323276281683.4406"
"Malaysia","2014","US$","338066202943.6909"
"Malaysia","2015","US$","301354735817.5299"
"Malaysia","2016","US$","301255405902.22046"
"Malaysia","2017","US$","319109142307.8173"
"Malaysia","2018","US$","358788923980.5157"
"Malaysia","2019","US$","365177803705.87494"
"Malaysia","2020","US$","337456189267.04956"
"Malaysia","2021","US$","373832186392.1668"
"Malaysia","2022","US$","407027249566.35486"
"Malaysia","2023","US$","399648650455.9431"
"Maldives","1970","US$","42386044.640502326"
"Maldives","1971","US$","47250620.25534659"
"Maldives","1972","US$","55149914.75546284"
"Maldives","1973","US$","67753492.36457805"
"Maldives","1974","US$","85789840.47984473"
"Maldives","1975","US$","53772586.84329227"
"Maldives","1976","US$","49094228.42309296"
"Maldives","1977","US$","45748941.970841475"
"Maldives","1978","US$","53448471.64110697"
"Maldives","1979","US$","84497035.81022187"
"Maldives","1980","US$","93121868.09180422"
"Maldives","1981","US$","98464067.56271048"
"Maldives","1982","US$","125127146.10730822"
"Maldives","1983","US$","130687388.24548757"
"Maldives","1984","US$","150598986.10819152"
"Maldives","1985","US$","166012979.93589827"
"Maldives","1986","US$","185197817.2401899"
"Maldives","1987","US$","184330462.10560554"
"Maldives","1988","US$","219962930.93013337"
"Maldives","1989","US$","247367071.65637365"
"Maldives","1990","US$","280692367.0639472"
"Maldives","1991","US$","319007692.372715"
"Maldives","1992","US$","371832351.967199"
"Maldives","1993","US$","420830313.3083201"
"Maldives","1994","US$","464686228.8587273"
"Maldives","1995","US$","566346255.8198811"
"Maldives","1996","US$","639310370.9430757"
"Maldives","1997","US$","721416105.8623619"
"Maldives","1998","US$","766653857.2642311"
"Maldives","1999","US$","836422023.5344095"
"Maldives","2000","US$","886230584.7918437"
"Maldives","2001","US$","887119092.0935323"
"Maldives","2002","US$","913325488.90625"
"Maldives","2003","US$","1052121055.9375"
"Maldives","2004","US$","1226829564.84375"
"Maldives","2005","US$","1163362434.296875"
"Maldives","2006","US$","1575200390.9375"
"Maldives","2007","US$","1868383459.84375"
"Maldives","2008","US$","2271646188.125"
"Maldives","2009","US$","2345294878.671875"
"Maldives","2010","US$","2588176058.4375"
"Maldives","2011","US$","2774350161.0877647"
"Maldives","2012","US$","2886163936.5430436"
"Maldives","2013","US$","3295009230.0312567"
"Maldives","2014","US$","3697353152.4481134"
"Maldives","2015","US$","4129505260.400864"
"Maldives","2016","US$","4409942714.702401"
"Maldives","2017","US$","4816426412.903225"
"Maldives","2018","US$","5404344064.852927"
"Maldives","2019","US$","5726094826.468677"
"Maldives","2020","US$","3712604694.2697315"
"Maldives","2021","US$","5252457227.242694"
"Maldives","2022","US$","6177118116.221068"
"Maldives","2023","US$","6590894147.948929"
"Mali","1970","US$","320361766.5540456"
"Mali","1971","US$","351925163.1340521"
"Mali","1972","US$","433311865.8278233"
"Mali","1973","US$","501934619.6683019"
"Mali","1974","US$","471052335.4104804"
"Mali","1975","US$","701262417.0813607"
"Mali","1976","US$","830514629.2068498"
"Mali","1977","US$","966485826.7378782"
"Mali","1978","US$","1120135002.4853623"
"Mali","1979","US$","1416289764.2300947"
"Mali","1980","US$","1651165521.8899596"
"Mali","1981","US$","1522964933.7790728"
"Mali","1982","US$","1336881878.0311368"
"Mali","1983","US$","1174833086.1558762"
"Mali","1984","US$","1154593401.5726047"
"Mali","1985","US$","1260339166.6129243"
"Mali","1986","US$","1839026149.5434945"
"Mali","1987","US$","2175594834.6329536"
"Mali","1988","US$","2250413782.1837177"
"Mali","1989","US$","2256731599.9855347"
"Mali","1990","US$","2731729198.803284"
"Mali","1991","US$","3007865238.2031655"
"Mali","1992","US$","3095266279.4569316"
"Mali","1993","US$","3054980093.882585"
"Mali","1994","US$","2233404802.467607"
"Mali","1995","US$","2836906027.9135776"
"Mali","1996","US$","3147709238.457139"
"Mali","1997","US$","2871846025.695008"
"Mali","1998","US$","3275070827.2740064"
"Mali","1999","US$","3440724707.8083386"
"Mali","2000","US$","2961484953.7871456"
"Mali","2001","US$","3468337941.097858"
"Mali","2002","US$","3908121309.7948203"
"Mali","2003","US$","4714071978.234618"
"Mali","2004","US$","5454249122.713895"
"Mali","2005","US$","6247515892.296937"
"Mali","2006","US$","6905934219.294675"
"Mali","2007","US$","8156468818.00868"
"Mali","2008","US$","9790290570.316069"
"Mali","2009","US$","10221999206.036589"
"Mali","2010","US$","10689168011.444891"
"Mali","2011","US$","12995112698.01017"
"Mali","2012","US$","12442035328.035028"
"Mali","2013","US$","13242690790.055712"
"Mali","2014","US$","14364937127.700232"
"Mali","2015","US$","13104764378.711418"
"Mali","2016","US$","14026048334.21305"
"Mali","2017","US$","15365713059.105669"
"Mali","2018","US$","17070867577.70978"
"Mali","2019","US$","17280250805.198944"
"Mali","2020","US$","17465392779.05052"
"Mali","2021","US$","19309463505.94542"
"Mali","2022","US$","18780322206.498287"
"Mali","2023","US$","20661794590.435574"
"Malta","1970","US$","260947106.09868085"
"Malta","1971","US$","275361010.9501194"
"Malta","1972","US$","307133644.56457037"
"Malta","1973","US$","359701409.96285564"
"Malta","1974","US$","391408105.6248451"
"Malta","1975","US$","493961027.8221368"
"Malta","1976","US$","549452589.9408294"
"Malta","1977","US$","651057741.841244"
"Malta","1978","US$","826019287.23752"
"Malta","1979","US$","1042095043.1129385"
"Malta","1980","US$","1301150039.9668515"
"Malta","1981","US$","1294188227.8779383"
"Malta","1982","US$","1284784891.8837173"
"Malta","1983","US$","1213238686.2439053"
"Malta","1984","US$","1146710682.5240343"
"Malta","1985","US$","1163352263.6693468"
"Malta","1986","US$","1493522003.27009"
"Malta","1987","US$","1822665939.1253996"
"Malta","1988","US$","2101807248.5352147"
"Malta","1989","US$","2204999606.036859"
"Malta","1990","US$","2651144938.241291"
"Malta","1991","US$","2862298094.5089216"
"Malta","1992","US$","3145101859.7981787"
"Malta","1993","US$","2819606092.8363185"
"Malta","1994","US$","3120706328.92467"
"Malta","1995","US$","3709361628.9073706"
"Malta","1996","US$","3822488329.489031"
"Malta","1997","US$","3787069759.0364957"
"Malta","1998","US$","4010090978.7438564"
"Malta","1999","US$","4111890472.760614"
"Malta","2000","US$","4036782000.775645"
"Malta","2001","US$","4070914368.1320662"
"Malta","2002","US$","4455164644.252015"
"Malta","2003","US$","5418352460.899537"
"Malta","2004","US$","6104134796.436902"
"Malta","2005","US$","6382685564.371221"
"Malta","2006","US$","6775984192.404463"
"Malta","2007","US$","7958871452.634957"
"Malta","2008","US$","9172366480.859373"
"Malta","2009","US$","8769833955.781244"
"Malta","2010","US$","9097067766.6669"
"Malta","2011","US$","9789342902.723824"
"Malta","2012","US$","9609576871.289064"
"Malta","2013","US$","10796802788.000116"
"Malta","2014","US$","11888089268.43114"
"Malta","2015","US$","11340775060.23437"
"Malta","2016","US$","12025727488.833046"
"Malta","2017","US$","14161344323.882505"
"Malta","2018","US$","16153804357.803621"
"Malta","2019","US$","16337834890.980074"
"Malta","2020","US$","16413243865.991982"
"Malta","2021","US$","19716635791.084953"
"Malta","2022","US$","19235197033.852215"
"Malta","2023","US$","22211636398.82392"
"Marshall Islands","1970","US$","8487081"
"Marshall Islands","1971","US$","9202026"
"Marshall Islands","1972","US$","10066877"
"Marshall Islands","1973","US$","11715861"
"Marshall Islands","1974","US$","15359772"
"Marshall Islands","1975","US$","16847316"
"Marshall Islands","1976","US$","18323331"
"Marshall Islands","1977","US$","20398975"
"Marshall Islands","1978","US$","22416963"
"Marshall Islands","1979","US$","25784121"
"Marshall Islands","1980","US$","26960320"
"Marshall Islands","1981","US$","31309947"
"Marshall Islands","1982","US$","35244447"
"Marshall Islands","1983","US$","42139047"
"Marshall Islands","1984","US$","45566167"
"Marshall Islands","1985","US$","44289646"
"Marshall Islands","1986","US$","56512887"
"Marshall Islands","1987","US$","63572385"
"Marshall Islands","1988","US$","71349134"
"Marshall Islands","1989","US$","73478976"
"Marshall Islands","1990","US$","79210062"
"Marshall Islands","1991","US$","83278325"
"Marshall Islands","1992","US$","92616749"
"Marshall Islands","1993","US$","101928941"
"Marshall Islands","1994","US$","111598478"
"Marshall Islands","1995","US$","125101891"
"Marshall Islands","1996","US$","116230929"
"Marshall Islands","1997","US$","109994392"
"Marshall Islands","1998","US$","112164803"
"Marshall Islands","1999","US$","113405968"
"Marshall Islands","2000","US$","114905144"
"Marshall Islands","2001","US$","122453934"
"Marshall Islands","2002","US$","132020081"
"Marshall Islands","2003","US$","131249817"
"Marshall Islands","2004","US$","132934555"
"Marshall Islands","2005","US$","137666306"
"Marshall Islands","2006","US$","142745178"
"Marshall Islands","2007","US$","149869965"
"Marshall Islands","2008","US$","145969070"
"Marshall Islands","2009","US$","150624878"
"Marshall Islands","2010","US$","160318512"
"Marshall Islands","2011","US$","171567093"
"Marshall Islands","2012","US$","179855804"
"Marshall Islands","2013","US$","185468002"
"Marshall Islands","2014","US$","185172867"
"Marshall Islands","2015","US$","182997299"
"Marshall Islands","2016","US$","200715988"
"Marshall Islands","2017","US$","212701248"
"Marshall Islands","2018","US$","219330307"
"Marshall Islands","2019","US$","232092270"
"Marshall Islands","2020","US$","241722351"
"Marshall Islands","2021","US$","259538666"
"Marshall Islands","2022","US$","263777471"
"Marshall Islands","2023","US$","269925100"
"Mauritania","1970","US$","456966943.96619767"
"Mauritania","1971","US$","489970156.88684756"
"Mauritania","1972","US$","572598008.430741"
"Mauritania","1973","US$","649212949.5337721"
"Mauritania","1974","US$","823252297.7387489"
"Mauritania","1975","US$","1070329046.4645673"
"Mauritania","1976","US$","1199376537.1832678"
"Mauritania","1977","US$","1228397898.8222694"
"Mauritania","1978","US$","1208718430.977525"
"Mauritania","1979","US$","1506021911.8592362"
"Mauritania","1980","US$","1857430474.9243138"
"Mauritania","1981","US$","2005587366.750066"
"Mauritania","1982","US$","1846362192.6822584"
"Mauritania","1983","US$","1876782464.7163324"
"Mauritania","1984","US$","1632620300.8330238"
"Mauritania","1985","US$","1530480567.9527502"
"Mauritania","1986","US$","1798589550.7939472"
"Mauritania","1987","US$","2038126721.140615"
"Mauritania","1988","US$","2143768042.4745064"
"Mauritania","1989","US$","2187302018.3983335"
"Mauritania","1990","US$","2288608460.3456187"
"Mauritania","1991","US$","2453893821.935222"
"Mauritania","1992","US$","2486334208.0452275"
"Mauritania","1993","US$","2124027071.292093"
"Mauritania","1994","US$","2250783322.4357677"
"Mauritania","1995","US$","2370831899.795796"
"Mauritania","1996","US$","2398385874.218108"
"Mauritania","1997","US$","2330794637.8303676"
"Mauritania","1998","US$","2032347630.4389193"
"Mauritania","1999","US$","1985922806.651894"
"Mauritania","2000","US$","1779520861.3083718"
"Mauritania","2001","US$","1746063578.6604924"
"Mauritania","2002","US$","1777057503.8685973"
"Mauritania","2003","US$","2051147605.5202827"
"Mauritania","2004","US$","2437301153.93289"
"Mauritania","2005","US$","2936811963.870777"
"Mauritania","2006","US$","3919577286.1876397"
"Mauritania","2007","US$","4346212410.938945"
"Mauritania","2008","US$","5206437122.83624"
"Mauritania","2009","US$","4714595489.605804"
"Mauritania","2010","US$","5628878865.374095"
"Mauritania","2011","US$","6764627664.909802"
"Mauritania","2012","US$","6728208835.075181"
"Mauritania","2013","US$","7223071176.9257555"
"Mauritania","2014","US$","6592537781.815179"
"Mauritania","2015","US$","6166863960.000609"
"Mauritania","2016","US$","6398747531.601419"
"Mauritania","2017","US$","6800135961.614119"
"Mauritania","2018","US$","7473550557.073786"
"Mauritania","2019","US$","7894764814.099805"
"Mauritania","2020","US$","8260752459.273526"
"Mauritania","2021","US$","9222536278.768843"
"Mauritania","2022","US$","9557966698.253689"
"Mauritania","2023","US$","10651720373.626896"
"Mauritius","1970","US$","205522142.91361496"
"Mauritius","1971","US$","231154787.86232364"
"Mauritius","1972","US$","289846577.430371"
"Mauritius","1973","US$","363168702.58035684"
"Mauritius","1974","US$","603431827.0709623"
"Mauritius","1975","US$","606530347.5437825"
"Mauritius","1976","US$","753378073.830956"
"Mauritius","1977","US$","881363832.1527349"
"Mauritius","1978","US$","1086538886.2393026"
"Mauritius","1979","US$","1296031259.4973986"
"Mauritius","1980","US$","1211119203.9445555"
"Mauritius","1981","US$","1222460908.6154437"
"Mauritius","1982","US$","1153991736.481402"
"Mauritius","1983","US$","1166697025.3951354"
"Mauritius","1984","US$","1113489495.9703956"
"Mauritius","1985","US$","1151550198.199462"
"Mauritius","1986","US$","1565443222.0787272"
"Mauritius","1987","US$","1959005504.954744"
"Mauritius","1988","US$","2214048711.8169184"
"Mauritius","1989","US$","2264069383.2036724"
"Mauritius","1990","US$","2735082565.2382517"
"Mauritius","1991","US$","2929774751.00851"
"Mauritius","1992","US$","3412657125.796156"
"Mauritius","1993","US$","3451922039.378344"
"Mauritius","1994","US$","3769173207.840961"
"Mauritius","1995","US$","4272660904.159297"
"Mauritius","1996","US$","4673767108.119343"
"Mauritius","1997","US$","4425877247.299137"
"Mauritius","1998","US$","4407170659.097682"
"Mauritius","1999","US$","4535540924.283754"
"Mauritius","2000","US$","4869255454.088598"
"Mauritius","2001","US$","4817388282.434248"
"Mauritius","2002","US$","5055097840.097457"
"Mauritius","2003","US$","6073442659.106731"
"Mauritius","2004","US$","6869358257.530247"
"Mauritius","2005","US$","6775278499.107803"
"Mauritius","2006","US$","7028810754.781636"
"Mauritius","2007","US$","8150150144.156353"
"Mauritius","2008","US$","9990356849.294907"
"Mauritius","2009","US$","9128843109.155876"
"Mauritius","2010","US$","10003670690.349657"
"Mauritius","2011","US$","11518413429.968351"
"Mauritius","2012","US$","11668696526.22522"
"Mauritius","2013","US$","12292974007.936144"
"Mauritius","2014","US$","13074130094.372316"
"Mauritius","2015","US$","12007291045.648907"
"Mauritius","2016","US$","12594155346.298018"
"Mauritius","2017","US$","13713505998.039053"
"Mauritius","2018","US$","14735674218.972166"
"Mauritius","2019","US$","14436347115.289282"
"Mauritius","2020","US$","11408106349.668938"
"Mauritius","2021","US$","11484348766.034208"
"Mauritius","2022","US$","12927979286.045298"
"Mauritius","2023","US$","14397127281.382942"
"Melanesia","1970","US$","1766545269.2490878"
"Melanesia","1971","US$","1984826927.0006013"
"Melanesia","1972","US$","2384396259.7626104"
"Melanesia","1973","US$","3305356711.0481157"
"Melanesia","1974","US$","3853602031.912083"
"Melanesia","1975","US$","3967924151.5396824"
"Melanesia","1976","US$","4141546968.291998"
"Melanesia","1977","US$","4470737147.543414"
"Melanesia","1978","US$","5214382978.036125"
"Melanesia","1979","US$","6171705138.407771"
"Melanesia","1980","US$","6919469467.753659"
"Melanesia","1981","US$","6666843706.127386"
"Melanesia","1982","US$","6338951876.2735405"
"Melanesia","1983","US$","6140751653.099124"
"Melanesia","1984","US$","6203434824.951944"
"Melanesia","1985","US$","5991688300.9708"
"Melanesia","1986","US$","6848111068.682942"
"Melanesia","1987","US$","7796324446.816298"
"Melanesia","1988","US$","9156819345.74921"
"Melanesia","1989","US$","9161260830.515268"
"Melanesia","1990","US$","9212221453.562458"
"Melanesia","1991","US$","10303234625.116932"
"Melanesia","1992","US$","11546717591.359564"
"Melanesia","1993","US$","12481095631.533688"
"Melanesia","1994","US$","13467366396.200527"
"Melanesia","1995","US$","13564165397.319244"
"Melanesia","1996","US$","14234817404.988186"
"Melanesia","1997","US$","13809851093.702087"
"Melanesia","1998","US$","11565056238.421907"
"Melanesia","1999","US$","11486195444.044863"
"Melanesia","2000","US$","11062570727.541729"
"Melanesia","2001","US$","10261258076.627445"
"Melanesia","2002","US$","10798582050.617954"
"Melanesia","2003","US$","13564460525.17833"
"Melanesia","2004","US$","15748802953.66624"
"Melanesia","2005","US$","17522007415.562775"
"Melanesia","2006","US$","19466884309.60103"
"Melanesia","2007","US$","22964727993.43957"
"Melanesia","2008","US$","25628049480.27345"
"Melanesia","2009","US$","24589186224.136543"
"Melanesia","2010","US$","28324144599.216278"
"Melanesia","2011","US$","33950050509.872402"
"Melanesia","2012","US$","36859402963.06647"
"Melanesia","2013","US$","37646939501.47319"
"Melanesia","2014","US$","40812257174.783844"
"Melanesia","2015","US$","37211616677.51759"
"Melanesia","2016","US$","36601510945.94444"
"Melanesia","2017","US$","39619261452.41355"
"Melanesia","2018","US$","42117809483.79382"
"Melanesia","2019","US$","42226367406.18799"
"Melanesia","2020","US$","40181105516.61623"
"Melanesia","2021","US$","42994881625.685844"
"Melanesia","2022","US$","48825310757.76196"
"Melanesia","2023","US$","49354394016.53285"
"Mexico","1970","US$","47470239952.52976"
"Mexico","1971","US$","52357519952.005745"
"Mexico","1972","US$","60340768789.93615"
"Mexico","1973","US$","73821803999.73697"
"Mexico","1974","US$","96133599032.26712"
"Mexico","1975","US$","117540000000"
"Mexico","1976","US$","118702956403.6707"
"Mexico","1977","US$","109419598165.06697"
"Mexico","1978","US$","137121234643.1521"
"Mexico","1979","US$","179652845132.89594"
"Mexico","1980","US$","248867932828.61032"
"Mexico","1981","US$","319391668650.2242"
"Mexico","1982","US$","221968664068.04184"
"Mexico","1983","US$","190227074303.79105"
"Mexico","1984","US$","224385975488.631"
"Mexico","1985","US$","235744706417.98334"
"Mexico","1986","US$","165403016998.1004"
"Mexico","1987","US$","179228368521.58548"
"Mexico","1988","US$","219484108741.1272"
"Mexico","1989","US$","267224144897.00778"
"Mexico","1990","US$","314837944380.6274"
"Mexico","1991","US$","376845524328.873"
"Mexico","1992","US$","435758502137.1197"
"Mexico","1993","US$","530160820062.37335"
"Mexico","1994","US$","553618302577.1943"
"Mexico","1995","US$","380157469555.29504"
"Mexico","1996","US$","432157921329.83844"
"Mexico","1997","US$","523449530464.25696"
"Mexico","1998","US$","557461117666.1927"
"Mexico","1999","US$","631249392820.7483"
"Mexico","2000","US$","742061303483.7535"
"Mexico","2001","US$","796064619273.7186"
"Mexico","2002","US$","810666088416.9103"
"Mexico","2003","US$","765549955877.204"
"Mexico","2004","US$","819459251577.9158"
"Mexico","2005","US$","917571881594.8317"
"Mexico","2006","US$","1020265089084.9408"
"Mexico","2007","US$","1102355588596.158"
"Mexico","2008","US$","1161553494503.4504"
"Mexico","2009","US$","943437415024.6328"
"Mexico","2010","US$","1105424209570.4038"
"Mexico","2011","US$","1229013703416.7583"
"Mexico","2012","US$","1255110393049.5781"
"Mexico","2013","US$","1327436324927.132"
"Mexico","2014","US$","1364507717614.1343"
"Mexico","2015","US$","1213294493235.8508"
"Mexico","2016","US$","1112233477588.6113"
"Mexico","2017","US$","1190721496876.9546"
"Mexico","2018","US$","1256300204640.2363"
"Mexico","2019","US$","1304106181336.5103"
"Mexico","2020","US$","1121064749915.9338"
"Mexico","2021","US$","1316569445185.9673"
"Mexico","2022","US$","1466464899204.3164"
"Mexico","2023","US$","1793798893182.0303"
"Micronesia","1970","US$","74449466.21127152"
"Micronesia","1971","US$","79402427.98652202"
"Micronesia","1972","US$","90660831.90659806"
"Micronesia","1973","US$","123344262.3968221"
"Micronesia","1974","US$","165490255.54855216"
"Micronesia","1975","US$","170515838.5802487"
"Micronesia","1976","US$","157871233.39272127"
"Micronesia","1977","US$","157500663.57686898"
"Micronesia","1978","US$","174088419.85303408"
"Micronesia","1979","US$","184143991.64416093"
"Micronesia","1980","US$","194080892.063784"
"Micronesia","1981","US$","218769834.02309665"
"Micronesia","1982","US$","224415634.08273238"
"Micronesia","1983","US$","235068014.99417037"
"Micronesia","1984","US$","246006499.8890698"
"Micronesia","1985","US$","252732170.75370392"
"Micronesia","1986","US$","281728624.4540471"
"Micronesia","1987","US$","307794292.1316641"
"Micronesia","1988","US$","350803295.3891557"
"Micronesia","1989","US$","370434064.1278087"
"Micronesia","1990","US$","401713634.151929"
"Micronesia","1991","US$","432798684.7503194"
"Micronesia","1992","US$","479199166.38925153"
"Micronesia","1993","US$","490222186.2757045"
"Micronesia","1994","US$","519998848.91353106"
"Micronesia","1995","US$","560798050.4201882"
"Micronesia","1996","US$","581984130.7537742"
"Micronesia","1997","US$","570628977.8630378"
"Micronesia","1998","US$","578599124.7249036"
"Micronesia","1999","US$","578993057.3661408"
"Micronesia","2000","US$","592552051.0479891"
"Micronesia","2001","US$","604491843.990632"
"Micronesia","2002","US$","628915815.6909573"
"Micronesia","2003","US$","654341199.0837977"
"Micronesia","2004","US$","678581053.4215877"
"Micronesia","2005","US$","713236508.3548911"
"Micronesia","2006","US$","723148218.1344396"
"Micronesia","2007","US$","762686666.3269928"
"Micronesia","2008","US$","795914595.2072151"
"Micronesia","2009","US$","809015230.8631256"
"Micronesia","2010","US$","865230563.2647554"
"Micronesia","2011","US$","961033209.9370636"
"Micronesia","2012","US$","1047610828.8655388"
"Micronesia","2013","US$","1047078170.885745"
"Micronesia","2014","US$","1080723204.154788"
"Micronesia","2015","US$","1075837572.3058436"
"Micronesia","2016","US$","1146391299.638925"
"Micronesia","2017","US$","1208678061.4060936"
"Micronesia","2018","US$","1275705653.3242867"
"Micronesia","2019","US$","1265661419.7977781"
"Micronesia","2020","US$","1241593959.9233437"
"Micronesia","2021","US$","1374633995.1992445"
"Micronesia","2022","US$","1389413623.5871775"
"Micronesia","2023","US$","1476271646.3935397"
"Micronesia (Federated States of)","1970","US$","21089254"
"Micronesia (Federated States of)","1971","US$","23101290"
"Micronesia (Federated States of)","1972","US$","26619824"
"Micronesia (Federated States of)","1973","US$","36928568"
"Micronesia (Federated States of)","1974","US$","48884465"
"Micronesia (Federated States of)","1975","US$","48909927"
"Micronesia (Federated States of)","1976","US$","49645931"
"Micronesia (Federated States of)","1977","US$","50168092"
"Micronesia (Federated States of)","1978","US$","56903692"
"Micronesia (Federated States of)","1979","US$","63917856"
"Micronesia (Federated States of)","1980","US$","68070677"
"Micronesia (Federated States of)","1981","US$","81100000"
"Micronesia (Federated States of)","1982","US$","84900000"
"Micronesia (Federated States of)","1983","US$","89200000"
"Micronesia (Federated States of)","1984","US$","89800000"
"Micronesia (Federated States of)","1985","US$","108100000"
"Micronesia (Federated States of)","1986","US$","119000000"
"Micronesia (Federated States of)","1987","US$","124200000"
"Micronesia (Federated States of)","1988","US$","137300000"
"Micronesia (Federated States of)","1989","US$","144500000"
"Micronesia (Federated States of)","1990","US$","157900000"
"Micronesia (Federated States of)","1991","US$","175900000"
"Micronesia (Federated States of)","1992","US$","189100000"
"Micronesia (Federated States of)","1993","US$","206600000"
"Micronesia (Federated States of)","1994","US$","213700000"
"Micronesia (Federated States of)","1995","US$","221853824"
"Micronesia (Federated States of)","1996","US$","218719070"
"Micronesia (Federated States of)","1997","US$","206731873"
"Micronesia (Federated States of)","1998","US$","219578627"
"Micronesia (Federated States of)","1999","US$","220570491"
"Micronesia (Federated States of)","2000","US$","233186891"
"Micronesia (Federated States of)","2001","US$","239906225"
"Micronesia (Federated States of)","2002","US$","241473786"
"Micronesia (Federated States of)","2003","US$","244921665"
"Micronesia (Federated States of)","2004","US$","240564000"
"Micronesia (Federated States of)","2005","US$","250644000"
"Micronesia (Federated States of)","2006","US$","253372000"
"Micronesia (Federated States of)","2007","US$","256787151"
"Micronesia (Federated States of)","2008","US$","263145105"
"Micronesia (Federated States of)","2009","US$","280284568"
"Micronesia (Federated States of)","2010","US$","296944122"
"Micronesia (Federated States of)","2011","US$","311301557"
"Micronesia (Federated States of)","2012","US$","327248655"
"Micronesia (Federated States of)","2013","US$","317214350"
"Micronesia (Federated States of)","2014","US$","319271156"
"Micronesia (Federated States of)","2015","US$","316489947"
"Micronesia (Federated States of)","2016","US$","325000000"
"Micronesia (Federated States of)","2017","US$","359000000"
"Micronesia (Federated States of)","2018","US$","392000000"
"Micronesia (Federated States of)","2019","US$","394000000"
"Micronesia (Federated States of)","2020","US$","372000000"
"Micronesia (Federated States of)","2021","US$","390000000"
"Micronesia (Federated States of)","2022","US$","430000000"
"Micronesia (Federated States of)","2023","US$","460000000"
"Middle Africa","1970","US$","11277312241.644112"
"Middle Africa","1971","US$","12364282649.984507"
"Middle Africa","1972","US$","13626578606.755913"
"Middle Africa","1973","US$","17462425593.806927"
"Middle Africa","1974","US$","21136465771.98269"
"Middle Africa","1975","US$","22404010156.29924"
"Middle Africa","1976","US$","23159283704.6303"
"Middle Africa","1977","US$","26599941727.72143"
"Middle Africa","1978","US$","33451434017.35546"
"Middle Africa","1979","US$","36881522938.87628"
"Middle Africa","1980","US$","42233855174.46431"
"Middle Africa","1981","US$","39125154806.37122"
"Middle Africa","1982","US$","38875039837.79309"
"Middle Africa","1983","US$","37084905325.671"
"Middle Africa","1984","US$","33037585724.221546"
"Middle Africa","1985","US$","35282744684.15266"
"Middle Africa","1986","US$","37989211413.33236"
"Middle Africa","1987","US$","39732297681.79361"
"Middle Africa","1988","US$","41454851000.429955"
"Middle Africa","1989","US$","48728841496.108345"
"Middle Africa","1990","US$","55148938140.203285"
"Middle Africa","1991","US$","56828414206.961266"
"Middle Africa","1992","US$","59474121548.27592"
"Middle Africa","1993","US$","58956807459.82246"
"Middle Africa","1994","US$","41223947943.13515"
"Middle Africa","1995","US$","37554130341.2141"
"Middle Africa","1996","US$","41513011576.59544"
"Middle Africa","1997","US$","42431840819.409424"
"Middle Africa","1998","US$","40651573024.204185"
"Middle Africa","1999","US$","40143145384.67973"
"Middle Africa","2000","US$","44568581130.31913"
"Middle Africa","2001","US$","44686239749.042305"
"Middle Africa","2002","US$","51334194143.742744"
"Middle Africa","2003","US$","61263278135.33258"
"Middle Africa","2004","US$","77735106338.9092"
"Middle Africa","2005","US$","101423972672.78471"
"Middle Africa","2006","US$","125529054390.67078"
"Middle Africa","2007","US$","150928560006.49817"
"Middle Africa","2008","US$","196404570590.46872"
"Middle Africa","2009","US$","166354565488.67227"
"Middle Africa","2010","US$","191236254138.05264"
"Middle Africa","2011","US$","240856234697.4755"
"Middle Africa","2012","US$","263732247876.22153"
"Middle Africa","2013","US$","278934475869.5087"
"Middle Africa","2014","US$","295655932498.1348"
"Middle Africa","2015","US$","242750825016.811"
"Middle Africa","2016","US$","226715830871.7517"
"Middle Africa","2017","US$","250629888058.65344"
"Middle Africa","2018","US$","251209925663.8743"
"Middle Africa","2019","US$","229945441068.8682"
"Middle Africa","2020","US$","195037212647.6274"
"Middle Africa","2021","US$","231814433758.58752"
"Middle Africa","2022","US$","286839790158.83307"
"Middle Africa","2023","US$","276391898612.2508"
"Monaco","1970","US$","284114524.7105444"
"Monaco","1971","US$","317652390.4738365"
"Monaco","1972","US$","389441390.1672064"
"Monaco","1973","US$","506065755.1737963"
"Monaco","1974","US$","546491490.18887"
"Monaco","1975","US$","690613533.0620877"
"Monaco","1976","US$","712572704.0184362"
"Monaco","1977","US$","785229680.9668704"
"Monaco","1978","US$","969743582.4469208"
"Monaco","1979","US$","1175054314.5133643"
"Monaco","1980","US$","1342200432.5885625"
"Monaco","1981","US$","1178080461.1742187"
"Monaco","1982","US$","1119363397.6571243"
"Monaco","1983","US$","1071550223.0926778"
"Monaco","1984","US$","1015680077.1065481"
"Monaco","1985","US$","1058638846.9311897"
"Monaco","1986","US$","1476521716.6397488"
"Monaco","1987","US$","1787826152.5582218"
"Monaco","1988","US$","1949867581.1618352"
"Monaco","1989","US$","1962019600.737505"
"Monaco","1990","US$","2428955095.4665747"
"Monaco","1991","US$","2429120382.9185915"
"Monaco","1992","US$","2682088163.3257833"
"Monaco","1993","US$","2531820765.4296217"
"Monaco","1994","US$","2667877460.585905"
"Monaco","1995","US$","3064085413.9357014"
"Monaco","1996","US$","3073211085.1229863"
"Monaco","1997","US$","2780626557.290784"
"Monaco","1998","US$","2876820237.7756543"
"Monaco","1999","US$","2857685123.909393"
"Monaco","2000","US$","2613644711.572107"
"Monaco","2001","US$","2636644879.448726"
"Monaco","2002","US$","2873489110.116149"
"Monaco","2003","US$","3530202644.03285"
"Monaco","2004","US$","4056683629.7258587"
"Monaco","2005","US$","4204648161.2699003"
"Monaco","2006","US$","4586786627.474076"
"Monaco","2007","US$","5875854698.757314"
"Monaco","2008","US$","6502973249.43203"
"Monaco","2009","US$","5474348052.839059"
"Monaco","2010","US$","5367581464.767172"
"Monaco","2011","US$","6088696659.682593"
"Monaco","2012","US$","5742805617.186435"
"Monaco","2013","US$","6555590641.568698"
"Monaco","2014","US$","7070015473.960647"
"Monaco","2015","US$","6264753585.624997"
"Monaco","2016","US$","6471287668.599417"
"Monaco","2017","US$","6430258224.5883045"
"Monaco","2018","US$","7184336760.392024"
"Monaco","2019","US$","7383494129.411621"
"Monaco","2020","US$","6730733230.817024"
"Monaco","2021","US$","8623241326.744047"
"Monaco","2022","US$","8800432773.735443"
"Monaco","2023","US$","9995355319.019785"
"Mongolia","1970","US$","202103779.40240648"
"Mongolia","1971","US$","222302178.69129613"
"Mongolia","1972","US$","240288634.97433266"
"Mongolia","1973","US$","276029969.9741875"
"Mongolia","1974","US$","313565764.1464553"
"Mongolia","1975","US$","364920421.6619969"
"Mongolia","1976","US$","400034276.9537896"
"Mongolia","1977","US$","457968892.77964723"
"Mongolia","1978","US$","527041061.56540513"
"Mongolia","1979","US$","595107726.7527502"
"Mongolia","1980","US$","690671489.9967587"
"Mongolia","1981","US$","819349930.5693613"
"Mongolia","1982","US$","942450386.2659278"
"Mongolia","1983","US$","1036092269.0679209"
"Mongolia","1984","US$","1136956980.2668808"
"Mongolia","1985","US$","1239525424.2321775"
"Mongolia","1986","US$","1383682856.4998007"
"Mongolia","1987","US$","1468185424.1377363"
"Mongolia","1988","US$","1597568790.8081267"
"Mongolia","1989","US$","1729608072.2197766"
"Mongolia","1990","US$","1749199837.4459293"
"Mongolia","1991","US$","1651144370.5048156"
"Mongolia","1992","US$","1532450986.891081"
"Mongolia","1993","US$","1519063841.8992822"
"Mongolia","1994","US$","1584613792.3870041"
"Mongolia","1995","US$","1720998477.785476"
"Mongolia","1996","US$","1642310021.7072604"
"Mongolia","1997","US$","1468179931.743656"
"Mongolia","1998","US$","1354162066.793262"
"Mongolia","1999","US$","1261411054.4879842"
"Mongolia","2000","US$","1318230618.5173335"
"Mongolia","2001","US$","1470240370.27232"
"Mongolia","2002","US$","1619300885.3095083"
"Mongolia","2003","US$","1849734483.8023884"
"Mongolia","2004","US$","2309762218.0043406"
"Mongolia","2005","US$","2925959124.0465217"
"Mongolia","2006","US$","3958584962.084249"
"Mongolia","2007","US$","4910467662.0665"
"Mongolia","2008","US$","6520097349.847047"
"Mongolia","2009","US$","5314958098.603069"
"Mongolia","2010","US$","7189483179.682594"
"Mongolia","2011","US$","10409826296.128286"
"Mongolia","2012","US$","12292756227.99393"
"Mongolia","2013","US$","12582094620.643042"
"Mongolia","2014","US$","12226539815.733175"
"Mongolia","2015","US$","11619902291.137877"
"Mongolia","2016","US$","11181330725.577564"
"Mongolia","2017","US$","11480843409.48356"
"Mongolia","2018","US$","13178082982.960403"
"Mongolia","2019","US$","14206349496.031214"
"Mongolia","2020","US$","13312990197.348309"
"Mongolia","2021","US$","15286447212.723083"
"Mongolia","2022","US$","17146457546.753628"
"Mongolia","2023","US$","19872168377.31196"
"Montenegro","1970","...","..."
"Montenegro","1971","...","..."
"Montenegro","1972","...","..."
"Montenegro","1973","...","..."
"Montenegro","1974","...","..."
"Montenegro","1975","...","..."
"Montenegro","1976","...","..."
"Montenegro","1977","...","..."
"Montenegro","1978","...","..."
"Montenegro","1979","...","..."
"Montenegro","1980","...","..."
"Montenegro","1981","...","..."
"Montenegro","1982","...","..."
"Montenegro","1983","...","..."
"Montenegro","1984","...","..."
"Montenegro","1985","...","..."
"Montenegro","1986","...","..."
"Montenegro","1987","...","..."
"Montenegro","1988","...","..."
"Montenegro","1989","...","..."
"Montenegro","1990","US$","2147133266.125541"
"Montenegro","1991","US$","1754038415.683638"
"Montenegro","1992","US$","1481154280.8825793"
"Montenegro","1993","US$","819893103.6281178"
"Montenegro","1994","US$","845878973.8461248"
"Montenegro","1995","US$","1214899546.1039786"
"Montenegro","1996","US$","873897112.0230669"
"Montenegro","1997","US$","846325747.9098969"
"Montenegro","1998","US$","858900432.0277193"
"Montenegro","1999","US$","836897306.4763858"
"Montenegro","2000","US$","993729183.0960054"
"Montenegro","2001","US$","1171058850.6610177"
"Montenegro","2002","US$","1298645681.1235704"
"Montenegro","2003","US$","1724573112.0650823"
"Montenegro","2004","US$","2096959162.2804947"
"Montenegro","2005","US$","2279663516.96513"
"Montenegro","2006","US$","2724183619.8952694"
"Montenegro","2007","US$","3685390868.640037"
"Montenegro","2008","US$","4564242510.346874"
"Montenegro","2009","US$","4175819565.8976536"
"Montenegro","2010","US$","4142983897.8334403"
"Montenegro","2011","US$","4544429062.577862"
"Montenegro","2012","US$","4087525609.4308605"
"Montenegro","2013","US$","4465771672.6200485"
"Montenegro","2014","US$","4593852089.095597"
"Montenegro","2015","US$","4054728172.943748"
"Montenegro","2016","US$","4376929571.63126"
"Montenegro","2017","US$","4856602178.63417"
"Montenegro","2018","US$","5506944403.301859"
"Montenegro","2019","US$","5542201486.752833"
"Montenegro","2020","US$","4780722350.401487"
"Montenegro","2021","US$","5860615434.309983"
"Montenegro","2022","US$","6238279087.17123"
"Montenegro","2023","US$","7529538433.147192"
"Montserrat","1970","US$","7791209.012400066"
"Montserrat","1971","US$","8998844.636637881"
"Montserrat","1972","US$","10425106.597246716"
"Montserrat","1973","US$","11608323.166143559"
"Montserrat","1974","US$","12707727.525166903"
"Montserrat","1975","US$","14384632.194657354"
"Montserrat","1976","US$","12595102.06032947"
"Montserrat","1977","US$","13880975.555555554"
"Montserrat","1978","US$","15875461.85185185"
"Montserrat","1979","US$","19204793.7037037"
"Montserrat","1980","US$","28314703.333333332"
"Montserrat","1981","US$","33294153.333333332"
"Montserrat","1982","US$","36825668.14814815"
"Montserrat","1983","US$","39104610"
"Montserrat","1984","US$","41710102.96296296"
"Montserrat","1985","US$","43602254.44444444"
"Montserrat","1986","US$","46271958.88888889"
"Montserrat","1987","US$","50057624.07407407"
"Montserrat","1988","US$","56661724.07407407"
"Montserrat","1989","US$","63687848.14814814"
"Montserrat","1990","US$","75416272.59259258"
"Montserrat","1991","US$","64346945.55555555"
"Montserrat","1992","US$","67354528.88888888"
"Montserrat","1993","US$","67147859.25925925"
"Montserrat","1994","US$","73122220.37037036"
"Montserrat","1995","US$","68847081.1111111"
"Montserrat","1996","US$","54922700.74074074"
"Montserrat","1997","US$","44006470.370370366"
"Montserrat","1998","US$","39293374.44444444"
"Montserrat","1999","US$","37029421.85185185"
"Montserrat","2000","US$","35940740.74074074"
"Montserrat","2001","US$","35933333.33333333"
"Montserrat","2002","US$","39833333.33333333"
"Montserrat","2003","US$","41300000"
"Montserrat","2004","US$","44088888.88888889"
"Montserrat","2005","US$","48874074.07407407"
"Montserrat","2006","US$","51607407.4074074"
"Montserrat","2007","US$","54070370.370370366"
"Montserrat","2008","US$","57403703.7037037"
"Montserrat","2009","US$","59403703.7037037"
"Montserrat","2010","US$","55511111.111111104"
"Montserrat","2011","US$","63699999.99999999"
"Montserrat","2012","US$","63440740.74074074"
"Montserrat","2013","US$","59485185.18518518"
"Montserrat","2014","US$","58955555.55555555"
"Montserrat","2015","US$","61381481.48148148"
"Montserrat","2016","US$","62837037.03703703"
"Montserrat","2017","US$","59666666.666666664"
"Montserrat","2018","US$","62092592.59259259"
"Montserrat","2019","US$","67288888.88888888"
"Montserrat","2020","US$","66848148.14814814"
"Montserrat","2021","US$","70544444.44444443"
"Montserrat","2022","US$","72262962.96296296"
"Montserrat","2023","US$","80429629.62962963"
"Morocco","1970","US$","4644867410.100516"
"Morocco","1971","US$","4970747249.563786"
"Morocco","1972","US$","5969547338.889542"
"Morocco","1973","US$","7327133333.345357"
"Morocco","1974","US$","9011698025.526535"
"Morocco","1975","US$","10548745501.016043"
"Morocco","1976","US$","11253900173.21787"
"Morocco","1977","US$","12973193373.143467"
"Morocco","1978","US$","15540255107.154566"
"Morocco","1979","US$","18681228371.77258"
"Morocco","1980","US$","22097089255.408123"
"Morocco","1981","US$","17939504560.61621"
"Morocco","1982","US$","18109357740.75381"
"Morocco","1983","US$","16368176855.039389"
"Morocco","1984","US$","14970417672.863756"
"Morocco","1985","US$","15111218362.588928"
"Morocco","1986","US$","19896939570.408306"
"Morocco","1987","US$","21958663936.54914"
"Morocco","1988","US$","25922784141.354465"
"Morocco","1989","US$","26824568710.452312"
"Morocco","1990","US$","30319697279.798103"
"Morocco","1991","US$","32682604987.394547"
"Morocco","1992","US$","33403918960.27993"
"Morocco","1993","US$","31467877344.516712"
"Morocco","1994","US$","35636256682.07697"
"Morocco","1995","US$","38727702380.07675"
"Morocco","1996","US$","43017354444.06956"
"Morocco","1997","US$","39231483632.45643"
"Morocco","1998","US$","42052867951.86833"
"Morocco","1999","US$","41750594417.63632"
"Morocco","2000","US$","38900804385.500435"
"Morocco","2001","US$","39639357708.21399"
"Morocco","2002","US$","42468910881.18458"
"Morocco","2003","US$","52351222749.872505"
"Morocco","2004","US$","59838117182.459045"
"Morocco","2005","US$","62544742027.50329"
"Morocco","2006","US$","68971576353.3213"
"Morocco","2007","US$","79040973267.68933"
"Morocco","2008","US$","93556987918.44212"
"Morocco","2009","US$","95018208229.51186"
"Morocco","2010","US$","96427646250.2488"
"Morocco","2011","US$","106052306895.59482"
"Morocco","2012","US$","103970830573.31648"
"Morocco","2013","US$","114310543633.43404"
"Morocco","2014","US$","119130845829.48183"
"Morocco","2015","US$","110413820681.03416"
"Morocco","2016","US$","111572946646.53508"
"Morocco","2017","US$","118540574727.55217"
"Morocco","2018","US$","127341141871.20514"
"Morocco","2019","US$","128920265075.5255"
"Morocco","2020","US$","121353640939.7211"
"Morocco","2021","US$","142022058065.78635"
"Morocco","2022","US$","130951923218.9623"
"Morocco","2023","US$","144437514124.5275"
"Mozambique","1970","US$","4027052622.059904"
"Mozambique","1971","US$","4483334286.335861"
"Mozambique","1972","US$","5019304129.8235235"
"Mozambique","1973","US$","5910383640.11982"
"Mozambique","1974","US$","6180776797.729624"
"Mozambique","1975","US$","6399337057.905679"
"Mozambique","1976","US$","5827541942.369104"
"Mozambique","1977","US$","5898603030.559597"
"Mozambique","1978","US$","6163734500"
"Mozambique","1979","US$","6480333466.666667"
"Mozambique","1980","US$","6379055315.931205"
"Mozambique","1981","US$","6146681424.065404"
"Mozambique","1982","US$","6454369806.5250635"
"Mozambique","1983","US$","6000750360.846127"
"Mozambique","1984","US$","6805078040.419152"
"Mozambique","1985","US$","9020655957.141306"
"Mozambique","1986","US$","10945471990.963554"
"Mozambique","1987","US$","3928845303.0075026"
"Mozambique","1988","US$","3387349438.4135528"
"Mozambique","1989","US$","3704063518.8410554"
"Mozambique","1990","US$","4114518242.8734403"
"Mozambique","1991","US$","3854857810.9995522"
"Mozambique","1992","US$","2798696342.9159875"
"Mozambique","1993","US$","2883162140.5851107"
"Mozambique","1994","US$","2958108014.317918"
"Mozambique","1995","US$","3061646059.6535306"
"Mozambique","1996","US$","4030128291.223022"
"Mozambique","1997","US$","4873663630.906073"
"Mozambique","1998","US$","5551117993.669969"
"Mozambique","1999","US$","6285219851.620329"
"Mozambique","2000","US$","5930665743.650364"
"Mozambique","2001","US$","5650154111.670143"
"Mozambique","2002","US$","5950769512.107386"
"Mozambique","2003","US$","6583526721.915814"
"Mozambique","2004","US$","7937255743.27567"
"Mozambique","2005","US$","8868504899.903364"
"Mozambique","2006","US$","9509835475.834307"
"Mozambique","2007","US$","10811455817.37889"
"Mozambique","2008","US$","12920340713.855183"
"Mozambique","2009","US$","12263894807.397987"
"Mozambique","2010","US$","11411894790.986788"
"Mozambique","2011","US$","14619280023.202465"
"Mozambique","2012","US$","16688113861.076649"
"Mozambique","2013","US$","17198073005.758003"
"Mozambique","2014","US$","17978246755.987785"
"Mozambique","2015","US$","16208985710.457172"
"Mozambique","2016","US$","12069051288.904732"
"Mozambique","2017","US$","13264640664.047506"
"Mozambique","2018","US$","15017358839.712925"
"Mozambique","2019","US$","15512759091.310728"
"Mozambique","2020","US$","14235420504.599438"
"Mozambique","2021","US$","16168056389.261436"
"Mozambique","2022","US$","18883529222.766613"
"Mozambique","2023","US$","20954221178.445934"
"Myanmar","1970","US$","2692443371.9463444"
"Myanmar","1971","US$","2757344819.198363"
"Myanmar","1972","US$","2553786997.2475"
"Myanmar","1973","US$","3320923641.727518"
"Myanmar","1974","US$","3979024430.194476"
"Myanmar","1975","US$","3680146766.1585135"
"Myanmar","1976","US$","4089484413.6073494"
"Myanmar","1977","US$","4190695527.2754"
"Myanmar","1978","US$","4677692288.092469"
"Myanmar","1979","US$","5365087985.021918"
"Myanmar","1980","US$","5905225822.727249"
"Myanmar","1981","US$","5938674077.529594"
"Myanmar","1982","US$","6072235506.083943"
"Myanmar","1983","US$","6258892315.189973"
"Myanmar","1984","US$","6454963735.754544"
"Myanmar","1985","US$","6606524009.729233"
"Myanmar","1986","US$","4990785947.7137"
"Myanmar","1987","US$","4909561970.614042"
"Myanmar","1988","US$","4505731037.706329"
"Myanmar","1989","US$","4855418132.705826"
"Myanmar","1990","US$","5179066044.644931"
"Myanmar","1991","US$","5319376882.616404"
"Myanmar","1992","US$","5966210925.332234"
"Myanmar","1993","US$","6476494321.180234"
"Myanmar","1994","US$","7109430645.557048"
"Myanmar","1995","US$","7762816990.752845"
"Myanmar","1996","US$","8414228756.742953"
"Myanmar","1997","US$","9043065554.61977"
"Myanmar","1998","US$","5925855360.439708"
"Myanmar","1999","US$","6575623035.905568"
"Myanmar","2000","US$","7275325970.787317"
"Myanmar","2001","US$","7633917594.216862"
"Myanmar","2002","US$","10369133640.552996"
"Myanmar","2003","US$","9924908038.585209"
"Myanmar","2004","US$","10253849223.529408"
"Myanmar","2005","US$","11930828613.04422"
"Myanmar","2006","US$","13851581917.808182"
"Myanmar","2007","US$","18232525294.61549"
"Myanmar","2008","US$","25864444149.52444"
"Myanmar","2009","US$","32934812583.505405"
"Myanmar","2010","US$","41444923052.87836"
"Myanmar","2011","US$","57888477654.853424"
"Myanmar","2012","US$","61013748262.08357"
"Myanmar","2013","US$","62139526379.59625"
"Myanmar","2014","US$","66299763433.4972"
"Myanmar","2015","US$","62543490877.55752"
"Myanmar","2016","US$","63535364377.43182"
"Myanmar","2017","US$","64500994403.79818"
"Myanmar","2018","US$","69256662200.44308"
"Myanmar","2019","US$","71802236332.5477"
"Myanmar","2020","US$","79969739104.42017"
"Myanmar","2021","US$","97590786280.43945"
"Myanmar","2022","US$","65162562908.83166"
"Myanmar","2023","US$","62083576813.41883"
"Namibia","1970","US$","605128249.0839206"
"Namibia","1971","US$","676103456.4653436"
"Namibia","1972","US$","677273580.4273515"
"Namibia","1973","US$","858521041.0414642"
"Namibia","1974","US$","1048790564.2951188"
"Namibia","1975","US$","1118543627.2653224"
"Namibia","1976","US$","1073800790.9162602"
"Namibia","1977","US$","1193853053.611867"
"Namibia","1978","US$","1375598839.553827"
"Namibia","1979","US$","1699547925.0930693"
"Namibia","1980","US$","2421991155.130753"
"Namibia","1981","US$","2249908724.7859497"
"Namibia","1982","US$","2118710574.02738"
"Namibia","1983","US$","2297400688.0660176"
"Namibia","1984","US$","1951259376.9564133"
"Namibia","1985","US$","1608237350.8645868"
"Namibia","1986","US$","1809048791.2066526"
"Namibia","1987","US$","2300067840.4086413"
"Namibia","1988","US$","2495095295.1823587"
"Namibia","1989","US$","2535135314.197037"
"Namibia","1990","US$","2789922033.2486825"
"Namibia","1991","US$","2996869294.5209074"
"Namibia","1992","US$","3429521483.209085"
"Namibia","1993","US$","3251189247.3953567"
"Namibia","1994","US$","3666503185.1522627"
"Namibia","1995","US$","3978514200.5219064"
"Namibia","1996","US$","3989163050.531482"
"Namibia","1997","US$","4154990249.9188876"
"Namibia","1998","US$","3873109744.810812"
"Namibia","1999","US$","3868551624.3665395"
"Namibia","2000","US$","3922231971.251932"
"Namibia","2001","US$","3557341282.857246"
"Namibia","2002","US$","3349169934.4828095"
"Namibia","2003","US$","4926439268.761828"
"Namibia","2004","US$","6609206499.999806"
"Namibia","2005","US$","7248375217.692422"
"Namibia","2006","US$","8001720431.052955"
"Namibia","2007","US$","8839536890.140535"
"Namibia","2008","US$","8607431839.864107"
"Namibia","2009","US$","8938847364.816801"
"Namibia","2010","US$","11431412420.449507"
"Namibia","2011","US$","12523359438.63206"
"Namibia","2012","US$","13042053856.847559"
"Namibia","2013","US$","12043307198.970263"
"Namibia","2014","US$","12435430022.676155"
"Namibia","2015","US$","11335161746.388136"
"Namibia","2016","US$","10722018742.224"
"Namibia","2017","US$","12887501267.567547"
"Namibia","2018","US$","13682019419.132462"
"Namibia","2019","US$","12541676210.73614"
"Namibia","2020","US$","10583748757.334488"
"Namibia","2021","US$","12402486183.639603"
"Namibia","2022","US$","12567270748.554443"
"Namibia","2023","US$","12351024843.7244"
"Nauru","1970","US$","15348249.497561712"
"Nauru","1971","US$","16796957.69044337"
"Nauru","1972","US$","19376280.537859336"
"Nauru","1973","US$","25687471.580033712"
"Nauru","1974","US$","30620954.693392403"
"Nauru","1975","US$","33584875.76746065"
"Nauru","1976","US$","34116149.394469045"
"Nauru","1977","US$","34151781.14839551"
"Nauru","1978","US$","37011986.12274978"
"Nauru","1979","US$","38188129.339625865"
"Nauru","1980","US$","41906869.92789047"
"Nauru","1981","US$","44687771.027381025"
"Nauru","1982","US$","42460540.784284785"
"Nauru","1983","US$","40728537.03232867"
"Nauru","1984","US$","40088938.70885592"
"Nauru","1985","US$","33043153.315376878"
"Nauru","1986","US$","33338726.7772569"
"Nauru","1987","US$","37080009.5226092"
"Nauru","1988","US$","43082269.69379328"
"Nauru","1989","US$","45583798.78696489"
"Nauru","1990","US$","49240678.918705"
"Nauru","1991","US$","45542527.23291759"
"Nauru","1992","US$","42651895.19075543"
"Nauru","1993","US$","36808648.40604939"
"Nauru","1994","US$","36687950.59529005"
"Nauru","1995","US$","34855302.59649044"
"Nauru","1996","US$","33747505.60179892"
"Nauru","1997","US$","30924694.592468344"
"Nauru","1998","US$","23998442.04305955"
"Nauru","1999","US$","24577401.851672634"
"Nauru","2000","US$","21716446.483511344"
"Nauru","2001","US$","19036854.212111298"
"Nauru","2002","US$","19063036.435872186"
"Nauru","2003","US$","24101092.527307726"
"Nauru","2004","US$","27622673.979271963"
"Nauru","2005","US$","26293013.476155877"
"Nauru","2006","US$","25392074.09698191"
"Nauru","2007","US$","23111568.54500459"
"Nauru","2008","US$","41545797.81827954"
"Nauru","2009","US$","54243181.232735425"
"Nauru","2010","US$","59277212.01067763"
"Nauru","2011","US$","87909824.600276"
"Nauru","2012","US$","120537585.18004575"
"Nauru","2013","US$","118178364.4754663"
"Nauru","2014","US$","132826895.34988783"
"Nauru","2015","US$","104353153.13914995"
"Nauru","2016","US$","115160285.84418888"
"Nauru","2017","US$","128477570.66346784"
"Nauru","2018","US$","145977573.8856691"
"Nauru","2019","US$","140642155.44502097"
"Nauru","2020","US$","147982784.53666222"
"Nauru","2021","US$","204082584.91893035"
"Nauru","2022","US$","170004718.8344488"
"Nauru","2023","US$","175886763.51435453"
"Nepal","1970","US$","1040760767.354301"
"Nepal","1971","US$","1060939329.9804423"
"Nepal","1972","US$","1230799316.5432098"
"Nepal","1973","US$","1141039837.299494"
"Nepal","1974","US$","1457682045.5925834"
"Nepal","1975","US$","1616818497.8730342"
"Nepal","1976","US$","1493848444.16"
"Nepal","1977","US$","1484057785.2"
"Nepal","1978","US$","1749146233.2686512"
"Nepal","1979","US$","1987385687.8333333"
"Nepal","1980","US$","2089013873.3333333"
"Nepal","1981","US$","2374579868.609651"
"Nepal","1982","US$","2511868657.6622424"
"Nepal","1983","US$","2491862427.14656"
"Nepal","1984","US$","2569210292.2150836"
"Nepal","1985","US$","2740969753.081573"
"Nepal","1986","US$","2818322675.879209"
"Nepal","1987","US$","3142208817.3853216"
"Nepal","1988","US$","3545091542.664534"
"Nepal","1989","US$","3524780268.4312844"
"Nepal","1990","US$","3780186252.305418"
"Nepal","1991","US$","3468572521.0575757"
"Nepal","1992","US$","3756770669.6318836"
"Nepal","1993","US$","3787172382.07577"
"Nepal","1994","US$","4330701346.056152"
"Nepal","1995","US$","4534418924.2440815"
"Nepal","1996","US$","4713497173.042329"
"Nepal","1997","US$","5191233801.555572"
"Nepal","1998","US$","4895254796.420581"
"Nepal","1999","US$","5380887240.517131"
"Nepal","2000","US$","5730380115.039342"
"Nepal","2001","US$","5890906179.848364"
"Nepal","2002","US$","5979106917.167038"
"Nepal","2003","US$","6640050344.590573"
"Nepal","2004","US$","7583936378.7542305"
"Nepal","2005","US$","8712956961.82436"
"Nepal","2006","US$","9612268932.569197"
"Nepal","2007","US$","11874967348.180351"
"Nepal","2008","US$","12840249548.30871"
"Nepal","2009","US$","14179393340.763803"
"Nepal","2010","US$","18364611126.018406"
"Nepal","2011","US$","21064874358.281548"
"Nepal","2012","US$","20632014108.00209"
"Nepal","2013","US$","20941158020.86177"
"Nepal","2014","US$","22884819970.409912"
"Nepal","2015","US$","23667153173.76321"
"Nepal","2016","US$","24288427411.13201"
"Nepal","2017","US$","29443014953.269485"
"Nepal","2018","US$","31726289775.17987"
"Nepal","2019","US$","34268250821.039967"
"Nepal","2020","US$","32858995701.54363"
"Nepal","2021","US$","36844151500.28755"
"Nepal","2022","US$","39749037957.04605"
"Nepal","2023","US$","40483740482.80818"
"Netherlands","1970","US$","38221247875.20175"
"Netherlands","1971","US$","44645246208.2295"
"Netherlands","1972","US$","54786784160.453896"
"Netherlands","1973","US$","72374738024.05386"
"Netherlands","1974","US$","85593281194.2494"
"Netherlands","1975","US$","100792180624.64665"
"Netherlands","1976","US$","109970264060.34042"
"Netherlands","1977","US$","128463184374.33772"
"Netherlands","1978","US$","157124483670.67316"
"Netherlands","1979","US$","179937912815.69287"
"Netherlands","1980","US$","195446231735.51053"
"Netherlands","1981","US$","164379783397.84067"
"Netherlands","1982","US$","158714374804.4632"
"Netherlands","1983","US$","153665900342.3802"
"Netherlands","1984","US$","144120798900.53442"
"Netherlands","1985","US$","144058898651.5596"
"Netherlands","1986","US$","201162616261.53323"
"Netherlands","1987","US$","245400920290.40823"
"Netherlands","1988","US$","262285902760.61597"
"Netherlands","1989","US$","258703806179.53424"
"Netherlands","1990","US$","318796186415.85754"
"Netherlands","1991","US$","327975456621.96594"
"Netherlands","1992","US$","363516532093.5883"
"Netherlands","1993","US$","354066992317.7795"
"Netherlands","1994","US$","379698455816.78705"
"Netherlands","1995","US$","452952624585.8246"
"Netherlands","1996","US$","451356859783.96954"
"Netherlands","1997","US$","417483727721.07874"
"Netherlands","1998","US$","438622865420.9009"
"Netherlands","1999","US$","447778514140.13446"
"Netherlands","2000","US$","417649282153.72253"
"Netherlands","2001","US$","432536219668.91754"
"Netherlands","2002","US$","475529972122.746"
"Netherlands","2003","US$","582435617081.98"
"Netherlands","2004","US$","661224886143.2343"
"Netherlands","2005","US$","688133699635.775"
"Netherlands","2006","US$","737593995289.405"
"Netherlands","2007","US$","853499460872.5576"
"Netherlands","2008","US$","957901566041.406"
"Netherlands","2009","US$","878954223140.2338"
"Netherlands","2010","US$","852464982433.3553"
"Netherlands","2011","US$","913140741332.693"
"Netherlands","2012","US$","845689017065.6252"
"Netherlands","2013","US$","883951539006.6761"
"Netherlands","2014","US$","901556501756.453"
"Netherlands","2015","US$","775743675302.734"
"Netherlands","2016","US$","797163949289.9072"
"Netherlands","2017","US$","848233537845.8915"
"Netherlands","2018","US$","929733599796.8455"
"Netherlands","2019","US$","928903005576.4525"
"Netherlands","2020","US$","932560861701.1539"
"Netherlands","2021","US$","1054472123449.5955"
"Netherlands","2022","US$","1046540797548.6422"
"Netherlands","2023","US$","1154361305398.0596"
"New Caledonia","1970","US$","378313610.55774933"
"New Caledonia","1971","US$","436828282.0644028"
"New Caledonia","1972","US$","509395017.9574949"
"New Caledonia","1973","US$","544464887.6262969"
"New Caledonia","1974","US$","643721400.0807093"
"New Caledonia","1975","US$","816652156.6095946"
"New Caledonia","1976","US$","798313552.6726702"
"New Caledonia","1977","US$","837620086.50803"
"New Caledonia","1978","US$","846004701.6192455"
"New Caledonia","1979","US$","1047225696.3211681"
"New Caledonia","1980","US$","1182463924.5425138"
"New Caledonia","1981","US$","974628707.8258524"
"New Caledonia","1982","US$","904599891.3513458"
"New Caledonia","1983","US$","823857891.0551904"
"New Caledonia","1984","US$","796066180.4114454"
"New Caledonia","1985","US$","854820851.004996"
"New Caledonia","1986","US$","1201321570.7940125"
"New Caledonia","1987","US$","1488093157.8214898"
"New Caledonia","1988","US$","2072775433.8261967"
"New Caledonia","1989","US$","2185082976.131242"
"New Caledonia","1990","US$","2529440436.616842"
"New Caledonia","1991","US$","2653780638.993045"
"New Caledonia","1992","US$","2923883445.4794774"
"New Caledonia","1993","US$","2822331246.2165556"
"New Caledonia","1994","US$","3038728409.290067"
"New Caledonia","1995","US$","3628440670.9425726"
"New Caledonia","1996","US$","3606968486.900107"
"New Caledonia","1997","US$","3543106585.2123446"
"New Caledonia","1998","US$","3556304647.0100026"
"New Caledonia","1999","US$","3647801703.2621403"
"New Caledonia","2000","US$","3420034443.9942875"
"New Caledonia","2001","US$","3297735544.7670784"
"New Caledonia","2002","US$","3740054119.20279"
"New Caledonia","2003","US$","4915354139.352552"
"New Caledonia","2004","US$","5895010205.196746"
"New Caledonia","2005","US$","6238628186.549516"
"New Caledonia","2006","US$","6979159207.910281"
"New Caledonia","2007","US$","8819916360.219023"
"New Caledonia","2008","US$","9067627369.223246"
"New Caledonia","2009","US$","8704438060.52072"
"New Caledonia","2010","US$","9364350064.986946"
"New Caledonia","2011","US$","10351448025.30269"
"New Caledonia","2012","US$","9659151908.654354"
"New Caledonia","2013","US$","10151382876.811338"
"New Caledonia","2014","US$","10635035550.010035"
"New Caledonia","2015","US$","8738203041.546974"
"New Caledonia","2016","US$","8728576138.468489"
"New Caledonia","2017","US$","9173262930.135109"
"New Caledonia","2018","US$","9896402295.483286"
"New Caledonia","2019","US$","9475655341.983164"
"New Caledonia","2020","US$","9454629451.03219"
"New Caledonia","2021","US$","10071349707.158087"
"New Caledonia","2022","US$","9623318699.309038"
"New Caledonia","2023","US$","10139988153.028067"
"New Zealand","1970","US$","6623846820.610353"
"New Zealand","1971","US$","7937704850.515112"
"New Zealand","1972","US$","9656020800.000006"
"New Zealand","1973","US$","12706088398.69461"
"New Zealand","1974","US$","14261899749.390623"
"New Zealand","1975","US$","13823020792.696764"
"New Zealand","1976","US$","13904026140.901937"
"New Zealand","1977","US$","15205108073.011972"
"New Zealand","1978","US$","18465925311.41968"
"New Zealand","1979","US$","20998413413.351948"
"New Zealand","1980","US$","23364631647.12515"
"New Zealand","1981","US$","25181406944.76126"
"New Zealand","1982","US$","25083889383.665348"
"New Zealand","1983","US$","24888872079.198555"
"New Zealand","1984","US$","23947947635.807148"
"New Zealand","1985","US$","24108264794.562546"
"New Zealand","1986","US$","30292278096.974686"
"New Zealand","1987","US$","38456571589.59089"
"New Zealand","1988","US$","46270939099.111786"
"New Zealand","1989","US$","44634198122.375595"
"New Zealand","1990","US$","45440191225.80603"
"New Zealand","1991","US$","43833503908.48639"
"New Zealand","1992","US$","42060559944.49783"
"New Zealand","1993","US$","45641389596.40036"
"New Zealand","1994","US$","53564683920.455505"
"New Zealand","1995","US$","63151436139.84495"
"New Zealand","1996","US$","69492506946.60437"
"New Zealand","1997","US$","69302139781.42122"
"New Zealand","1998","US$","57180274401.299866"
"New Zealand","1999","US$","59921235787.075935"
"New Zealand","2000","US$","54444288381.18263"
"New Zealand","2001","US$","54109071953.38177"
"New Zealand","2002","US$","62521308441.39961"
"New Zealand","2003","US$","83909222243.24858"
"New Zealand","2004","US$","102445760409.54353"
"New Zealand","2005","US$","114723681725.64214"
"New Zealand","2006","US$","111541362400.82674"
"New Zealand","2007","US$","137192179358.22935"
"New Zealand","2008","US$","133128861234.4604"
"New Zealand","2009","US$","121375323755.44232"
"New Zealand","2010","US$","146516820633.89447"
"New Zealand","2011","US$","168296097157.00455"
"New Zealand","2012","US$","176210710655.20847"
"New Zealand","2013","US$","190909035346.25558"
"New Zealand","2014","US$","201337554959.48953"
"New Zealand","2015","US$","178104918147.10855"
"New Zealand","2016","US$","188897513095.8389"
"New Zealand","2017","US$","206567627258.14044"
"New Zealand","2018","US$","211846555690.7363"
"New Zealand","2019","US$","212846907683.439"
"New Zealand","2020","US$","212696233929.75885"
"New Zealand","2021","US$","253644079784.97665"
"New Zealand","2022","US$","246128013018.99005"
"New Zealand","2023","US$","252175506110.16776"
"Nicaragua","1970","US$","1140274488.8205085"
"Nicaragua","1971","US$","1213649601.690092"
"Nicaragua","1972","US$","1293333421.3540182"
"Nicaragua","1973","US$","1605730508.988861"
"Nicaragua","1974","US$","2233136619.655843"
"Nicaragua","1975","US$","2335240612.696586"
"Nicaragua","1976","US$","2713229206.7053084"
"Nicaragua","1977","US$","3288777380.4045563"
"Nicaragua","1978","US$","3143871238.1898885"
"Nicaragua","1979","US$","2249972165.4346395"
"Nicaragua","1980","US$","2705652093.6619334"
"Nicaragua","1981","US$","3120508040.7813883"
"Nicaragua","1982","US$","3286257073.3272533"
"Nicaragua","1983","US$","3572516870.707324"
"Nicaragua","1984","US$","3643441427.009828"
"Nicaragua","1985","US$","3605243010.8323526"
"Nicaragua","1986","US$","3640433638.810783"
"Nicaragua","1987","US$","3704269968.384159"
"Nicaragua","1988","US$","3357491484.3613577"
"Nicaragua","1989","US$","3428491389.5469046"
"Nicaragua","1990","US$","3554967505.1697984"
"Nicaragua","1991","US$","3653862334.5962462"
"Nicaragua","1992","US$","3874553066.4"
"Nicaragua","1993","US$","4133618241.972338"
"Nicaragua","1994","US$","3848588179.9081492"
"Nicaragua","1995","US$","4118083964.743209"
"Nicaragua","1996","US$","4293734930.5909553"
"Nicaragua","1997","US$","4375338783.17472"
"Nicaragua","1998","US$","4619894994.259059"
"Nicaragua","1999","US$","4839838056.692846"
"Nicaragua","2000","US$","5092553708.330501"
"Nicaragua","2001","US$","5333911402.470209"
"Nicaragua","2002","US$","5206313233.009681"
"Nicaragua","2003","US$","5304485890.387361"
"Nicaragua","2004","US$","5773621220.833449"
"Nicaragua","2005","US$","6300251490.564097"
"Nicaragua","2006","US$","6763672214.804617"
"Nicaragua","2007","US$","7423374948.631866"
"Nicaragua","2008","US$","8496967420.946994"
"Nicaragua","2009","US$","8298702543.318167"
"Nicaragua","2010","US$","8758602360.329657"
"Nicaragua","2011","US$","9774329500.068459"
"Nicaragua","2012","US$","10532017439.949562"
"Nicaragua","2013","US$","10982988173.146887"
"Nicaragua","2014","US$","11880438655.140486"
"Nicaragua","2015","US$","12756696289.622921"
"Nicaragua","2016","US$","13286093197.482086"
"Nicaragua","2017","US$","13785892848.735928"
"Nicaragua","2018","US$","13025221836.439308"
"Nicaragua","2019","US$","12699023512.171604"
"Nicaragua","2020","US$","12681549070.99183"
"Nicaragua","2021","US$","14144053287.67388"
"Nicaragua","2022","US$","15649891272.676762"
"Nicaragua","2023","US$","17829207905.369637"
"Niger","1970","US$","580985639.3974408"
"Niger","1971","US$","622599077.1406244"
"Niger","1972","US$","780685555.5633851"
"Niger","1973","US$","832117047.5900077"
"Niger","1974","US$","955648096.4096373"
"Niger","1975","US$","1217118320.7669537"
"Niger","1976","US$","1440362797.2886221"
"Niger","1977","US$","1700814438.4202743"
"Niger","1978","US$","2302630827.5543275"
"Niger","1979","US$","3014474898.426749"
"Niger","1980","US$","3671649376.075923"
"Niger","1981","US$","3202222496.870662"
"Niger","1982","US$","2919022905.9812055"
"Niger","1983","US$","2608745056.0347285"
"Niger","1984","US$","2113703068.4207208"
"Niger","1985","US$","2083800652.9150581"
"Niger","1986","US$","2694918599.9890003"
"Niger","1987","US$","3117664402.1312995"
"Niger","1988","US$","3240725553.209859"
"Niger","1989","US$","3024502300.030559"
"Niger","1990","US$","3590556746.8120575"
"Niger","1991","US$","3407853979.73544"
"Niger","1992","US$","3540509618.3167286"
"Niger","1993","US$","3250383222.5152526"
"Niger","1994","US$","2010194664.1660178"
"Niger","1995","US$","2431547476.1949253"
"Niger","1996","US$","2603260054.7876782"
"Niger","1997","US$","2397173991.414866"
"Niger","1998","US$","2738956661.6238403"
"Niger","1999","US$","2695513130.255278"
"Niger","2000","US$","2356676954.877512"
"Niger","2001","US$","2562189172.8750253"
"Niger","2002","US$","2933001712.0995965"
"Niger","2003","US$","3602403644.1346574"
"Niger","2004","US$","3950404966.105605"
"Niger","2005","US$","4587625671.491502"
"Niger","2006","US$","4970988933.632569"
"Niger","2007","US$","5772599993.154153"
"Niger","2008","US$","7282140579.104514"
"Niger","2009","US$","7237360403.250163"
"Niger","2010","US$","7638888096.679126"
"Niger","2011","US$","8612082409.383062"
"Niger","2012","US$","9166173539.571762"
"Niger","2013","US$","10150331682.576546"
"Niger","2014","US$","10891564893.544056"
"Niger","2015","US$","9683867926.727665"
"Niger","2016","US$","10398863668.115334"
"Niger","2017","US$","11185105960.648613"
"Niger","2018","US$","12808662634.012615"
"Niger","2019","US$","12916460168.0482"
"Niger","2020","US$","13744174582.310522"
"Niger","2021","US$","14915001994.382463"
"Niger","2022","US$","15433852714.49398"
"Niger","2023","US$","16819170420.564848"
"Nigeria","1970","US$","29387650368.8949"
"Nigeria","1971","US$","34092545940.35964"
"Nigeria","1972","US$","41458899352.417786"
"Nigeria","1973","US$","47633745850.98495"
"Nigeria","1974","US$","77128915025.21649"
"Nigeria","1975","US$","98080029480.59953"
"Nigeria","1976","US$","119638336795.63446"
"Nigeria","1977","US$","139210441181.7231"
"Nigeria","1978","US$","155339754307.99573"
"Nigeria","1979","US$","187977487264.54672"
"Nigeria","1980","US$","243850991734.11356"
"Nigeria","1981","US$","225528021306.34528"
"Nigeria","1982","US$","221321141710.0745"
"Nigeria","1983","US$","219144149580.01953"
"Nigeria","1984","US$","216370854861.16968"
"Nigeria","1985","US$","210154456240.75964"
"Nigeria","1986","US$","112921378984.98157"
"Nigeria","1987","US$","60925781756.75218"
"Nigeria","1988","US$","69565273402.78741"
"Nigeria","1989","US$","56330724748.27676"
"Nigeria","1990","US$","61535970792.65042"
"Nigeria","1991","US$","59544904627.73484"
"Nigeria","1992","US$","52376403673.513626"
"Nigeria","1993","US$","56974940662.98367"
"Nigeria","1994","US$","49500486616.76693"
"Nigeria","1995","US$","50501634041.7324"
"Nigeria","1996","US$","53584004350.61923"
"Nigeria","1997","US$","56108987728.85058"
"Nigeria","1998","US$","58204170020.36057"
"Nigeria","1999","US$","59372613485.91752"
"Nigeria","2000","US$","69448734169.3852"
"Nigeria","2001","US$","74030397750.12868"
"Nigeria","2002","US$","95385852281.98418"
"Nigeria","2003","US$","104911988427.50499"
"Nigeria","2004","US$","136385953664.62102"
"Nigeria","2005","US$","176134202420.88495"
"Nigeria","2006","US$","236104209039.91336"
"Nigeria","2007","US$","275625319062.3055"
"Nigeria","2008","US$","336976665729.5464"
"Nigeria","2009","US$","291923025255.23914"
"Nigeria","2010","US$","374766047339.4434"
"Nigeria","2011","US$","418856446502.5591"
"Nigeria","2012","US$","466573333333.3333"
"Nigeria","2013","US$","520796719887.2715"
"Nigeria","2014","US$","575395017333.096"
"Nigeria","2015","US$","499949767980.0328"
"Nigeria","2016","US$","404647878434.03345"
"Nigeria","2017","US$","375744658045.4274"
"Nigeria","2018","US$","421737599739.6359"
"Nigeria","2019","US$","474516318584.6137"
"Nigeria","2020","US$","429897877038.964"
"Nigeria","2021","US$","438925861454.6217"
"Nigeria","2022","US$","475058453372.12256"
"Nigeria","2023","US$","374983861068.9275"
"Northern Africa","1970","US$","24735519951.939022"
"Northern Africa","1971","US$","27033094533.92913"
"Northern Africa","1972","US$","32333419579.468754"
"Northern Africa","1973","US$","39282143075.860596"
"Northern Africa","1974","US$","54120570541.68767"
"Northern Africa","1975","US$","60425980559.800835"
"Northern Africa","1976","US$","70689613062.29942"
"Northern Africa","1977","US$","84270259178.59256"
"Northern Africa","1978","US$","97547574971.09567"
"Northern Africa","1979","US$","109369771229.32176"
"Northern Africa","1980","US$","138618541225.9927"
"Northern Africa","1981","US$","128592636127.25206"
"Northern Africa","1982","US$","129488008047.11545"
"Northern Africa","1983","US$","131375283419.62906"
"Northern Africa","1984","US$","135791681740.26155"
"Northern Africa","1985","US$","144017428148.6828"
"Northern Africa","1986","US$","153047870208.30618"
"Northern Africa","1987","US$","159868541141.1676"
"Northern Africa","1988","US$","164038904379.05746"
"Northern Africa","1989","US$","165817606499.96207"
"Northern Africa","1990","US$","186812466389.0915"
"Northern Africa","1991","US$","178469045442.16718"
"Northern Africa","1992","US$","193876947520.648"
"Northern Africa","1993","US$","194478811346.7514"
"Northern Africa","1994","US$","194315646697.55582"
"Northern Africa","1995","US$","207392134779.43713"
"Northern Africa","1996","US$","224980787640.5327"
"Northern Africa","1997","US$","233053457645.31616"
"Northern Africa","1998","US$","239902076786.06476"
"Northern Africa","1999","US$","249485021813.06747"
"Northern Africa","2000","US$","262287464821.01947"
"Northern Africa","2001","US$","257263960296.3158"
"Northern Africa","2002","US$","249400155502.03455"
"Northern Africa","2003","US$","270300559018.99338"
"Northern Africa","2004","US$","317332258693.8802"
"Northern Africa","2005","US$","376506823572.23425"
"Northern Africa","2006","US$","433475029249.85876"
"Northern Africa","2007","US$","512572367478.7729"
"Northern Africa","2008","US$","610480629916.3315"
"Northern Africa","2009","US$","573421374860.6526"
"Northern Africa","2010","US$","646436607025.8795"
"Northern Africa","2011","US$","700000335682.4814"
"Northern Africa","2012","US$","790506982282.8728"
"Northern Africa","2013","US$","782040744793.4193"
"Northern Africa","2014","US$","819273531952.7651"
"Northern Africa","2015","US$","772568020179.2117"
"Northern Africa","2016","US$","733597053286.5236"
"Northern Africa","2017","US$","725620651843.5847"
"Northern Africa","2018","US$","732616708866.0981"
"Northern Africa","2019","US$","788266036582.9067"
"Northern Africa","2020","US$","794429343081.4507"
"Northern Africa","2021","US$","871254873193.637"
"Northern Africa","2022","US$","891079483592.8223"
"Northern Africa","2023","US$","850245464333.0214"
"Northern America","1970","US$","1162852824325.218"
"Northern America","1971","US$","1265924970925.6506"
"Northern America","1972","US$","1394152448457.8564"
"Northern America","1973","US$","1558867291169.517"
"Northern America","1974","US$","1707605485891.3848"
"Northern America","1975","US$","1860552906490.4783"
"Northern America","1976","US$","2083130465293.1426"
"Northern America","1977","US$","2296755128953.0195"
"Northern America","1978","US$","2573625088786.6187"
"Northern America","1979","US$","2874064066414.8726"
"Northern America","1980","US$","3134794113465.0625"
"Northern America","1981","US$","3515749977900.988"
"Northern America","1982","US$","3659968734896.191"
"Northern America","1983","US$","3977582172443.4717"
"Northern America","1984","US$","4396046469336.651"
"Northern America","1985","US$","4707042458363.512"
"Northern America","1986","US$","4960890481978.699"
"Northern America","1987","US$","5290951121100.386"
"Northern America","1988","US$","5748654205316.614"
"Northern America","1989","US$","6211787766664.866"
"Northern America","1990","US$","6562381507141.747"
"Northern America","1991","US$","6773867873999.314"
"Northern America","1992","US$","7117987488050.591"
"Northern America","1993","US$","7440921438406.725"
"Northern America","1994","US$","7870630649708.635"
"Northern America","1995","US$","8249567890941.713"
"Northern America","1996","US$","8707742576702.754"
"Northern America","1997","US$","9236666637583.29"
"Northern America","1998","US$","9701207771884.31"
"Northern America","1999","US$","10314150136769.072"
"Northern America","2000","US$","11000230649578.877"
"Northern America","2001","US$","11325764293431.365"
"Northern America","2002","US$","11694471464913.12"
"Northern America","2003","US$","12357794122200.25"
"Northern America","2004","US$","13249976646103.535"
"Northern America","2005","US$","14219419953216.693"
"Northern America","2006","US$","15142319771317.1"
"Northern America","2007","US$","15951458604748.453"
"Northern America","2008","US$","16331803514220.713"
"Northern America","2009","US$","15863630466913.33"
"Northern America","2010","US$","16675454002035.82"
"Northern America","2011","US$","17402055782738.45"
"Northern America","2012","US$","18091320345268.9"
"Northern America","2013","US$","18736429183465.484"
"Northern America","2014","US$","19423144837712.613"
"Northern America","2015","US$","19860680688716.08"
"Northern America","2016","US$","20342516301566.938"
"Northern America","2017","US$","21271338799996.043"
"Northern America","2018","US$","22392098012714.22"
"Northern America","2019","US$","23294145958684.42"
"Northern America","2020","US$","23019755506951.496"
"Northern America","2021","US$","25699197479451.99"
"Northern America","2022","US$","28179137468379.11"
"Northern America","2023","US$","29874353344228.953"
"Northern Europe","1970","US$","214891369470.71982"
"Northern Europe","1971","US$","241580349716.5108"
"Northern Europe","1972","US$","281344922889.7374"
"Northern Europe","1973","US$","333235058275.5023"
"Northern Europe","1974","US$","367604279203.0348"
"Northern Europe","1975","US$","438163896134.29114"
"Northern Europe","1976","US$","445262669611.402"
"Northern Europe","1977","US$","495590694253.2938"
"Northern Europe","1978","US$","600436468611.9836"
"Northern Europe","1979","US$","751386280461.0901"
"Northern Europe","1980","US$","920875288174.9232"
"Northern Europe","1981","US$","871882482811.2874"
"Northern Europe","1982","US$","829416298131.1296"
"Northern Europe","1983","US$","790908405626.3219"
"Northern Europe","1984","US$","767296076706.4377"
"Northern Europe","1985","US$","811194875778.3291"
"Northern Europe","1986","US$","1024392116446.8284"
"Northern Europe","1987","US$","1262296420898.2793"
"Northern Europe","1988","US$","1487218375251.1663"
"Northern Europe","1989","US$","1523407450617.6877"
"Northern Europe","1990","US$","1835169866499.81"
"Northern Europe","1991","US$","1886168024144.0059"
"Northern Europe","1992","US$","1941133291652.8147"
"Northern Europe","1993","US$","1701659543184.8074"
"Northern Europe","1994","US$","1834686613317.214"
"Northern Europe","1995","US$","2175023846913.0876"
"Northern Europe","1996","US$","2296917416319.248"
"Northern Europe","1997","US$","2402629876876.842"
"Northern Europe","1998","US$","2512254445712.9023"
"Northern Europe","1999","US$","2569759201818.3447"
"Northern Europe","2000","US$","2524064725040.079"
"Northern Europe","2001","US$","2505357161019.1724"
"Northern Europe","2002","US$","2736917007221.797"
"Northern Europe","2003","US$","3224038528367.7944"
"Northern Europe","2004","US$","3777788978975.8643"
"Northern Europe","2005","US$","4000130620644.8413"
"Northern Europe","2006","US$","4295604483131.5522"
"Northern Europe","2007","US$","4943278581053.851"
"Northern Europe","2008","US$","4949649755020.697"
"Northern Europe","2009","US$","4143583789826.659"
"Northern Europe","2010","US$","4296459756558.1875"
"Northern Europe","2011","US$","4705051727082.062"
"Northern Europe","2012","US$","4688952040778.168"
"Northern Europe","2013","US$","4870215906417.633"
"Northern Europe","2014","US$","5160821117119.896"
"Northern Europe","2015","US$","4763844580130.972"
"Northern Europe","2016","US$","4546416175616.031"
"Northern Europe","2017","US$","4681401360751.141"
"Northern Europe","2018","US$","5032250448241.887"
"Northern Europe","2019","US$","4956637080785.815"
"Northern Europe","2020","US$","4815988963060.555"
"Northern Europe","2021","US$","5686038170603.031"
"Northern Europe","2022","US$","5694621539211.939"
"Northern Europe","2023","US$","5899799060339.865"
"Norway","1970","US$","12814194863.301842"
"Norway","1971","US$","14583103533.035072"
"Norway","1972","US$","17358481291.416187"
"Norway","1973","US$","22534123432.149303"
"Norway","1974","US$","27145652980.01172"
"Norway","1975","US$","32877543120.252426"
"Norway","1976","US$","35942160908.99421"
"Norway","1977","US$","41508030438.90449"
"Norway","1978","US$","46523343992.851036"
"Norway","1979","US$","53132594368.12294"
"Norway","1980","US$","64439056747.65556"
"Norway","1981","US$","63596562434.400764"
"Norway","1982","US$","62646871991.56813"
"Norway","1983","US$","61627522382.59599"
"Norway","1984","US$","62058271862.754585"
"Norway","1985","US$","65416626280.89901"
"Norway","1986","US$","78692674637.04498"
"Norway","1987","US$","94230606535.11343"
"Norway","1988","US$","101900521458.03662"
"Norway","1989","US$","102633934390.61482"
"Norway","1990","US$","119791045690.1176"
"Norway","1991","US$","121871665528.42325"
"Norway","1992","US$","130838022522.86026"
"Norway","1993","US$","120578717965.73569"
"Norway","1994","US$","127131604641.38986"
"Norway","1995","US$","152030652228.0164"
"Norway","1996","US$","163519897878.10242"
"Norway","1997","US$","161356612878.69434"
"Norway","1998","US$","154230346261.26434"
"Norway","1999","US$","162384295939.11996"
"Norway","2000","US$","171456390281.95798"
"Norway","2001","US$","174240242224.6184"
"Norway","2002","US$","195915371987.69687"
"Norway","2003","US$","229384929368.9222"
"Norway","2004","US$","265267350723.20447"
"Norway","2005","US$","309978579743.88824"
"Norway","2006","US$","346913357588.3577"
"Norway","2007","US$","402645550184.8164"
"Norway","2008","US$","464917553191.4894"
"Norway","2009","US$","387974344023.3238"
"Norway","2010","US$","431052143940.4382"
"Norway","2011","US$","501360549669.4038"
"Norway","2012","US$","512777309840.997"
"Norway","2013","US$","526014468085.1064"
"Norway","2014","US$","501736471832.84814"
"Norway","2015","US$","388159512245.53046"
"Norway","2016","US$","370956547619.0476"
"Norway","2017","US$","401745275035.26074"
"Norway","2018","US$","439788625883.79956"
"Norway","2019","US$","408742840909.0909"
"Norway","2020","US$","367633418886.62726"
"Norway","2021","US$","503367986030.26776"
"Norway","2022","US$","593726965415.6191"
"Norway","2023","US$","485310823603.662"
"Oceania","1970","US$","54017589868.09904"
"Oceania","1971","US$","60861127657.16151"
"Oceania","1972","US$","71967900305.16997"
"Oceania","1973","US$","102438598953.73764"
"Oceania","1974","US$","121290240312.74915"
"Oceania","1975","US$","127938775428.9794"
"Oceania","1976","US$","136718884105.56061"
"Oceania","1977","US$","137356895299.15887"
"Oceania","1978","US$","161060323832.85843"
"Oceania","1979","US$","179388240976.8273"
"Oceania","1980","US$","205745117061.68066"
"Oceania","1981","US$","235836067695.91885"
"Oceania","1982","US$","225471042745.40756"
"Oceania","1983","US$","225520032419.5915"
"Oceania","1984","US$","238855841699.14087"
"Oceania","1985","US$","214452503416.06277"
"Oceania","1986","US$","231691278572.77298"
"Oceania","1987","US$","276989431589.1576"
"Oceania","1988","US$","346792916575.72565"
"Oceania","1989","US$","377491247747.3143"
"Oceania","1990","US$","383192011930.9036"
"Oceania","1991","US$","388373130013.66254"
"Oceania","1992","US$","384728137564.21967"
"Oceania","1993","US$","380127504872.836"
"Oceania","1994","US$","434522738357.7392"
"Oceania","1995","US$","474344610742.94855"
"Oceania","1996","US$","524769299418.6383"
"Oceania","1997","US$","525661574136.0093"
"Oceania","1998","US$","464721517947.8332"
"Oceania","1999","US$","504280992536.2434"
"Oceania","2000","US$","480537506512.0503"
"Oceania","2001","US$","460445583748.4434"
"Oceania","2002","US$","514827030658.9776"
"Oceania","2003","US$","664184628956.0775"
"Oceania","2004","US$","805883654147.201"
"Oceania","2005","US$","902941603658.0433"
"Oceania","2006","US$","958656370752.1774"
"Oceania","2007","US$","1155852866861.8518"
"Oceania","2008","US$","1226063389871.7256"
"Oceania","2009","US$","1171808615825.925"
"Oceania","2010","US$","1484374892432.1296"
"Oceania","2011","US$","1758948692503.149"
"Oceania","2012","US$","1813048097581.4219"
"Oceania","2013","US$","1781193087167.3352"
"Oceania","2014","US$","1715041885411.4585"
"Oceania","2015","US$","1468816741983.7512"
"Oceania","2016","US$","1540383774687.4595"
"Oceania","2017","US$","1666752899903.576"
"Oceania","2018","US$","1718107550241.8618"
"Oceania","2019","US$","1641758704426.461"
"Oceania","2020","US$","1697018673862.7021"
"Oceania","2021","US$","2056367882195.7935"
"Oceania","2022","US$","2084810073297.4785"
"Oceania","2023","US$","2087006259786.371"
"Oman","1970","US$","268409418.4482382"
"Oman","1971","US$","315323809.179731"
"Oman","1972","US$","384188039.24243766"
"Oman","1973","US$","505851170.87374824"
"Oman","1974","US$","1723549414.3704383"
"Oman","1975","US$","2195592765.4765277"
"Oman","1976","US$","2680975809.7306767"
"Oman","1977","US$","2870460135.699074"
"Oman","1978","US$","2870763308.8325515"
"Oman","1979","US$","3910653282.891295"
"Oman","1980","US$","6256014459.339937"
"Oman","1981","US$","7551882717.289759"
"Oman","1982","US$","7942132038.049021"
"Oman","1983","US$","8397088880.709579"
"Oman","1984","US$","9254100984.679619"
"Oman","1985","US$","10280627287.598257"
"Oman","1986","US$","8138146051.8527975"
"Oman","1987","US$","8532893253.576073"
"Oman","1988","US$","8293439321.196359"
"Oman","1989","US$","9268487498.049414"
"Oman","1990","US$","11556031284.785435"
"Oman","1991","US$","11216011846.553967"
"Oman","1992","US$","12314773602.080624"
"Oman","1993","US$","12355925726.918076"
"Oman","1994","US$","13129450036.410923"
"Oman","1995","US$","14416150179.453836"
"Oman","1996","US$","16398293305.591677"
"Oman","1997","US$","17469675984.395317"
"Oman","1998","US$","16044190288.686605"
"Oman","1999","US$","17832644655.396618"
"Oman","2000","US$","22259497550.065018"
"Oman","2001","US$","22205659183.355007"
"Oman","2002","US$","23065580278.283485"
"Oman","2003","US$","24733762117.03511"
"Oman","2004","US$","28378899253.576073"
"Oman","2005","US$","35506865344.60338"
"Oman","2006","US$","42577643716.51495"
"Oman","2007","US$","48300294985.69571"
"Oman","2008","US$","69804646639.79193"
"Oman","2009","US$","55454115531.85956"
"Oman","2010","US$","64993548431.729515"
"Oman","2011","US$","77497413924.57738"
"Oman","2012","US$","87408793552.6658"
"Oman","2013","US$","89936131414.82445"
"Oman","2014","US$","92699123128.73862"
"Oman","2015","US$","78710880566.9701"
"Oman","2016","US$","75128854988.2965"
"Oman","2017","US$","80856575503.25098"
"Oman","2018","US$","91505918083.22496"
"Oman","2019","US$","88060945076.72302"
"Oman","2020","US$","75909397612.48375"
"Oman","2021","US$","87323902967.49025"
"Oman","2022","US$","109852795838.75162"
"Oman","2023","US$","105895708712.61378"
"Pakistan","1970","US$","13139261767.691765"
"Pakistan","1971","US$","13975754319.06812"
"Pakistan","1972","US$","8251877545.701979"
"Pakistan","1973","US$","8848524430.221111"
"Pakistan","1974","US$","11660558124.444445"
"Pakistan","1975","US$","14715396176.565657"
"Pakistan","1976","US$","17254057789.090908"
"Pakistan","1977","US$","19819587047.070705"
"Pakistan","1978","US$","23338322130.20202"
"Pakistan","1979","US$","25797571982.727272"
"Pakistan","1980","US$","30994277553.53535"
"Pakistan","1981","US$","36820056616.06061"
"Pakistan","1982","US$","35851006582.015594"
"Pakistan","1983","US$","36399712132.27651"
"Pakistan","1984","US$","39160686647.12913"
"Pakistan","1985","US$","38840362264.93992"
"Pakistan","1986","US$","40497845024.723465"
"Pakistan","1987","US$","43113077982.619484"
"Pakistan","1988","US$","49155354318.09451"
"Pakistan","1989","US$","49100245565.69439"
"Pakistan","1990","US$","51666173855.70573"
"Pakistan","1991","US$","55973297636.070465"
"Pakistan","1992","US$","62958367556.25611"
"Pakistan","1993","US$","62134067175.76949"
"Pakistan","1994","US$","66919638535.61247"
"Pakistan","1995","US$","77266091761.2972"
"Pakistan","1996","US$","80490389229.25409"
"Pakistan","1997","US$","84570509988.13593"
"Pakistan","1998","US$","88966286666.14615"
"Pakistan","1999","US$","92871835360.89963"
"Pakistan","2000","US$","95941639356.71898"
"Pakistan","2001","US$","91330165240.61583"
"Pakistan","2002","US$","100966764306.07802"
"Pakistan","2003","US$","113963557411.78697"
"Pakistan","2004","US$","130654944540.76279"
"Pakistan","2005","US$","144825805769.08392"
"Pakistan","2006","US$","160757527168.1472"
"Pakistan","2007","US$","183824615838.10248"
"Pakistan","2008","US$","179626331855.15298"
"Pakistan","2009","US$","179967900517.90472"
"Pakistan","2010","US$","193758820325.08783"
"Pakistan","2011","US$","228518152169.3016"
"Pakistan","2012","US$","239248267595.61014"
"Pakistan","2013","US$","246407956799.18726"
"Pakistan","2014","US$","276486556921.8905"
"Pakistan","2015","US$","296060091147.23474"
"Pakistan","2016","US$","312353963903.297"
"Pakistan","2017","US$","337136829493.02057"
"Pakistan","2018","US$","321691849251.6309"
"Pakistan","2019","US$","291918785487.3177"
"Pakistan","2020","US$","293752197206.8372"
"Pakistan","2021","US$","342750653922.54767"
"Pakistan","2022","US$","325282309455.27246"
"Pakistan","2023","US$","299864177345.99084"
"Palau","1970","US$","9329342"
"Palau","1971","US$","10252214"
"Palau","1972","US$","11260422"
"Palau","1973","US$","12370140"
"Palau","1974","US$","13593988"
"Palau","1975","US$","14943283"
"Palau","1976","US$","16430508"
"Palau","1977","US$","17998720"
"Palau","1978","US$","19791411"
"Palau","1979","US$","21787685"
"Palau","1980","US$","23985315"
"Palau","1981","US$","26404610"
"Palau","1982","US$","29067928"
"Palau","1983","US$","31999885"
"Palau","1984","US$","36157232"
"Palau","1985","US$","41172756"
"Palau","1986","US$","46884005"
"Palau","1987","US$","53387485"
"Palau","1988","US$","60793091"
"Palau","1989","US$","69225960"
"Palau","1990","US$","78828589"
"Palau","1991","US$","86830055"
"Palau","1992","US$","93339143"
"Palau","1993","US$","85930969"
"Palau","1994","US$","90957049"
"Palau","1995","US$","110390638"
"Palau","1996","US$","131829805"
"Palau","1997","US$","142772230"
"Palau","1998","US$","147951543"
"Palau","1999","US$","143115248"
"Palau","2000","US$","147833000"
"Palau","2001","US$","158159000"
"Palau","2002","US$","161615000"
"Palau","2003","US$","157963000"
"Palau","2004","US$","173374000"
"Palau","2005","US$","184737750"
"Palau","2006","US$","189300641"
"Palau","2007","US$","194863078"
"Palau","2008","US$","198236766"
"Palau","2009","US$","183685219"
"Palau","2010","US$","183232313"
"Palau","2011","US$","194284672"
"Palau","2012","US$","212967234"
"Palau","2013","US$","224486625"
"Palau","2014","US$","243165063"
"Palau","2015","US$","280437813"
"Palau","2016","US$","299047188"
"Palau","2017","US$","285623531"
"Palau","2018","US$","284883094"
"Palau","2019","US$","281941563"
"Palau","2020","US$","258990844"
"Palau","2021","US$","235752906"
"Palau","2022","US$","255591063"
"Palau","2023","US$","281849063"
"Panama","1970","US$","1165333385"
"Panama","1971","US$","1314855646"
"Panama","1972","US$","1444770309"
"Panama","1973","US$","1652542039"
"Panama","1974","US$","1888635854"
"Panama","1975","US$","2115327195"
"Panama","1976","US$","2246617831"
"Panama","1977","US$","2382036381"
"Panama","1978","US$","2824181961"
"Panama","1979","US$","3232501570"
"Panama","1980","US$","4119430010"
"Panama","1981","US$","4639007181"
"Panama","1982","US$","4911753239"
"Panama","1983","US$","5160443721"
"Panama","1984","US$","5455502195"
"Panama","1985","US$","5817497921"
"Panama","1986","US$","6146489863"
"Panama","1987","US$","6338585829"
"Panama","1988","US$","5664681106"
"Panama","1989","US$","5679788471"
"Panama","1990","US$","6174496595"
"Panama","1991","US$","6789366381"
"Panama","1992","US$","7718004533"
"Panama","1993","US$","8428399355"
"Panama","1994","US$","8987604309"
"Panama","1995","US$","9187718800"
"Panama","1996","US$","9472434539"
"Panama","1997","US$","10246723070"
"Panama","1998","US$","11108703334"
"Panama","1999","US$","11641052103"
"Panama","2000","US$","11808001717"
"Panama","2001","US$","11998017406"
"Panama","2002","US$","12470313088"
"Panama","2003","US$","13141769599"
"Panama","2004","US$","14407965057"
"Panama","2005","US$","15714094294"
"Panama","2006","US$","17413362943"
"Panama","2007","US$","21295984230"
"Panama","2008","US$","25237813865"
"Panama","2009","US$","27293565015"
"Panama","2010","US$","29728904154"
"Panama","2011","US$","35140365351"
"Panama","2012","US$","41092496225"
"Panama","2013","US$","46498486050"
"Panama","2014","US$","51070926303"
"Panama","2015","US$","55517455303"
"Panama","2016","US$","59627621104"
"Panama","2017","US$","64258858362"
"Panama","2018","US$","67294200000"
"Panama","2019","US$","69721800000"
"Panama","2020","US$","57086800000"
"Panama","2021","US$","67406700000"
"Panama","2022","US$","76522511781"
"Panama","2023","US$","83382400000"
"Papua New Guinea","1970","US$","1097370106.4309015"
"Papua New Guinea","1971","US$","1225105099.8025506"
"Papua New Guinea","1972","US$","1465909720.956895"
"Papua New Guinea","1973","US$","2217532554.510963"
"Papua New Guinea","1974","US$","2511134758.7903576"
"Papua New Guinea","1975","US$","2321311749.879537"
"Papua New Guinea","1976","US$","2497393902.6780066"
"Papua New Guinea","1977","US$","2749854724.9100513"
"Papua New Guinea","1978","US$","3341200078.063547"
"Papua New Guinea","1979","US$","3844054651.8217998"
"Papua New Guinea","1980","US$","4266721028.796496"
"Papua New Guinea","1981","US$","4186910775.315169"
"Papua New Guinea","1982","US$","3969694263.909761"
"Papua New Guinea","1983","US$","3956102422.6708107"
"Papua New Guinea","1984","US$","3915900828.145618"
"Papua New Guinea","1985","US$","3703105548.599246"
"Papua New Guinea","1986","US$","4082771791.983679"
"Papua New Guinea","1987","US$","4847281622.867442"
"Papua New Guinea","1988","US$","5636651760.994864"
"Papua New Guinea","1989","US$","5467860035.689438"
"Papua New Guinea","1990","US$","4966130360.209424"
"Papua New Guinea","1991","US$","5840933811.187064"
"Papua New Guinea","1992","US$","6616763423.508722"
"Papua New Guinea","1993","US$","7520613457.350919"
"Papua New Guinea","1994","US$","8042635507.346689"
"Papua New Guinea","1995","US$","7316196524.049179"
"Papua New Guinea","1996","US$","7785782979.739591"
"Papua New Guinea","1997","US$","7441503106.806677"
"Papua New Guinea","1998","US$","5688162313.0558405"
"Papua New Guinea","1999","US$","5190526106.06345"
"Papua New Guinea","2000","US$","5289216337.206022"
"Papua New Guinea","2001","US$","4637053588.314048"
"Papua New Guinea","2002","US$","4606800660.266032"
"Papua New Guinea","2003","US$","5616509038.30179"
"Papua New Guinea","2004","US$","6312881925.297617"
"Papua New Guinea","2005","US$","7355124321.659982"
"Papua New Guinea","2006","US$","8354911626.559461"
"Papua New Guinea","2007","US$","9545029471.717052"
"Papua New Guinea","2008","US$","11670891351.949612"
"Papua New Guinea","2009","US$","11619455060.535278"
"Papua New Guinea","2010","US$","14250785791.778671"
"Papua New Guinea","2011","US$","17985138443.3257"
"Papua New Guinea","2012","US$","21295165206.597466"
"Papua New Guinea","2013","US$","21261377324.6722"
"Papua New Guinea","2014","US$","23210824046.21788"
"Papua New Guinea","2015","US$","21723334307.578266"
"Papua New Guinea","2016","US$","20758911153.00793"
"Papua New Guinea","2017","US$","22742696403.11888"
"Papua New Guinea","2018","US$","24109780116.570637"
"Papua New Guinea","2019","US$","24750628367.92029"
"Papua New Guinea","2020","US$","23848445185.95202"
"Papua New Guinea","2021","US$","26113333766.775013"
"Papua New Guinea","2022","US$","31609521725.11511"
"Papua New Guinea","2023","US$","31020195651.782284"
"Paraguay","1970","US$","680195558.7142857"
"Paraguay","1971","US$","760225508.2619047"
"Paraguay","1972","US$","879730241.7777778"
"Paraguay","1973","US$","1138822096.5873015"
"Paraguay","1974","US$","1525408061.6111112"
"Paraguay","1975","US$","1728964669.5317461"
"Paraguay","1976","US$","1943497591.579365"
"Paraguay","1977","US$","2393290420.8968253"
"Paraguay","1978","US$","2928306294.6190476"
"Paraguay","1979","US$","3908566500.2460318"
"Paraguay","1980","US$","5088315994.738095"
"Paraguay","1981","US$","6434072026.674603"
"Paraguay","1982","US$","6691466138.944445"
"Paraguay","1983","US$","7427523782.690476"
"Paraguay","1984","US$","6092123045.318408"
"Paraguay","1985","US$","5199513394.888038"
"Paraguay","1986","US$","6184998189.066333"
"Paraguay","1987","US$","5186388498.950909"
"Paraguay","1988","US$","6903376498.561818"
"Paraguay","1989","US$","4991118985.717245"
"Paraguay","1990","US$","6022338301.236388"
"Paraguay","1991","US$","7148182525.83267"
"Paraguay","1992","US$","7373926970.125383"
"Paraguay","1993","US$","7864110778.729769"
"Paraguay","1994","US$","8984537294.744019"
"Paraguay","1995","US$","10440241256.560816"
"Paraguay","1996","US$","11330428644.024591"
"Paraguay","1997","US$","11484007928.318247"
"Paraguay","1998","US$","10246124812.41633"
"Paraguay","1999","US$","9450340406.207409"
"Paraguay","2000","US$","9184330261.592447"
"Paraguay","2001","US$","8343410830.293539"
"Paraguay","2002","US$","8187342141.317621"
"Paraguay","2003","US$","8527708861.561035"
"Paraguay","2004","US$","10399135843.9811"
"Paraguay","2005","US$","11306265997.055437"
"Paraguay","2006","US$","13781505496.336662"
"Paraguay","2007","US$","17856387641.981247"
"Paraguay","2008","US$","24615267617.025204"
"Paraguay","2009","US$","22355151177.747093"
"Paraguay","2010","US$","27129301048.058254"
"Paraguay","2011","US$","33737033607.054585"
"Paraguay","2012","US$","33296438408.847713"
"Paraguay","2013","US$","38651334593.01825"
"Paraguay","2014","US$","40377987314.65381"
"Paraguay","2015","US$","36211372646.38557"
"Paraguay","2016","US$","36089550671.842445"
"Paraguay","2017","US$","38997129809.17518"
"Paraguay","2018","US$","40225448569.24209"
"Paraguay","2019","US$","37925338450.42913"
"Paraguay","2020","US$","35432177966.784645"
"Paraguay","2021","US$","39950899733.22703"
"Paraguay","2022","US$","41952910991.662605"
"Paraguay","2023","US$","42955196095.54274"
"Peru","1970","US$","5839793281.804646"
"Peru","1971","US$","6511627907.145003"
"Peru","1972","US$","7209302325.767682"
"Peru","1973","US$","8630490956.29536"
"Peru","1974","US$","10878552971.857327"
"Peru","1975","US$","13276911962.265451"
"Peru","1976","US$","12662352220.340631"
"Peru","1977","US$","11408581960.454487"
"Peru","1978","US$","9798602057.61507"
"Peru","1979","US$","12513410271.47993"
"Peru","1980","US$","16648477048.702394"
"Peru","1981","US$","20335387078.056118"
"Peru","1982","US$","20686192396.710796"
"Peru","1983","US$","16053328939.769943"
"Peru","1984","US$","16829089772.797209"
"Peru","1985","US$","14529461088.29285"
"Peru","1986","US$","21604588635.956264"
"Peru","1987","US$","35388803643.023384"
"Peru","1988","US$","30910513719.45295"
"Peru","1989","US$","34754048243.04367"
"Peru","1990","US$","29118873770.226105"
"Peru","1991","US$","34354513205.177994"
"Peru","1992","US$","35884248340.33454"
"Peru","1993","US$","34642889102.758316"
"Peru","1994","US$","44662900517.995445"
"Peru","1995","US$","53371153846.15393"
"Peru","1996","US$","55274184782.60877"
"Peru","1997","US$","58143884892.08626"
"Peru","1998","US$","55490102389.0785"
"Peru","1999","US$","50204630541.87197"
"Peru","2000","US$","51743266475.6447"
"Peru","2001","US$","52048952046.00546"
"Peru","2002","US$","54796246267.59562"
"Peru","2003","US$","58743406218.88895"
"Peru","2004","US$","66780929779.45754"
"Peru","2005","US$","76080414461.65741"
"Peru","2006","US$","88658557837.87466"
"Peru","2007","US$","102202188010.56325"
"Peru","2008","US$","120612089624.96701"
"Peru","2009","US$","120850736480.3353"
"Peru","2010","US$","147527631520.7292"
"Peru","2011","US$","171761737046.58508"
"Peru","2012","US$","192649991136.0897"
"Peru","2013","US$","201175541637.44107"
"Peru","2014","US$","200786240836.8179"
"Peru","2015","US$","189802961890.09708"
"Peru","2016","US$","191898127860.84256"
"Peru","2017","US$","211007952315.88757"
"Peru","2018","US$","222597030191.0411"
"Peru","2019","US$","228325852220.7614"
"Peru","2020","US$","201409683363.20355"
"Peru","2021","US$","226354270617.6775"
"Peru","2022","US$","246488733551.80392"
"Peru","2023","US$","267603233673.79575"
"Philippines","1970","US$","7559115517.559494"
"Philippines","1971","US$","8375075197.083476"
"Philippines","1972","US$","9067815975.406982"
"Philippines","1973","US$","11412449173.94117"
"Philippines","1974","US$","15607882556.043613"
"Philippines","1975","US$","16875240685.422707"
"Philippines","1976","US$","19381054331.722057"
"Philippines","1977","US$","22283109806.767433"
"Philippines","1978","US$","25762223399.012123"
"Philippines","1979","US$","31218296296.63212"
"Philippines","1980","US$","36848079268.1177"
"Philippines","1981","US$","40499388874.332985"
"Philippines","1982","US$","42206011277.70726"
"Philippines","1983","US$","37759181030.06321"
"Philippines","1984","US$","35730184921.12233"
"Philippines","1985","US$","34961486975.015335"
"Philippines","1986","US$","33987206739.304844"
"Philippines","1987","US$","37791488666.26879"
"Philippines","1988","US$","43152128958.421974"
"Philippines","1989","US$","48513772975.377335"
"Philippines","1990","US$","50508286643.014336"
"Philippines","1991","US$","51784144314.58873"
"Philippines","1992","US$","60422329033.156555"
"Philippines","1993","US$","62036529910.49288"
"Philippines","1994","US$","73159337837.22697"
"Philippines","1995","US$","84644329825.29927"
"Philippines","1996","US$","94648084428.80519"
"Philippines","1997","US$","94106316500.94922"
"Philippines","1998","US$","74492416328.96054"
"Philippines","1999","US$","85640170314.8245"
"Philippines","2000","US$","83669788254.72792"
"Philippines","2001","US$","78921157072.32317"
"Philippines","2002","US$","84307346432.78528"
"Philippines","2003","US$","87039092438.68771"
"Philippines","2004","US$","95002000250.41669"
"Philippines","2005","US$","107419977967.60454"
"Philippines","2006","US$","127652927612.3519"
"Philippines","2007","US$","155980408071.81558"
"Philippines","2008","US$","181624627927.19174"
"Philippines","2009","US$","175974754206.96643"
"Philippines","2010","US$","208368892317.06378"
"Philippines","2011","US$","234216730777.53076"
"Philippines","2012","US$","261920542592.4128"
"Philippines","2013","US$","283902829619.9566"
"Philippines","2014","US$","297483553261.30005"
"Philippines","2015","US$","306445871631.19946"
"Philippines","2016","US$","318627003965.42"
"Philippines","2017","US$","328480738147.61615"
"Philippines","2018","US$","346841896889.76776"
"Philippines","2019","US$","376823404772.48975"
"Philippines","2020","US$","361751145432.6661"
"Philippines","2021","US$","394087362017.3137"
"Philippines","2022","US$","404353370812.1455"
"Philippines","2023","US$","437146370975.52264"
"Poland","1970","US$","28276836750"
"Poland","1971","US$","31307975093.65814"
"Poland","1972","US$","34614954085.493195"
"Poland","1973","US$","40974984191.335815"
"Poland","1974","US$","45975906941.559006"
"Poland","1975","US$","48952764457.83132"
"Poland","1976","US$","54575716867.46988"
"Poland","1977","US$","60529431626.50603"
"Poland","1978","US$","68549906969.69697"
"Poland","1979","US$","76736765662.6506"
"Poland","1980","US$","59107766302.29924"
"Poland","1981","US$","56017430037.63257"
"Poland","1982","US$","68052502097.67669"
"Poland","1983","US$","78719539377.676"
"Poland","1984","US$","78825865065.69597"
"Poland","1985","US$","73333305544.70953"
"Poland","1986","US$","76339616038.4892"
"Poland","1987","US$","66017767864.72136"
"Poland","1988","US$","71092877274.00302"
"Poland","1989","US$","84931072048.34201"
"Poland","1990","US$","66302771578.94737"
"Poland","1991","US$","85978532014.5268"
"Poland","1992","US$","94833550965.8925"
"Poland","1993","US$","96678812731.27727"
"Poland","1994","US$","111369983115.31883"
"Poland","1995","US$","142838507481.15128"
"Poland","1996","US$","160813026223.06296"
"Poland","1997","US$","159893981169.71384"
"Poland","1998","US$","175282269666.80093"
"Poland","1999","US$","170704438371.35797"
"Poland","2000","US$","172953527033.01254"
"Poland","2001","US$","191823200371.28412"
"Poland","2002","US$","199694446940.79312"
"Poland","2003","US$","218561225998.47006"
"Poland","2004","US$","256268679499.76852"
"Poland","2005","US$","306999881522.081"
"Poland","2006","US$","345897593580.734"
"Poland","2007","US$","429715132137.5025"
"Poland","2008","US$","535612104777.0902"
"Poland","2009","US$","440891519348.747"
"Poland","2010","US$","478111630683.5141"
"Poland","2011","US$","527848582613.64874"
"Poland","2012","US$","498148700692.1959"
"Poland","2013","US$","518179891055.0151"
"Poland","2014","US$","542134224464.7262"
"Poland","2015","US$","480054118583.3665"
"Poland","2016","US$","473259583965.6423"
"Poland","2017","US$","528356676662.55115"
"Poland","2018","US$","594616687355.5045"
"Poland","2019","US$","602683770144.8804"
"Poland","2020","US$","605914237908.9208"
"Poland","2021","US$","689170230671.2982"
"Poland","2022","US$","695607470870.0753"
"Poland","2023","US$","809200697803.5042"
"Polynesia","1970","US$","334981071.7594356"
"Polynesia","1971","US$","389610353.26258844"
"Polynesia","1972","US$","432827829.75928783"
"Polynesia","1973","US$","574782904.2009155"
"Polynesia","1974","US$","727791400.024918"
"Polynesia","1975","US$","863376781.4846947"
"Polynesia","1976","US$","946245791.032199"
"Polynesia","1977","US$","1027555051.934019"
"Polynesia","1978","US$","1279935226.907999"
"Polynesia","1979","US$","1566905395.8700628"
"Polynesia","1980","US$","1784460541.970504"
"Polynesia","1981","US$","1680960467.5498817"
"Polynesia","1982","US$","1693609332.1066198"
"Polynesia","1983","US$","1741725846.8897204"
"Polynesia","1984","US$","1789704161.0582805"
"Polynesia","1985","US$","1911179952.7750232"
"Polynesia","1986","US$","2844732187.121527"
"Polynesia","1987","US$","3159069370.5208282"
"Polynesia","1988","US$","3274998501.3622694"
"Polynesia","1989","US$","3299997501.773021"
"Polynesia","1990","US$","3927403125.0666347"
"Polynesia","1991","US$","4083572048.891538"
"Polynesia","1992","US$","4398100667.159273"
"Polynesia","1993","US$","4209145190.1027327"
"Polynesia","1994","US$","4444132515.483749"
"Polynesia","1995","US$","4958310170.769625"
"Polynesia","1996","US$","4838289085.023535"
"Polynesia","1997","US$","4656150025.872036"
"Polynesia","1998","US$","4773180400.720798"
"Polynesia","1999","US$","4749163557.282577"
"Polynesia","2000","US$","4308768347.439702"
"Polynesia","2001","US$","4227681203.567702"
"Polynesia","2002","US$","4539876699.39636"
"Polynesia","2003","US$","5656409776.664219"
"Polynesia","2004","US$","6414592458.860262"
"Polynesia","2005","US$","6633799833.540836"
"Polynesia","2006","US$","6861135096.523544"
"Polynesia","2007","US$","7855919796.237563"
"Polynesia","2008","US$","8412992470.357666"
"Polynesia","2009","US$","7773054212.262939"
"Polynesia","2010","US$","7428815944.82992"
"Polynesia","2011","US$","7732265186.614029"
"Polynesia","2012","US$","7224678896.690094"
"Polynesia","2013","US$","7598472712.189649"
"Polynesia","2014","US$","7759843667.149766"
"Polynesia","2015","US$","6893509085.896176"
"Polynesia","2016","US$","7139534673.582071"
"Polynesia","2017","US$","7566877205.538788"
"Polynesia","2018","US$","7920283108.331833"
"Polynesia","2019","US$","7836184463.10821"
"Polynesia","2020","US$","7455957097.037432"
"Polynesia","2021","US$","7838561699.927999"
"Polynesia","2022","US$","7530735821.087462"
"Polynesia","2023","US$","8372354715.774704"
"Portugal","1970","US$","8107987175.265924"
"Portugal","1971","US$","9204210495.436125"
"Portugal","1972","US$","11235630287.334229"
"Portugal","1973","US$","15092892194.727322"
"Portugal","1974","US$","17507499737.912624"
"Portugal","1975","US$","19354198951.55528"
"Portugal","1976","US$","20335254539.439182"
"Portugal","1977","US$","21436758467.73154"
"Portugal","1978","US$","23492062250.499645"
"Portugal","1979","US$","26619631545.651276"
"Portugal","1980","US$","32895351519.875896"
"Portugal","1981","US$","31978107656.088333"
"Portugal","1982","US$","30526883391.23309"
"Portugal","1983","US$","27241253912.000587"
"Portugal","1984","US$","25218248647.65091"
"Portugal","1985","US$","27115009699.76282"
"Portugal","1986","US$","38744054595.7045"
"Portugal","1987","US$","48181655206.160576"
"Portugal","1988","US$","56344181658.58853"
"Portugal","1989","US$","60594212556.02676"
"Portugal","1990","US$","78718277653.54713"
"Portugal","1991","US$","89236920417.14539"
"Portugal","1992","US$","107597474385.32744"
"Portugal","1993","US$","95013548958.45471"
"Portugal","1994","US$","99692436443.91092"
"Portugal","1995","US$","118120252523.79001"
"Portugal","1996","US$","122635805338.57242"
"Portugal","1997","US$","117022585149.1604"
"Portugal","1998","US$","123952211125.6866"
"Portugal","1999","US$","127470385557.1777"
"Portugal","2000","US$","118605192877.38739"
"Portugal","2001","US$","121604107165.00204"
"Portugal","2002","US$","134795565549.41945"
"Portugal","2003","US$","165226175536.7984"
"Portugal","2004","US$","189382122532.16577"
"Portugal","2005","US$","197253876704.91492"
"Portugal","2006","US$","208756449275.84634"
"Portugal","2007","US$","240496147317.38242"
"Portugal","2008","US$","263416394624.08353"
"Portugal","2009","US$","244667762835.54318"
"Portugal","2010","US$","238443864993.2228"
"Portugal","2011","US$","245426767676.00415"
"Portugal","2012","US$","216536676771.97272"
"Portugal","2013","US$","226677408291.74716"
"Portugal","2014","US$","230078616299.6716"
"Portugal","2015","US$","199038523119.63934"
"Portugal","2016","US$","206305431241.64395"
"Portugal","2017","US$","220862990767.23062"
"Portugal","2018","US$","242092894542.88336"
"Portugal","2019","US$","240115970063.01492"
"Portugal","2020","US$","229618773422.57257"
"Portugal","2021","US$","256055879091.13928"
"Portugal","2022","US$","256898675068.92706"
"Portugal","2023","US$","289114289663.54236"
"Puerto Rico","1970","US$","5105645474"
"Puerto Rico","1971","US$","5726370760"
"Puerto Rico","1972","US$","6417956532"
"Puerto Rico","1973","US$","7100415807"
"Puerto Rico","1974","US$","7793015635"
"Puerto Rico","1975","US$","8313226047"
"Puerto Rico","1976","US$","9095062749"
"Puerto Rico","1977","US$","10050302922"
"Puerto Rico","1978","US$","11321928375"
"Puerto Rico","1979","US$","12929206160"
"Puerto Rico","1980","US$","14638903540"
"Puerto Rico","1981","US$","16180267725"
"Puerto Rico","1982","US$","16999624476"
"Puerto Rico","1983","US$","17519834889"
"Puerto Rico","1984","US$","19432343345"
"Puerto Rico","1985","US$","20574169709"
"Puerto Rico","1986","US$","22277782756"
"Puerto Rico","1987","US$","24213614486"
"Puerto Rico","1988","US$","26545941872"
"Puerto Rico","1989","US$","28664303571"
"Puerto Rico","1990","US$","31034151006"
"Puerto Rico","1991","US$","32740806219"
"Puerto Rico","1992","US$","35116737987"
"Puerto Rico","1993","US$","37441966985"
"Puerto Rico","1994","US$","40248872291"
"Puerto Rico","1995","US$","43246420009"
"Puerto Rico","1996","US$","45978285217"
"Puerto Rico","1997","US$","48864286843"
"Puerto Rico","1998","US$","54846199560"
"Puerto Rico","1999","US$","58653977531"
"Puerto Rico","2000","US$","62569245373"
"Puerto Rico","2001","US$","70180745093"
"Puerto Rico","2002","US$","72630702904"
"Puerto Rico","2003","US$","75878722302"
"Puerto Rico","2004","US$","80322313000"
"Puerto Rico","2005","US$","83914521341"
"Puerto Rico","2006","US$","87276164365"
"Puerto Rico","2007","US$","89524100000"
"Puerto Rico","2008","US$","93639300000"
"Puerto Rico","2009","US$","96385600000"
"Puerto Rico","2010","US$","98381300000"
"Puerto Rico","2011","US$","100351700000"
"Puerto Rico","2012","US$","101564800000"
"Puerto Rico","2013","US$","102450000000"
"Puerto Rico","2014","US$","102445800000"
"Puerto Rico","2015","US$","103375500000"
"Puerto Rico","2016","US$","104336700000"
"Puerto Rico","2017","US$","103445500000"
"Puerto Rico","2018","US$","100958100000"
"Puerto Rico","2019","US$","105126400000"
"Puerto Rico","2020","US$","103130900000"
"Puerto Rico","2021","US$","106426600000"
"Puerto Rico","2022","US$","113567200000"
"Puerto Rico","2023","US$","117902300000"
"Qatar","1970","US$","538935597.7598392"
"Qatar","1971","US$","713542654.2191141"
"Qatar","1972","US$","1030063886.6018106"
"Qatar","1973","US$","1503054560.9840176"
"Qatar","1974","US$","1935094625.5598862"
"Qatar","1975","US$","2469524218.0101633"
"Qatar","1976","US$","3206311027.4441323"
"Qatar","1977","US$","3509457315.623689"
"Qatar","1978","US$","3931749594.7617297"
"Qatar","1979","US$","5632962971.817419"
"Qatar","1980","US$","7837916672.607869"
"Qatar","1981","US$","8672527474.910034"
"Qatar","1982","US$","7611263738.354743"
"Qatar","1983","US$","6484890111.671673"
"Qatar","1984","US$","6870329671.116116"
"Qatar","1985","US$","6153296703.296703"
"Qatar","1986","US$","5053021978.021977"
"Qatar","1987","US$","5446428571.428572"
"Qatar","1988","US$","6038186813.186813"
"Qatar","1989","US$","6487912087.912087"
"Qatar","1990","US$","7360439560.43956"
"Qatar","1991","US$","6883516483.516483"
"Qatar","1992","US$","7646153846.153846"
"Qatar","1993","US$","7156593406.593407"
"Qatar","1994","US$","7374450549.450549"
"Qatar","1995","US$","8137912087.912087"
"Qatar","1996","US$","9059340659.340658"
"Qatar","1997","US$","11297802197.802197"
"Qatar","1998","US$","10255494505.494505"
"Qatar","1999","US$","12393131868.131868"
"Qatar","2000","US$","17759890109.89011"
"Qatar","2001","US$","17538461538.461536"
"Qatar","2002","US$","19363736263.736263"
"Qatar","2003","US$","23533791208.791206"
"Qatar","2004","US$","31734169414.56044"
"Qatar","2005","US$","44530499464.01099"
"Qatar","2006","US$","60881951687.08791"
"Qatar","2007","US$","79711970990.1099"
"Qatar","2008","US$","115270007218.13187"
"Qatar","2009","US$","97798481937.36264"
"Qatar","2010","US$","125122369370.05495"
"Qatar","2011","US$","167775268614.011"
"Qatar","2012","US$","186833502362.0879"
"Qatar","2013","US$","198727642979.3956"
"Qatar","2014","US$","206224598564.56042"
"Qatar","2015","US$","161739955577.74725"
"Qatar","2016","US$","151732181857.14285"
"Qatar","2017","US$","161099122215.3846"
"Qatar","2018","US$","183334953813.1868"
"Qatar","2019","US$","176371267689.011"
"Qatar","2020","US$","144411363345.32965"
"Qatar","2021","US$","179732009554.94504"
"Qatar","2022","US$","235709325708.24176"
"Qatar","2023","US$","213002809330.2198"
"Republic of Korea","1970","US$","9085000818.425037"
"Republic of Korea","1971","US$","10005257131.334663"
"Republic of Korea","1972","US$","10990491502.164484"
"Republic of Korea","1973","US$","14067524990.27167"
"Republic of Korea","1974","US$","19860929976.698044"
"Republic of Korea","1975","US$","22126033057.85124"
"Republic of Korea","1976","US$","30371074380.16529"
"Republic of Korea","1977","US$","39064462809.91736"
"Republic of Korea","1978","US$","52824793388.42975"
"Republic of Korea","1979","US$","68083884297.52066"
"Republic of Korea","1980","US$","66516852699.997215"
"Republic of Korea","1981","US$","74287364451.30774"
"Republic of Korea","1982","US$","79912195222.02504"
"Republic of Korea","1983","US$","89621204471.38144"
"Republic of Korea","1984","US$","99750259779.87215"
"Republic of Korea","1985","US$","103764281280.89009"
"Republic of Korea","1986","US$","119965738498.90385"
"Republic of Korea","1987","US$","152241010579.72168"
"Republic of Korea","1988","US$","205478925806.2606"
"Republic of Korea","1989","US$","254236230479.2945"
"Republic of Korea","1990","US$","292063547383.2566"
"Republic of Korea","1991","US$","340863163995.2498"
"Republic of Korea","1992","US$","366911876004.0778"
"Republic of Korea","1993","US$","405772268406.7014"
"Republic of Korea","1994","US$","478987523405.2787"
"Republic of Korea","1995","US$","586301014040.9828"
"Republic of Korea","1996","US$","631193568336.4255"
"Republic of Korea","1997","US$","590070429207.5924"
"Republic of Korea","1998","US$","396802674870.2365"
"Republic of Korea","1999","US$","515427200634.47125"
"Republic of Korea","2000","US$","597801678665.03"
"Republic of Korea","2001","US$","567654769559.727"
"Republic of Korea","2002","US$","649747343905.1136"
"Republic of Korea","2003","US$","728497155544.6793"
"Republic of Korea","2004","US$","822583193444.704"
"Republic of Korea","2005","US$","971539561696.5295"
"Republic of Korea","2006","US$","1094544652039.543"
"Republic of Korea","2007","US$","1220756188517.204"
"Republic of Korea","2008","US$","1093486639028.4174"
"Republic of Korea","2009","US$","982822153135.4927"
"Republic of Korea","2010","US$","1192830015737.6821"
"Republic of Korea","2011","US$","1307103437904.1758"
"Republic of Korea","2012","US$","1335343625939.968"
"Republic of Korea","2013","US$","1434669686501.8389"
"Republic of Korea","2014","US$","1556252422020.4402"
"Republic of Korea","2015","US$","1539212301135.547"
"Republic of Korea","2016","US$","1579150518945.4392"
"Republic of Korea","2017","US$","1710196706309.5347"
"Republic of Korea","2018","US$","1824251399034.6943"
"Republic of Korea","2019","US$","1751045752054.627"
"Republic of Korea","2020","US$","1744070227116.9187"
"Republic of Korea","2021","US$","1942313617562.5078"
"Republic of Korea","2022","US$","1799363117330.9473"
"Republic of Korea","2023","US$","1839058255866.275"
"Republic of Moldova","1970","...","..."
"Republic of Moldova","1971","...","..."
"Republic of Moldova","1972","...","..."
"Republic of Moldova","1973","...","..."
"Republic of Moldova","1974","...","..."
"Republic of Moldova","1975","...","..."
"Republic of Moldova","1976","...","..."
"Republic of Moldova","1977","...","..."
"Republic of Moldova","1978","...","..."
"Republic of Moldova","1979","...","..."
"Republic of Moldova","1980","...","..."
"Republic of Moldova","1981","...","..."
"Republic of Moldova","1982","...","..."
"Republic of Moldova","1983","...","..."
"Republic of Moldova","1984","...","..."
"Republic of Moldova","1985","...","..."
"Republic of Moldova","1986","...","..."
"Republic of Moldova","1987","...","..."
"Republic of Moldova","1988","...","..."
"Republic of Moldova","1989","...","..."
"Republic of Moldova","1990","US$","4765554793.153971"
"Republic of Moldova","1991","US$","4065386426.61765"
"Republic of Moldova","1992","US$","2950202639.737611"
"Republic of Moldova","1993","US$","2984823934.2534986"
"Republic of Moldova","1994","US$","2105968297.0156896"
"Republic of Moldova","1995","US$","2120553277.3080926"
"Republic of Moldova","1996","US$","2032467727.323733"
"Republic of Moldova","1997","US$","2314646035.8668437"
"Republic of Moldova","1998","US$","2038497958.5528886"
"Republic of Moldova","1999","US$","1406269475.0839455"
"Republic of Moldova","2000","US$","1546243281.2950246"
"Republic of Moldova","2001","US$","1777301207.4358509"
"Republic of Moldova","2002","US$","1994845702.7459753"
"Republic of Moldova","2003","US$","2377045542.128361"
"Republic of Moldova","2004","US$","3117982423.224099"
"Republic of Moldova","2005","US$","3586531475.500263"
"Republic of Moldova","2006","US$","4090547266.5252395"
"Republic of Moldova","2007","US$","5282149587.085704"
"Republic of Moldova","2008","US$","7266815625.498234"
"Republic of Moldova","2009","US$","6528290074.198418"
"Republic of Moldova","2010","US$","6974982392.613622"
"Republic of Moldova","2011","US$","8414351671.979671"
"Republic of Moldova","2012","US$","8709138748.217487"
"Republic of Moldova","2013","US$","9496717702.408075"
"Republic of Moldova","2014","US$","9402090103.302637"
"Republic of Moldova","2015","US$","7797667138.494612"
"Republic of Moldova","2016","US$","7980917248.730081"
"Republic of Moldova","2017","US$","9514404073.281174"
"Republic of Moldova","2018","US$","11252353608.310087"
"Republic of Moldova","2019","US$","11736797145.117401"
"Republic of Moldova","2020","US$","11530746093.988472"
"Republic of Moldova","2021","US$","13691869129.752562"
"Republic of Moldova","2022","US$","14525337829.661734"
"Republic of Moldova","2023","US$","16541911815.92988"
"Republic of North Macedonia","1970","...","..."
"Republic of North Macedonia","1971","...","..."
"Republic of North Macedonia","1972","...","..."
"Republic of North Macedonia","1973","...","..."
"Republic of North Macedonia","1974","...","..."
"Republic of North Macedonia","1975","...","..."
"Republic of North Macedonia","1976","...","..."
"Republic of North Macedonia","1977","...","..."
"Republic of North Macedonia","1978","...","..."
"Republic of North Macedonia","1979","...","..."
"Republic of North Macedonia","1980","...","..."
"Republic of North Macedonia","1981","...","..."
"Republic of North Macedonia","1982","...","..."
"Republic of North Macedonia","1983","...","..."
"Republic of North Macedonia","1984","...","..."
"Republic of North Macedonia","1985","...","..."
"Republic of North Macedonia","1986","...","..."
"Republic of North Macedonia","1987","...","..."
"Republic of North Macedonia","1988","...","..."
"Republic of North Macedonia","1989","...","..."
"Republic of North Macedonia","1990","US$","2911754560.745381"
"Republic of North Macedonia","1991","US$","2915998967.648178"
"Republic of North Macedonia","1992","US$","2739202117.8781924"
"Republic of North Macedonia","1993","US$","2963449625.752364"
"Republic of North Macedonia","1994","US$","3559611794.454949"
"Republic of North Macedonia","1995","US$","4707029598.362101"
"Republic of North Macedonia","1996","US$","4642001493.231485"
"Republic of North Macedonia","1997","US$","3912995037.2323565"
"Republic of North Macedonia","1998","US$","3765731207.8327804"
"Republic of North Macedonia","1999","US$","3863608393.02264"
"Republic of North Macedonia","2000","US$","3772861491.687891"
"Republic of North Macedonia","2001","US$","3709646980.163775"
"Republic of North Macedonia","2002","US$","4018349890.83492"
"Republic of North Macedonia","2003","US$","4946289079.077624"
"Republic of North Macedonia","2004","US$","5682786308.124281"
"Republic of North Macedonia","2005","US$","6258611723.1497555"
"Republic of North Macedonia","2006","US$","6861220709.018043"
"Republic of North Macedonia","2007","US$","8336484627.33098"
"Republic of North Macedonia","2008","US$","9909546093.840883"
"Republic of North Macedonia","2009","US$","9401730652.35544"
"Republic of North Macedonia","2010","US$","9407160110.787487"
"Republic of North Macedonia","2011","US$","10494629802.405901"
"Republic of North Macedonia","2012","US$","9745267305.578901"
"Republic of North Macedonia","2013","US$","10817712029.666763"
"Republic of North Macedonia","2014","US$","11362256666.0871"
"Republic of North Macedonia","2015","US$","10064513038.488253"
"Republic of North Macedonia","2016","US$","10672464611.852585"
"Republic of North Macedonia","2017","US$","11307061189.956188"
"Republic of North Macedonia","2018","US$","12683068033.104256"
"Republic of North Macedonia","2019","US$","12606338448.546968"
"Republic of North Macedonia","2020","US$","12361036913.840923"
"Republic of North Macedonia","2021","US$","14000283737.445946"
"Republic of North Macedonia","2022","US$","13932436629.374575"
"Republic of North Macedonia","2023","US$","15763621940.385405"
"Romania","1970","US$","12641605705.860828"
"Romania","1971","US$","15009237183.211031"
"Romania","1972","US$","17321411274.377914"
"Romania","1973","US$","20170754932.914375"
"Romania","1974","US$","21127040500"
"Romania","1975","US$","22759526500"
"Romania","1976","US$","25579853000"
"Romania","1977","US$","27650633500"
"Romania","1978","US$","32597247314.31845"
"Romania","1979","US$","35176444444.44444"
"Romania","1980","US$","36249241111.111115"
"Romania","1981","US$","43978574000"
"Romania","1982","US$","51290708000"
"Romania","1983","US$","47329105569.38409"
"Romania","1984","US$","40562527706.560936"
"Romania","1985","US$","50436457898.03538"
"Romania","1986","US$","54909453418.57409"
"Romania","1987","US$","61403464999.65652"
"Romania","1988","US$","63489668053.90971"
"Romania","1989","US$","56564589772.08642"
"Romania","1990","US$","40347052324.60953"
"Romania","1991","US$","30439879953.7881"
"Romania","1992","US$","20655800835.62447"
"Romania","1993","US$","27811976519.11441"
"Romania","1994","US$","31728130343.69322"
"Romania","1995","US$","37430238805.93351"
"Romania","1996","US$","36922493306.64909"
"Romania","1997","US$","35575197534.57874"
"Romania","1998","US$","41696111548.06765"
"Romania","1999","US$","35953162615.85632"
"Romania","2000","US$","37253738081.06694"
"Romania","2001","US$","40395114264.78111"
"Romania","2002","US$","46065502702.581696"
"Romania","2003","US$","57806382692.20566"
"Romania","2004","US$","74973660680.52199"
"Romania","2005","US$","98454374488.29262"
"Romania","2006","US$","122023721512.52841"
"Romania","2007","US$","174588782938.583"
"Romania","2008","US$","214315903699.75842"
"Romania","2009","US$","174110532658.86713"
"Romania","2010","US$","170064350671.8273"
"Romania","2011","US$","192623956832.7627"
"Romania","2012","US$","179117323107.08725"
"Romania","2013","US$","189798622761.98804"
"Romania","2014","US$","199722319675.74106"
"Romania","2015","US$","177885146043.10544"
"Romania","2016","US$","185290744033.07742"
"Romania","2017","US$","210147403140.86584"
"Romania","2018","US$","243468703619.91885"
"Romania","2019","US$","251677082534.4951"
"Romania","2020","US$","252033812507.4859"
"Romania","2021","US$","286578219328.9933"
"Romania","2022","US$","296354358293.4749"
"Romania","2023","US$","350776495450.115"
"Russian Federation","1970","...","..."
"Russian Federation","1971","...","..."
"Russian Federation","1972","...","..."
"Russian Federation","1973","...","..."
"Russian Federation","1974","...","..."
"Russian Federation","1975","...","..."
"Russian Federation","1976","...","..."
"Russian Federation","1977","...","..."
"Russian Federation","1978","...","..."
"Russian Federation","1979","...","..."
"Russian Federation","1980","...","..."
"Russian Federation","1981","...","..."
"Russian Federation","1982","...","..."
"Russian Federation","1983","...","..."
"Russian Federation","1984","...","..."
"Russian Federation","1985","...","..."
"Russian Federation","1986","...","..."
"Russian Federation","1987","...","..."
"Russian Federation","1988","...","..."
"Russian Federation","1989","...","..."
"Russian Federation","1990","US$","574065396281.4166"
"Russian Federation","1991","US$","563806005559.579"
"Russian Federation","1992","US$","493038447624.32587"
"Russian Federation","1993","US$","460813978774.2525"
"Russian Federation","1994","US$","410880315982.2422"
"Russian Federation","1995","US$","402295889382.5307"
"Russian Federation","1996","US$","394881380308.023"
"Russian Federation","1997","US$","407823983410.5278"
"Russian Federation","1998","US$","272882470977.44318"
"Russian Federation","1999","US$","197302878291.09784"
"Russian Federation","2000","US$","261567146207.10385"
"Russian Federation","2001","US$","308800832608.43665"
"Russian Federation","2002","US$","347948360288.127"
"Russian Federation","2003","US$","434560366631.8856"
"Russian Federation","2004","US$","596725032999.0574"
"Russian Federation","2005","US$","771495423302.0087"
"Russian Federation","2006","US$","999623133622.1152"
"Russian Federation","2007","US$","1312427085942.627"
"Russian Federation","2008","US$","1677107161246.1335"
"Russian Federation","2009","US$","1234615149496.318"
"Russian Federation","2010","US$","1539845082081.2139"
"Russian Federation","2011","US$","2045922727569.7834"
"Russian Federation","2012","US$","2208293528673.974"
"Russian Federation","2013","US$","2292470104248.1816"
"Russian Federation","2014","US$","2059241582146.1104"
"Russian Federation","2015","US$","1363482179761.1711"
"Russian Federation","2016","US$","1276786344534.2651"
"Russian Federation","2017","US$","1574199355092.7134"
"Russian Federation","2018","US$","1657328764645.9346"
"Russian Federation","2019","US$","1693114993990.49"
"Russian Federation","2020","US$","1493075887459.8118"
"Russian Federation","2021","US$","1843391462961.794"
"Russian Federation","2022","US$","2268387710047.6943"
"Russian Federation","2023","US$","2008419051492.1519"
"Rwanda","1970","US$","227807454.86780745"
"Rwanda","1971","US$","273832242.87130237"
"Rwanda","1972","US$","308135671.07989323"
"Rwanda","1973","US$","382373813.3652365"
"Rwanda","1974","US$","505290970.9672981"
"Rwanda","1975","US$","604242888.6855685"
"Rwanda","1976","US$","673864040.338021"
"Rwanda","1977","US$","788926645.4912829"
"Rwanda","1978","US$","956990982.9959478"
"Rwanda","1979","US$","1172158249.799498"
"Rwanda","1980","US$","1325811541.7349403"
"Rwanda","1981","US$","1486731610.611985"
"Rwanda","1982","US$","1486945138.1633894"
"Rwanda","1983","US$","1563479712.5059671"
"Rwanda","1984","US$","1677283179.5173807"
"Rwanda","1985","US$","1812787181.4833088"
"Rwanda","1986","US$","2038548783.8965526"
"Rwanda","1987","US$","2279575007.79312"
"Rwanda","1988","US$","2459117649.4687757"
"Rwanda","1989","US$","2507710292.9890223"
"Rwanda","1990","US$","2435032063.6329246"
"Rwanda","1991","US$","1812575128.588057"
"Rwanda","1992","US$","1914769388.0463104"
"Rwanda","1993","US$","1854308803.9729257"
"Rwanda","1994","US$","1141600741.8845913"
"Rwanda","1995","US$","1230119922.349175"
"Rwanda","1996","US$","1389377125.3145168"
"Rwanda","1997","US$","1950521329.6706016"
"Rwanda","1998","US$","2188268087.3632236"
"Rwanda","1999","US$","2156063513.139298"
"Rwanda","2000","US$","2068277713.584849"
"Rwanda","2001","US$","1966175942.234607"
"Rwanda","2002","US$","1966908637.9176953"
"Rwanda","2003","US$","2138918140.1056468"
"Rwanda","2004","US$","2375967506.029407"
"Rwanda","2005","US$","2932831836.6575727"
"Rwanda","2006","US$","3318770538.4045153"
"Rwanda","2007","US$","4067976341.7465787"
"Rwanda","2008","US$","5176935123.834301"
"Rwanda","2009","US$","5671486722.887254"
"Rwanda","2010","US$","6120409602.213338"
"Rwanda","2011","US$","6881484481.828335"
"Rwanda","2012","US$","7651045361.53415"
"Rwanda","2013","US$","7815834873.5668745"
"Rwanda","2014","US$","8233717472.827592"
"Rwanda","2015","US$","8539165665.072566"
"Rwanda","2016","US$","8690996220.357574"
"Rwanda","2017","US$","9252552277.357048"
"Rwanda","2018","US$","9637746477.60713"
"Rwanda","2019","US$","10349691145.835556"
"Rwanda","2020","US$","10174094498.067142"
"Rwanda","2021","US$","11068911003.930979"
"Rwanda","2022","US$","13316402482.086996"
"Rwanda","2023","US$","14097938460.807814"
"Saint Kitts and Nevis","1970","US$","24845242.48757738"
"Saint Kitts and Nevis","1971","US$","29869468.04621465"
"Saint Kitts and Nevis","1972","US$","34986780.55456609"
"Saint Kitts and Nevis","1973","US$","36876605.57487409"
"Saint Kitts and Nevis","1974","US$","48031019.572304405"
"Saint Kitts and Nevis","1975","US$","50859880.1580917"
"Saint Kitts and Nevis","1976","US$","42977030.4502276"
"Saint Kitts and Nevis","1977","US$","44496296.29629629"
"Saint Kitts and Nevis","1978","US$","49433333.33333333"
"Saint Kitts and Nevis","1979","US$","58840740.74074074"
"Saint Kitts and Nevis","1980","US$","68459259.25925925"
"Saint Kitts and Nevis","1981","US$","80888888.88888888"
"Saint Kitts and Nevis","1982","US$","86022222.22222222"
"Saint Kitts and Nevis","1983","US$","86874074.07407407"
"Saint Kitts and Nevis","1984","US$","98603703.7037037"
"Saint Kitts and Nevis","1985","US$","111007407.4074074"
"Saint Kitts and Nevis","1986","US$","130685185.18518518"
"Saint Kitts and Nevis","1987","US$","147748148.14814815"
"Saint Kitts and Nevis","1988","US$","172692592.59259257"
"Saint Kitts and Nevis","1989","US$","192518518.5185185"
"Saint Kitts and Nevis","1990","US$","217259259.25925925"
"Saint Kitts and Nevis","1991","US$","220540740.74074072"
"Saint Kitts and Nevis","1992","US$","242137037.03703701"
"Saint Kitts and Nevis","1993","US$","263755555.55555555"
"Saint Kitts and Nevis","1994","US$","295159259.2592592"
"Saint Kitts and Nevis","1995","US$","313485185.1851852"
"Saint Kitts and Nevis","1996","US$","333944444.4444444"
"Saint Kitts and Nevis","1997","US$","374266666.6666666"
"Saint Kitts and Nevis","1998","US$","382874074.07407403"
"Saint Kitts and Nevis","1999","US$","406188888.88888884"
"Saint Kitts and Nevis","2000","US$","437459259.2592592"
"Saint Kitts and Nevis","2001","US$","479344444.4444444"
"Saint Kitts and Nevis","2002","US$","499374074.07407403"
"Saint Kitts and Nevis","2003","US$","483329629.6296296"
"Saint Kitts and Nevis","2004","US$","527222222.2222222"
"Saint Kitts and Nevis","2005","US$","573962962.9629629"
"Saint Kitts and Nevis","2006","US$","672870370.3703703"
"Saint Kitts and Nevis","2007","US$","717137037.037037"
"Saint Kitts and Nevis","2008","US$","777692592.5925926"
"Saint Kitts and Nevis","2009","US$","774274074.074074"
"Saint Kitts and Nevis","2010","US$","778718518.5185184"
"Saint Kitts and Nevis","2011","US$","836092592.5925926"
"Saint Kitts and Nevis","2012","US$","825381481.4814814"
"Saint Kitts and Nevis","2013","US$","874896296.2962962"
"Saint Kitts and Nevis","2014","US$","953170370.3703703"
"Saint Kitts and Nevis","2015","US$","957222222.2222222"
"Saint Kitts and Nevis","2016","US$","1006818518.5185184"
"Saint Kitts and Nevis","2017","US$","1056977777.7777777"
"Saint Kitts and Nevis","2018","US$","1076548148.148148"
"Saint Kitts and Nevis","2019","US$","1107855555.5555556"
"Saint Kitts and Nevis","2020","US$","883922222.2222222"
"Saint Kitts and Nevis","2021","US$","858622222.2222222"
"Saint Kitts and Nevis","2022","US$","981429629.6296296"
"Saint Kitts and Nevis","2023","US$","1057896296.2962962"
"Saint Lucia","1970","US$","41222417.97938879"
"Saint Lucia","1971","US$","47158547.70476915"
"Saint Lucia","1972","US$","54036643.79793975"
"Saint Lucia","1973","US$","60782879.124977"
"Saint Lucia","1974","US$","82538119.06385797"
"Saint Lucia","1975","US$","95695108.22440457"
"Saint Lucia","1976","US$","99468268.33195426"
"Saint Lucia","1977","US$","108703244.07407406"
"Saint Lucia","1978","US$","127278644.44444443"
"Saint Lucia","1979","US$","154418542.96296296"
"Saint Lucia","1980","US$","181191887.03703701"
"Saint Lucia","1981","US$","207484747.4074074"
"Saint Lucia","1982","US$","224385885.18518516"
"Saint Lucia","1983","US$","243253538.5185185"
"Saint Lucia","1984","US$","268278318.14814812"
"Saint Lucia","1985","US$","298117841.48148143"
"Saint Lucia","1986","US$","361467387.77777773"
"Saint Lucia","1987","US$","395769960.7407407"
"Saint Lucia","1988","US$","451000818.1481481"
"Saint Lucia","1989","US$","510551075.5555555"
"Saint Lucia","1990","US$","556509093.3333333"
"Saint Lucia","1991","US$","598831285.9259259"
"Saint Lucia","1992","US$","665261871.8518518"
"Saint Lucia","1993","US$","665603658.8888888"
"Saint Lucia","1994","US$","693481620.3703703"
"Saint Lucia","1995","US$","739053269.6296296"
"Saint Lucia","1996","US$","786487412.2222222"
"Saint Lucia","1997","US$","801426987.7777777"
"Saint Lucia","1998","US$","879726016.2962962"
"Saint Lucia","1999","US$","926293307.037037"
"Saint Lucia","2000","US$","936200187.4074074"
"Saint Lucia","2001","US$","883465006.2962962"
"Saint Lucia","2002","US$","887924622.2222222"
"Saint Lucia","2003","US$","964518305.5555555"
"Saint Lucia","2004","US$","1059557776.6666666"
"Saint Lucia","2005","US$","1119669499.6296296"
"Saint Lucia","2006","US$","1267411111.111111"
"Saint Lucia","2007","US$","1330570370.3703704"
"Saint Lucia","2008","US$","1426470370.3703704"
"Saint Lucia","2009","US$","1399562962.9629629"
"Saint Lucia","2010","US$","1462333333.3333333"
"Saint Lucia","2011","US$","1568755555.5555553"
"Saint Lucia","2012","US$","1598111111.111111"
"Saint Lucia","2013","US$","1660392592.5925925"
"Saint Lucia","2014","US$","1749185185.185185"
"Saint Lucia","2015","US$","1807640740.7407405"
"Saint Lucia","2016","US$","1868544444.4444444"
"Saint Lucia","2017","US$","1998503703.7037036"
"Saint Lucia","2018","US$","2060955555.5555553"
"Saint Lucia","2019","US$","2095344444.4444444"
"Saint Lucia","2020","US$","1499274074.074074"
"Saint Lucia","2021","US$","1867185185.185185"
"Saint Lucia","2022","US$","2342714814.8148146"
"Saint Lucia","2023","US$","2430166666.6666665"
"Saint Vincent and the Grenadines","1970","US$","21188008.489405993"
"Saint Vincent and the Grenadines","1971","US$","23027661.59824781"
"Saint Vincent and the Grenadines","1972","US$","31679578.522557903"
"Saint Vincent and the Grenadines","1973","US$","34641621.9040415"
"Saint Vincent and the Grenadines","1974","US$","37809623.82921272"
"Saint Vincent and the Grenadines","1975","US$","38169684.799761795"
"Saint Vincent and the Grenadines","1976","US$","37065865.72313585"
"Saint Vincent and the Grenadines","1977","US$","42472383.7037037"
"Saint Vincent and the Grenadines","1978","US$","53725376.29629629"
"Saint Vincent and the Grenadines","1979","US$","62394997.03703703"
"Saint Vincent and the Grenadines","1980","US$","69926182.59259258"
"Saint Vincent and the Grenadines","1981","US$","85864272.96296296"
"Saint Vincent and the Grenadines","1982","US$","99525493.33333333"
"Saint Vincent and the Grenadines","1983","US$","111566632.96296296"
"Saint Vincent and the Grenadines","1984","US$","121418474.8148148"
"Saint Vincent and the Grenadines","1985","US$","133372042.59259258"
"Saint Vincent and the Grenadines","1986","US$","150404782.2222222"
"Saint Vincent and the Grenadines","1987","US$","168006739.25925925"
"Saint Vincent and the Grenadines","1988","US$","193971815.18518516"
"Saint Vincent and the Grenadines","1989","US$","210172621.1111111"
"Saint Vincent and the Grenadines","1990","US$","234254900.74074072"
"Saint Vincent and the Grenadines","1991","US$","252830763.7037037"
"Saint Vincent and the Grenadines","1992","US$","280127815.9259259"
"Saint Vincent and the Grenadines","1993","US$","288563863.3333333"
"Saint Vincent and the Grenadines","1994","US$","296210402.5925926"
"Saint Vincent and the Grenadines","1995","US$","324434020.3703703"
"Saint Vincent and the Grenadines","1996","US$","344822098.1481481"
"Saint Vincent and the Grenadines","1997","US$","366891916.2962963"
"Saint Vincent and the Grenadines","1998","US$","399060601.8518518"
"Saint Vincent and the Grenadines","1999","US$","418096109.6296296"
"Saint Vincent and the Grenadines","2000","US$","427944444.4444444"
"Saint Vincent and the Grenadines","2001","US$","462074074.07407403"
"Saint Vincent and the Grenadines","2002","US$","487762962.9629629"
"Saint Vincent and the Grenadines","2003","US$","509092592.59259254"
"Saint Vincent and the Grenadines","2004","US$","549900000"
"Saint Vincent and the Grenadines","2005","US$","579948148.1481481"
"Saint Vincent and the Grenadines","2006","US$","643500000"
"Saint Vincent and the Grenadines","2007","US$","713596296.2962962"
"Saint Vincent and the Grenadines","2008","US$","732662962.9629629"
"Saint Vincent and the Grenadines","2009","US$","714300000"
"Saint Vincent and the Grenadines","2010","US$","720448148.1481481"
"Saint Vincent and the Grenadines","2011","US$","713796296.2962962"
"Saint Vincent and the Grenadines","2012","US$","730033333.3333333"
"Saint Vincent and the Grenadines","2013","US$","764781481.4814814"
"Saint Vincent and the Grenadines","2014","US$","770900000"
"Saint Vincent and the Grenadines","2015","US$","786555555.5555555"
"Saint Vincent and the Grenadines","2016","US$","814303703.7037036"
"Saint Vincent and the Grenadines","2017","US$","844038888.8888888"
"Saint Vincent and the Grenadines","2018","US$","884328148.1481481"
"Saint Vincent and the Grenadines","2019","US$","910482015.1851851"
"Saint Vincent and the Grenadines","2020","US$","864567265.5555555"
"Saint Vincent and the Grenadines","2021","US$","888677925.1851851"
"Saint Vincent and the Grenadines","2022","US$","989188947.7777777"
"Saint Vincent and the Grenadines","2023","US$","1090995202.5925925"
"Samoa","1970","US$","41326764.40779296"
"Samoa","1971","US$","49123634.20538565"
"Samoa","1972","US$","57191669.010852344"
"Samoa","1973","US$","75379420.36173525"
"Samoa","1974","US$","85517470.07814303"
"Samoa","1975","US$","85463863.34810974"
"Samoa","1976","US$","77708110.39416233"
"Samoa","1977","US$","89858606.93107055"
"Samoa","1978","US$","98927001.21651559"
"Samoa","1979","US$","112217625.08665732"
"Samoa","1980","US$","115253971.2340321"
"Samoa","1981","US$","108330485.50100166"
"Samoa","1982","US$","111104000.01809418"
"Samoa","1983","US$","102527016.83296521"
"Samoa","1984","US$","100088961.60541739"
"Samoa","1985","US$","87598729.34040695"
"Samoa","1986","US$","92526476.90615728"
"Samoa","1987","US$","102395074.1880322"
"Samoa","1988","US$","121833094.97525339"
"Samoa","1989","US$","112555867.30929458"
"Samoa","1990","US$","115254861.53151232"
"Samoa","1991","US$","115015626.48677926"
"Samoa","1992","US$","121248600.16826785"
"Samoa","1993","US$","121986540.6107033"
"Samoa","1994","US$","203821056.6669533"
"Samoa","1995","US$","201508675.25694147"
"Samoa","1996","US$","226805879.56268272"
"Samoa","1997","US$","246941804.20584968"
"Samoa","1998","US$","231426265.940395"
"Samoa","1999","US$","236094625.16328418"
"Samoa","2000","US$","237621452.80105788"
"Samoa","2001","US$","246223745.09637675"
"Samoa","2002","US$","271644576.0828796"
"Samoa","2003","US$","330770833.3518437"
"Samoa","2004","US$","395827533.17402506"
"Samoa","2005","US$","446712378.43831265"
"Samoa","2006","US$","465486857.5236245"
"Samoa","2007","US$","667761807.2408968"
"Samoa","2008","US$","683747633.7919449"
"Samoa","2009","US$","625762251.6919302"
"Samoa","2010","US$","698735067.3787504"
"Samoa","2011","US$","778848440.8009136"
"Samoa","2012","US$","774670950.46092"
"Samoa","2013","US$","798317100.3496475"
"Samoa","2014","US$","818039558.7334446"
"Samoa","2015","US$","825564581.2699088"
"Samoa","2016","US$","870194668.8281137"
"Samoa","2017","US$","881694104.8097689"
"Samoa","2018","US$","894065272.0970721"
"Samoa","2019","US$","912553576.6713196"
"Samoa","2020","US$","829125640.2443298"
"Samoa","2021","US$","857316912.5877974"
"Samoa","2022","US$","857112259.0157015"
"Samoa","2023","US$","1032331728.2309866"
"San Marino","1970","US$","79820211.97016378"
"San Marino","1971","US$","87757383.9651279"
"San Marino","1972","US$","102243292.86862896"
"San Marino","1973","US$","123528455.72463778"
"San Marino","1974","US$","140480104.67230248"
"San Marino","1975","US$","160285441.91461813"
"San Marino","1976","US$","158186713.9242885"
"San Marino","1977","US$","181310585.89821684"
"San Marino","1978","US$","221764097.87457436"
"San Marino","1979","US$","277098555.3930049"
"San Marino","1980","US$","335917435.12755615"
"San Marino","1981","US$","303168017.7315693"
"San Marino","1982","US$","300742817.5774356"
"San Marino","1983","US$","311840624.1823489"
"San Marino","1984","US$","308222031.87099886"
"San Marino","1985","US$","318292744.6912407"
"San Marino","1986","US$","450731945.70057446"
"San Marino","1987","US$","567155227.5121406"
"San Marino","1988","US$","627553079.2923782"
"San Marino","1989","US$","653640729.7847441"
"San Marino","1990","US$","831481611.5167359"
"San Marino","1991","US$","877156933.0361834"
"San Marino","1992","US$","929257388.9080665"
"San Marino","1993","US$","825148535.3167267"
"San Marino","1994","US$","894883572.7535385"
"San Marino","1995","US$","1019739874.0567046"
"San Marino","1996","US$","1174004153.4173486"
"San Marino","1997","US$","1107743877.6336887"
"San Marino","1998","US$","1188540426.6170683"
"San Marino","1999","US$","1258374699.2108006"
"San Marino","2000","US$","1143616608.396759"
"San Marino","2001","US$","1202702248.8318849"
"San Marino","2002","US$","1303221840.9569302"
"San Marino","2003","US$","1659046709.9112291"
"San Marino","2004","US$","1945418329.4874883"
"San Marino","2005","US$","2028235427.0357745"
"San Marino","2006","US$","2167300535.153811"
"San Marino","2007","US$","2490843836.2745347"
"San Marino","2008","US$","2762961223.5937495"
"San Marino","2009","US$","2372245943.1249986"
"San Marino","2010","US$","2141430131.6667218"
"San Marino","2011","US$","2056613886.1867888"
"San Marino","2012","US$","1800502844.7656255"
"San Marino","2013","US$","1865544988.1384516"
"San Marino","2014","US$","1847300268.0999641"
"San Marino","2015","US$","1419400403.4995973"
"San Marino","2016","US$","1468342431.0758216"
"San Marino","2017","US$","1528621195.1453788"
"San Marino","2018","US$","1655354303.9917676"
"San Marino","2019","US$","1616231660.2254117"
"San Marino","2020","US$","1544713791.529886"
"San Marino","2021","US$","1855395694.4735942"
"San Marino","2022","US$","1831701053.4092348"
"San Marino","2023","US$","1987453376.2801156"
"Sao Tome and Principe","1970","US$","35388799.9646112"
"Sao Tome and Principe","1971","US$","35462057.87176927"
"Sao Tome and Principe","1972","US$","39400568.62811531"
"Sao Tome and Principe","1973","US$","53267229.13044744"
"Sao Tome and Principe","1974","US$","54985116.33416752"
"Sao Tome and Principe","1975","US$","57157331.193358764"
"Sao Tome and Principe","1976","US$","49489988.94552437"
"Sao Tome and Principe","1977","US$","46796998.75545993"
"Sao Tome and Principe","1978","US$","52347930.43842092"
"Sao Tome and Principe","1979","US$","62534533.66070771"
"Sao Tome and Principe","1980","US$","77661586.68431053"
"Sao Tome and Principe","1981","US$","79408633.53313386"
"Sao Tome and Principe","1982","US$","76373482.13598543"
"Sao Tome and Principe","1983","US$","71430632.40555434"
"Sao Tome and Principe","1984","US$","74382090.6227829"
"Sao Tome and Principe","1985","US$","78679970.52782312"
"Sao Tome and Principe","1986","US$","110249543.95940904"
"Sao Tome and Principe","1987","US$","110272385.03674193"
"Sao Tome and Principe","1988","US$","94150708.41215307"
"Sao Tome and Principe","1989","US$","93717431.10435562"
"Sao Tome and Principe","1990","US$","113453582.64761414"
"Sao Tome and Principe","1991","US$","102210526.01153426"
"Sao Tome and Principe","1992","US$","90214495.94078916"
"Sao Tome and Principe","1993","US$","119582107.10996938"
"Sao Tome and Principe","1994","US$","124904141.23217116"
"Sao Tome and Principe","1995","US$","98615221.85211071"
"Sao Tome and Principe","1996","US$","128565307.69787389"
"Sao Tome and Principe","1997","US$","87417089.68307944"
"Sao Tome and Principe","1998","US$","68744130.99426468"
"Sao Tome and Principe","1999","US$","73515164.78885609"
"Sao Tome and Principe","2000","US$","72465433.57991584"
"Sao Tome and Principe","2001","US$","72230277.63643494"
"Sao Tome and Principe","2002","US$","81053329.40888448"
"Sao Tome and Principe","2003","US$","96343939.16431168"
"Sao Tome and Principe","2004","US$","105361123.5544113"
"Sao Tome and Principe","2005","US$","126193762.4311697"
"Sao Tome and Principe","2006","US$","134441164.97039738"
"Sao Tome and Principe","2007","US$","145827415.80238396"
"Sao Tome and Principe","2008","US$","188021169.26829022"
"Sao Tome and Principe","2009","US$","187821048.9862445"
"Sao Tome and Principe","2010","US$","197454025.20299032"
"Sao Tome and Principe","2011","US$","233213509.98813578"
"Sao Tome and Principe","2012","US$","252560581.4256484"
"Sao Tome and Principe","2013","US$","302925496.5383374"
"Sao Tome and Principe","2014","US$","348899565.48131496"
"Sao Tome and Principe","2015","US$","318257372.15758055"
"Sao Tome and Principe","2016","US$","347547472.88946223"
"Sao Tome and Principe","2017","US$","378598870.97147334"
"Sao Tome and Principe","2018","US$","415355830.59586614"
"Sao Tome and Principe","2019","US$","430633136.0467751"
"Sao Tome and Principe","2020","US$","476462167.7310494"
"Sao Tome and Principe","2021","US$","528335431.99954355"
"Sao Tome and Principe","2022","US$","544865431.4709609"
"Sao Tome and Principe","2023","US$","684068647.5093201"
"Saudi Arabia","1970","US$","5377268844.262124"
"Saudi Arabia","1971","US$","7184816176.831353"
"Saudi Arabia","1972","US$","9664177036.711033"
"Saudi Arabia","1973","US$","14947535254.262041"
"Saudi Arabia","1974","US$","45412971922.08816"
"Saudi Arabia","1975","US$","46773137523.184586"
"Saudi Arabia","1976","US$","64005623888.386856"
"Saudi Arabia","1977","US$","74189100135.22845"
"Saudi Arabia","1978","US$","80266637389.7026"
"Saudi Arabia","1979","US$","111858506074.53644"
"Saudi Arabia","1980","US$","164539597502.02197"
"Saudi Arabia","1981","US$","184291434776.42654"
"Saudi Arabia","1982","US$","153240295657.80676"
"Saudi Arabia","1983","US$","129180606689.29857"
"Saudi Arabia","1984","US$","119631340721.85876"
"Saudi Arabia","1985","US$","103893996551.75328"
"Saudi Arabia","1986","US$","86885756270.62395"
"Saudi Arabia","1987","US$","85581680504.26666"
"Saudi Arabia","1988","US$","88138487186.13333"
"Saudi Arabia","1989","US$","95217227020"
"Saudi Arabia","1990","US$","117473421256"
"Saudi Arabia","1991","US$","132046960188.53334"
"Saudi Arabia","1992","US$","136905083461.33333"
"Saudi Arabia","1993","US$","132790601133.06667"
"Saudi Arabia","1994","US$","134994643187.2"
"Saudi Arabia","1995","US$","143151901721.86667"
"Saudi Arabia","1996","US$","158450827552.53333"
"Saudi Arabia","1997","US$","165742310010.66666"
"Saudi Arabia","1998","US$","146775428759.2"
"Saudi Arabia","1999","US$","161717040000"
"Saudi Arabia","2000","US$","189514910222.66666"
"Saudi Arabia","2001","US$","184137517724.8"
"Saudi Arabia","2002","US$","189605920240.53333"
"Saudi Arabia","2003","US$","215807655244.53333"
"Saudi Arabia","2004","US$","258742263029.06668"
"Saudi Arabia","2005","US$","328205691289.3333"
"Saudi Arabia","2006","US$","376397602206.4"
"Saudi Arabia","2007","US$","415687273337.06665"
"Saudi Arabia","2008","US$","519796738631.2"
"Saudi Arabia","2009","US$","429097899278.93335"
"Saudi Arabia","2010","US$","528207298529.86664"
"Saudi Arabia","2011","US$","676634577273.0667"
"Saudi Arabia","2012","US$","741849984943.2"
"Saudi Arabia","2013","US$","753864543430.1333"
"Saudi Arabia","2014","US$","766605946720.5333"
"Saudi Arabia","2015","US$","669484381328.8"
"Saudi Arabia","2016","US$","665999879694.1333"
"Saudi Arabia","2017","US$","714994694991.7333"
"Saudi Arabia","2018","US$","846583791758.9333"
"Saudi Arabia","2019","US$","838564705248.5333"
"Saudi Arabia","2020","US$","734271183945.0667"
"Saudi Arabia","2021","US$","874156115900"
"Saudi Arabia","2022","US$","1108571517285.3333"
"Saudi Arabia","2023","US$","1067582986280.2667"
"Senegal","1970","US$","1231806812.0259147"
"Senegal","1971","US$","1273053370.561015"
"Senegal","1972","US$","1539434981.6093056"
"Senegal","1973","US$","1769952218.6538355"
"Senegal","1974","US$","1995962138.12061"
"Senegal","1975","US$","2689049486.9764967"
"Senegal","1976","US$","2725724271.2127256"
"Senegal","1977","US$","2791325300.0148416"
"Senegal","1978","US$","3108770792.2926593"
"Senegal","1979","US$","3879092046.595952"
"Senegal","1980","US$","4210305850.1091843"
"Senegal","1981","US$","3492956517.689869"
"Senegal","1982","US$","3639117600.197982"
"Senegal","1983","US$","3492691403.927644"
"Senegal","1984","US$","3292922467.627655"
"Senegal","1985","US$","3632030493.830074"
"Senegal","1986","US$","5302138188.066062"
"Senegal","1987","US$","6479948223.715433"
"Senegal","1988","US$","7016176921.072259"
"Senegal","1989","US$","6518107112.9745"
"Senegal","1990","US$","8028360113.7696495"
"Senegal","1991","US$","7748267397.018319"
"Senegal","1992","US$","8491719528.025779"
"Senegal","1993","US$","7651217344.63809"
"Senegal","1994","US$","5130911963.180852"
"Senegal","1995","US$","6305506899.1668825"
"Senegal","1996","US$","6554707964.790113"
"Senegal","1997","US$","5938518018.7086315"
"Senegal","1998","US$","6279885881.182586"
"Senegal","1999","US$","6592834929.372067"
"Senegal","2000","US$","6013185003.649127"
"Senegal","2001","US$","6507824826.947512"
"Senegal","2002","US$","7006402324.817725"
"Senegal","2003","US$","8768721560.658718"
"Senegal","2004","US$","10076816660.983484"
"Senegal","2005","US$","11009033445.34391"
"Senegal","2006","US$","11697918245.316206"
"Senegal","2007","US$","13994218399.050758"
"Senegal","2008","US$","16853989611.215742"
"Senegal","2009","US$","16145867483.228302"
"Senegal","2010","US$","16121306589.456373"
"Senegal","2011","US$","17814290677.649506"
"Senegal","2012","US$","17660871721.423096"
"Senegal","2013","US$","18918661907.698635"
"Senegal","2014","US$","19797253445.267292"
"Senegal","2015","US$","17774851268.773617"
"Senegal","2016","US$","19040319081.013165"
"Senegal","2017","US$","20996569847.252388"
"Senegal","2018","US$","23116719543.100086"
"Senegal","2019","US$","23403995984.93064"
"Senegal","2020","US$","24530513058.59455"
"Senegal","2021","US$","27520784128.107887"
"Senegal","2022","US$","27619479063.54583"
"Senegal","2023","US$","30408127073.726933"
"Serbia","1970","...","..."
"Serbia","1971","...","..."
"Serbia","1972","...","..."
"Serbia","1973","...","..."
"Serbia","1974","...","..."
"Serbia","1975","...","..."
"Serbia","1976","...","..."
"Serbia","1977","...","..."
"Serbia","1978","...","..."
"Serbia","1979","...","..."
"Serbia","1980","...","..."
"Serbia","1981","...","..."
"Serbia","1982","...","..."
"Serbia","1983","...","..."
"Serbia","1984","...","..."
"Serbia","1985","...","..."
"Serbia","1986","...","..."
"Serbia","1987","...","..."
"Serbia","1988","...","..."
"Serbia","1989","...","..."
"Serbia","1990","US$","40531013015.34703"
"Serbia","1991","US$","37014254863.14007"
"Serbia","1992","US$","27204633528.047367"
"Serbia","1993","US$","19375034948.88701"
"Serbia","1994","US$","20302228905.27893"
"Serbia","1995","US$","21906711633.9942"
"Serbia","1996","US$","23705149215.983814"
"Serbia","1997","US$","22793858858.85886"
"Serbia","1998","US$","20373601252.609604"
"Serbia","1999","US$","11937745512.14361"
"Serbia","2000","US$","9866401635.620173"
"Serbia","2001","US$","12960546471.378193"
"Serbia","2002","US$","17119066038.508522"
"Serbia","2003","US$","22480553278.525425"
"Serbia","2004","US$","26144517018.70857"
"Serbia","2005","US$","27681556087.432404"
"Serbia","2006","US$","32477560398.703747"
"Serbia","2007","US$","43173896157.16567"
"Serbia","2008","US$","52188835941.556725"
"Serbia","2009","US$","45146638280.15511"
"Serbia","2010","US$","41822728845.54207"
"Serbia","2011","US$","49243340652.40335"
"Serbia","2012","US$","43316388638.27265"
"Serbia","2013","US$","48394272065.130035"
"Serbia","2014","US$","47062201827.661766"
"Serbia","2015","US$","39655946055.29704"
"Serbia","2016","US$","40692644582.90666"
"Serbia","2017","US$","44179109186.85565"
"Serbia","2018","US$","50640640897.947914"
"Serbia","2019","US$","51514230423.92831"
"Serbia","2020","US$","53356478947.81677"
"Serbia","2021","US$","63101043481.79203"
"Serbia","2022","US$","63563410098.37876"
"Serbia","2023","US$","75187122529.55258"
"Seychelles","1970","US$","22271753.07487551"
"Seychelles","1971","US$","26541852.156369925"
"Seychelles","1972","US$","37029047.62301054"
"Seychelles","1973","US$","44582432.62685379"
"Seychelles","1974","US$","52120185.93168677"
"Seychelles","1975","US$","57761395.7751645"
"Seychelles","1976","US$","59544671.914405234"
"Seychelles","1977","US$","77935717.87510365"
"Seychelles","1978","US$","103407803.24058716"
"Seychelles","1979","US$","153846080.25926682"
"Seychelles","1980","US$","178051931.59803376"
"Seychelles","1981","US$","184605382.51596108"
"Seychelles","1982","US$","177966305.97714105"
"Seychelles","1983","US$","176648442.25794774"
"Seychelles","1984","US$","182831994.85415694"
"Seychelles","1985","US$","204083978.27407384"
"Seychelles","1986","US$","252349249.9207381"
"Seychelles","1987","US$","301190240.5502375"
"Seychelles","1988","US$","342925749.8436598"
"Seychelles","1989","US$","368308563.7784395"
"Seychelles","1990","US$","445361462.64685494"
"Seychelles","1991","US$","452338445.0707956"
"Seychelles","1992","US$","523968540.767086"
"Seychelles","1993","US$","567010679.8502377"
"Seychelles","1994","US$","583232049.9486574"
"Seychelles","1995","US$","613998942.0356051"
"Seychelles","1996","US$","603447654.6199019"
"Seychelles","1997","US$","680194245.1849502"
"Seychelles","1998","US$","735080621.1607009"
"Seychelles","1999","US$","751589035.391743"
"Seychelles","2000","US$","746848933.7249762"
"Seychelles","2001","US$","746284513.3268361"
"Seychelles","2002","US$","837920678.7063344"
"Seychelles","2003","US$","846384798.3755237"
"Seychelles","2004","US$","839327272.7272727"
"Seychelles","2005","US$","919102909.0909091"
"Seychelles","2006","US$","1016406955.0986387"
"Seychelles","2007","US$","1037896306.5382928"
"Seychelles","2008","US$","975123661.7904359"
"Seychelles","2009","US$","857872949.9778154"
"Seychelles","2010","US$","985947537.2270476"
"Seychelles","2011","US$","1039497877.9857543"
"Seychelles","2012","US$","1085792987.7441022"
"Seychelles","2013","US$","1366622469.0013356"
"Seychelles","2014","US$","1387616988.0050557"
"Seychelles","2015","US$","1432410051.8817704"
"Seychelles","2016","US$","1568572490.4179041"
"Seychelles","2017","US$","1675429753.544665"
"Seychelles","2018","US$","1784400245.8465428"
"Seychelles","2019","US$","1868775942.8500168"
"Seychelles","2020","US$","1382566007.4024854"
"Seychelles","2021","US$","1487188111.0330486"
"Seychelles","2022","US$","2057971194.6011586"
"Seychelles","2023","US$","2141222964.5542285"
"Sierra Leone","1970","US$","455419382.258837"
"Sierra Leone","1971","US$","484905413.6340821"
"Sierra Leone","1972","US$","534541459.1174972"
"Sierra Leone","1973","US$","609761844.7460867"
"Sierra Leone","1974","US$","702127996.1605041"
"Sierra Leone","1975","US$","750387989.3185315"
"Sierra Leone","1976","US$","697398026.1458459"
"Sierra Leone","1977","US$","794564892.5233257"
"Sierra Leone","1978","US$","1025595566.7431748"
"Sierra Leone","1979","US$","1181412900.96663"
"Sierra Leone","1980","US$","1332661585.91995"
"Sierra Leone","1981","US$","1428374759.5476584"
"Sierra Leone","1982","US$","1606087526.5027966"
"Sierra Leone","1983","US$","1396209561.0386548"
"Sierra Leone","1984","US$","1711110181.7617753"
"Sierra Leone","1985","US$","1376081544.3166566"
"Sierra Leone","1986","US$","965343356.1790303"
"Sierra Leone","1987","US$","818922773.7954221"
"Sierra Leone","1988","US$","1283588947.353584"
"Sierra Leone","1989","US$","1211391817.0468376"
"Sierra Leone","1990","US$","879295759.2098404"
"Sierra Leone","1991","US$","1055725161.3230879"
"Sierra Leone","1992","US$","920350554.0017847"
"Sierra Leone","1993","US$","1040672379.1736349"
"Sierra Leone","1994","US$","1234192001.5214021"
"Sierra Leone","1995","US$","1178561806.7241268"
"Sierra Leone","1996","US$","1274619892.3140001"
"Sierra Leone","1997","US$","1150810522.8570046"
"Sierra Leone","1998","US$","910059688.4916904"
"Sierra Leone","1999","US$","906026848.5390992"
"Sierra Leone","2000","US$","860650531.3975027"
"Sierra Leone","2001","US$","1090465424.7635174"
"Sierra Leone","2002","US$","1253320298.412627"
"Sierra Leone","2003","US$","1385785479.7641888"
"Sierra Leone","2004","US$","1448538418.3398325"
"Sierra Leone","2005","US$","1650494367.1025708"
"Sierra Leone","2006","US$","1885112223.1691194"
"Sierra Leone","2007","US$","2158496848.688652"
"Sierra Leone","2008","US$","2505458452.833543"
"Sierra Leone","2009","US$","2453899847.001314"
"Sierra Leone","2010","US$","2578026837.105943"
"Sierra Leone","2011","US$","2942547074.3212175"
"Sierra Leone","2012","US$","3801863428.2552834"
"Sierra Leone","2013","US$","4920341226.477937"
"Sierra Leone","2014","US$","5015179572.410413"
"Sierra Leone","2015","US$","4750927610.159725"
"Sierra Leone","2016","US$","4830952343.964889"
"Sierra Leone","2017","US$","5202570559.4548235"
"Sierra Leone","2018","US$","6390514915.380296"
"Sierra Leone","2019","US$","6523577508.31474"
"Sierra Leone","2020","US$","6688594898.317308"
"Sierra Leone","2021","US$","7165214148.385568"
"Sierra Leone","2022","US$","7119137397.714686"
"Sierra Leone","2023","US$","6411869503.681496"
"Singapore","1970","US$","1920574148.8822346"
"Singapore","1971","US$","2271575772.7530184"
"Singapore","1972","US$","2951928889.9384637"
"Singapore","1973","US$","4230382117.792216"
"Singapore","1974","US$","5265532242.656401"
"Singapore","1975","US$","5789524735.50672"
"Singapore","1976","US$","6072181883.185871"
"Singapore","1977","US$","6703779619.999932"
"Singapore","1978","US$","8063851543.725266"
"Singapore","1979","US$","9722066170.41854"
"Singapore","1980","US$","12081776259.850803"
"Singapore","1981","US$","14366507185.341452"
"Singapore","1982","US$","15878879925.810373"
"Singapore","1983","US$","18010932073.548157"
"Singapore","1984","US$","19563417591.055737"
"Singapore","1985","US$","18572733680.06311"
"Singapore","1986","US$","18780374298.195904"
"Singapore","1987","US$","21628613711.726147"
"Singapore","1988","US$","26551200665.863327"
"Singapore","1989","US$","31436091799.80435"
"Singapore","1990","US$","38891588200.67684"
"Singapore","1991","US$","45464849063.702934"
"Singapore","1992","US$","52131330700.44394"
"Singapore","1993","US$","60603821967.46807"
"Singapore","1994","US$","73688716390.61531"
"Singapore","1995","US$","87812540788.4293"
"Singapore","1996","US$","96293097894.91934"
"Singapore","1997","US$","100123798454.00684"
"Singapore","1998","US$","85728224856.37247"
"Singapore","1999","US$","86286866724.22287"
"Singapore","2000","US$","96076521349.06213"
"Singapore","2001","US$","89793815727.6029"
"Singapore","2002","US$","92538355642.88478"
"Singapore","2003","US$","97646382412.87292"
"Singapore","2004","US$","115033570415.04277"
"Singapore","2005","US$","127807810333.76942"
"Singapore","2006","US$","148627255181.67355"
"Singapore","2007","US$","180941741377.76553"
"Singapore","2008","US$","193617346346.78488"
"Singapore","2009","US$","194150322022.0918"
"Singapore","2010","US$","239807921966.0074"
"Singapore","2011","US$","279356526366.33435"
"Singapore","2012","US$","295092839974.9188"
"Singapore","2013","US$","307576360584.9916"
"Singapore","2014","US$","314863580758.45465"
"Singapore","2015","US$","307998545269.39795"
"Singapore","2016","US$","319053859936.9226"
"Singapore","2017","US$","343257164581.71155"
"Singapore","2018","US$","376892790727.84576"
"Singapore","2019","US$","376901557126.1898"
"Singapore","2020","US$","349488467043.9506"
"Singapore","2021","US$","434111451574.88727"
"Singapore","2022","US$","498474661508.7028"
"Singapore","2023","US$","501427624556.2632"
"Sint Maarten (Dutch part)","1970","...","..."
"Sint Maarten (Dutch part)","1971","...","..."
"Sint Maarten (Dutch part)","1972","...","..."
"Sint Maarten (Dutch part)","1973","...","..."
"Sint Maarten (Dutch part)","1974","...","..."
"Sint Maarten (Dutch part)","1975","...","..."
"Sint Maarten (Dutch part)","1976","...","..."
"Sint Maarten (Dutch part)","1977","...","..."
"Sint Maarten (Dutch part)","1978","...","..."
"Sint Maarten (Dutch part)","1979","...","..."
"Sint Maarten (Dutch part)","1980","...","..."
"Sint Maarten (Dutch part)","1981","...","..."
"Sint Maarten (Dutch part)","1982","...","..."
"Sint Maarten (Dutch part)","1983","...","..."
"Sint Maarten (Dutch part)","1984","...","..."
"Sint Maarten (Dutch part)","1985","...","..."
"Sint Maarten (Dutch part)","1986","...","..."
"Sint Maarten (Dutch part)","1987","...","..."
"Sint Maarten (Dutch part)","1988","...","..."
"Sint Maarten (Dutch part)","1989","...","..."
"Sint Maarten (Dutch part)","1990","...","..."
"Sint Maarten (Dutch part)","1991","...","..."
"Sint Maarten (Dutch part)","1992","...","..."
"Sint Maarten (Dutch part)","1993","...","..."
"Sint Maarten (Dutch part)","1994","...","..."
"Sint Maarten (Dutch part)","1995","...","..."
"Sint Maarten (Dutch part)","1996","...","..."
"Sint Maarten (Dutch part)","1997","...","..."
"Sint Maarten (Dutch part)","1998","...","..."
"Sint Maarten (Dutch part)","1999","...","..."
"Sint Maarten (Dutch part)","2000","...","..."
"Sint Maarten (Dutch part)","2001","...","..."
"Sint Maarten (Dutch part)","2002","...","..."
"Sint Maarten (Dutch part)","2003","...","..."
"Sint Maarten (Dutch part)","2004","...","..."
"Sint Maarten (Dutch part)","2005","US$","707954816.7597765"
"Sint Maarten (Dutch part)","2006","US$","758246382.122905"
"Sint Maarten (Dutch part)","2007","US$","807471497.2067039"
"Sint Maarten (Dutch part)","2008","US$","854732097.7653631"
"Sint Maarten (Dutch part)","2009","US$","858997900"
"Sint Maarten (Dutch part)","2010","US$","896492058.6592178"
"Sint Maarten (Dutch part)","2011","US$","936062988.8268156"
"Sint Maarten (Dutch part)","2012","US$","1066210706.1452514"
"Sint Maarten (Dutch part)","2013","US$","1196493121.7877095"
"Sint Maarten (Dutch part)","2014","US$","1338324022.3463688"
"Sint Maarten (Dutch part)","2015","US$","1366983240.2234638"
"Sint Maarten (Dutch part)","2016","US$","1401843575.4189944"
"Sint Maarten (Dutch part)","2017","US$","1289329608.9385474"
"Sint Maarten (Dutch part)","2018","US$","1259217877.0949721"
"Sint Maarten (Dutch part)","2019","US$","1459776536.312849"
"Sint Maarten (Dutch part)","2020","US$","1240279329.6089385"
"Sint Maarten (Dutch part)","2021","US$","1384636871.50838"
"Sint Maarten (Dutch part)","2022","US$","1568845768.1564245"
"Sint Maarten (Dutch part)","2023","US$","1677324340.2234635"
"Slovakia","1970","...","..."
"Slovakia","1971","...","..."
"Slovakia","1972","...","..."
"Slovakia","1973","...","..."
"Slovakia","1974","...","..."
"Slovakia","1975","...","..."
"Slovakia","1976","...","..."
"Slovakia","1977","...","..."
"Slovakia","1978","...","..."
"Slovakia","1979","...","..."
"Slovakia","1980","...","..."
"Slovakia","1981","...","..."
"Slovakia","1982","...","..."
"Slovakia","1983","...","..."
"Slovakia","1984","...","..."
"Slovakia","1985","...","..."
"Slovakia","1986","...","..."
"Slovakia","1987","...","..."
"Slovakia","1988","...","..."
"Slovakia","1989","...","..."
"Slovakia","1990","US$","17068606850.514046"
"Slovakia","1991","US$","11953956942.006659"
"Slovakia","1992","US$","12995322120.376816"
"Slovakia","1993","US$","13991970787.124746"
"Slovakia","1994","US$","16187818590.225168"
"Slovakia","1995","US$","20305810304.83982"
"Slovakia","1996","US$","21865023534.869305"
"Slovakia","1997","US$","22026619291.432175"
"Slovakia","1998","US$","22911437453.515938"
"Slovakia","1999","US$","20840677286.033775"
"Slovakia","2000","US$","20700393913.855698"
"Slovakia","2001","US$","21374133930.05182"
"Slovakia","2002","US$","24772650658.783173"
"Slovakia","2003","US$","33761800455.31695"
"Slovakia","2004","US$","42958177805.81422"
"Slovakia","2005","US$","48829693580.26324"
"Slovakia","2006","US$","57162591875.005264"
"Slovakia","2007","US$","77077662772.80899"
"Slovakia","2008","US$","96685417427.99504"
"Slovakia","2009","US$","89342984697.52455"
"Slovakia","2010","US$","91112160800.76901"
"Slovakia","2011","US$","99705104723.43474"
"Slovakia","2012","US$","94724394278.05197"
"Slovakia","2013","US$","99134277850.34264"
"Slovakia","2014","US$","101713075598.86076"
"Slovakia","2015","US$","89178548717.33238"
"Slovakia","2016","US$","90347173228.63812"
"Slovakia","2017","US$","95978130734.97751"
"Slovakia","2018","US$","106611673364.83488"
"Slovakia","2019","US$","105843498304.09206"
"Slovakia","2020","US$","107732602896.43892"
"Slovakia","2021","US$","120592216208.38567"
"Slovakia","2022","US$","115928615553.28644"
"Slovakia","2023","US$","132908336234.29451"
"Slovenia","1970","...","..."
"Slovenia","1971","...","..."
"Slovenia","1972","...","..."
"Slovenia","1973","...","..."
"Slovenia","1974","...","..."
"Slovenia","1975","...","..."
"Slovenia","1976","...","..."
"Slovenia","1977","...","..."
"Slovenia","1978","...","..."
"Slovenia","1979","...","..."
"Slovenia","1980","...","..."
"Slovenia","1981","...","..."
"Slovenia","1982","...","..."
"Slovenia","1983","...","..."
"Slovenia","1984","...","..."
"Slovenia","1985","...","..."
"Slovenia","1986","...","..."
"Slovenia","1987","...","..."
"Slovenia","1988","...","..."
"Slovenia","1989","...","..."
"Slovenia","1990","US$","18196699282.685516"
"Slovenia","1991","US$","13267064632.660166"
"Slovenia","1992","US$","13110205249.691954"
"Slovenia","1993","US$","13266953605.2989"
"Slovenia","1994","US$","15060092362.34113"
"Slovenia","1995","US$","21368770230.574413"
"Slovenia","1996","US$","21468219218.34767"
"Slovenia","1997","US$","20727886313.214325"
"Slovenia","1998","US$","22056548252.306072"
"Slovenia","1999","US$","22609388799.033424"
"Slovenia","2000","US$","20160766286.712387"
"Slovenia","2001","US$","20669420872.64806"
"Slovenia","2002","US$","23213712756.200916"
"Slovenia","2003","US$","29361586678.831364"
"Slovenia","2004","US$","34156884910.67545"
"Slovenia","2005","US$","35945895292.6027"
"Slovenia","2006","US$","39258064155.8435"
"Slovenia","2007","US$","47880266542.57735"
"Slovenia","2008","US$","55509332322.3578"
"Slovenia","2009","US$","49975540954.84645"
"Slovenia","2010","US$","47793117240.90123"
"Slovenia","2011","US$","51199194599.3098"
"Slovenia","2012","US$","46167053954.33673"
"Slovenia","2013","US$","47867056858.889534"
"Slovenia","2014","US$","49514466379.60492"
"Slovenia","2015","US$","42709468274.81365"
"Slovenia","2016","US$","44290685824.06943"
"Slovenia","2017","US$","48153200134.6617"
"Slovenia","2018","US$","53689067639.91665"
"Slovenia","2019","US$","53909922735.544044"
"Slovenia","2020","US$","53384760135.15721"
"Slovenia","2021","US$","61529280461.09203"
"Slovenia","2022","US$","59927702746.28428"
"Slovenia","2023","US$","69148468417.32083"
"Solomon Islands","1970","US$","32032005.128964666"
"Solomon Islands","1971","US$","34595543.052846484"
"Solomon Islands","1972","US$","37740355.95096185"
"Solomon Islands","1973","US$","50560001.154934965"
"Solomon Islands","1974","US$","72913709.99475576"
"Solomon Islands","1975","US$","64801885.145749666"
"Solomon Islands","1976","US$","72102165.10173741"
"Solomon Islands","1977","US$","81502153.06141303"
"Solomon Islands","1978","US$","98207728.04013777"
"Solomon Islands","1979","US$","130143929.90204352"
"Solomon Islands","1980","US$","143523850.12476078"
"Solomon Islands","1981","US$","161578312.00067538"
"Solomon Islands","1982","US$","163216234.02479288"
"Solomon Islands","1983","US$","123110858.66250058"
"Solomon Islands","1984","US$","174057756.94139948"
"Solomon Islands","1985","US$","159984692.6321933"
"Solomon Islands","1986","US$","144989951.20537782"
"Solomon Islands","1987","US$","146159445.91193637"
"Solomon Islands","1988","US$","176229081.80006534"
"Solomon Islands","1989","US$","167622979.11617082"
"Solomon Islands","1990","US$","208123801.3010212"
"Solomon Islands","1991","US$","220388617.73643982"
"Solomon Islands","1992","US$","260612683.99303302"
"Solomon Islands","1993","US$","282708716.7475325"
"Solomon Islands","1994","US$","319776789.2182309"
"Solomon Islands","1995","US$","376576786.7524003"
"Solomon Islands","1996","US$","429993205.5808567"
"Solomon Islands","1997","US$","449756607.9639843"
"Solomon Islands","1998","US$","407606705.77642757"
"Solomon Islands","1999","US$","446398122.4195926"
"Solomon Islands","2000","US$","410144956.2506338"
"Solomon Islands","2001","US$","419053475.450218"
"Solomon Islands","2002","US$","354150567.0303141"
"Solomon Islands","2003","US$","417666651.9230701"
"Solomon Islands","2004","US$","468000126.15288985"
"Solomon Islands","2005","US$","552881359.5220876"
"Solomon Islands","2006","US$","617257425.0685827"
"Solomon Islands","2007","US$","695291213.1468897"
"Solomon Islands","2008","US$","776335559.3223982"
"Solomon Islands","2009","US$","805557326.7673969"
"Solomon Islands","2010","US$","898128507.8849313"
"Solomon Islands","2011","US$","1063898221.4813021"
"Solomon Islands","2012","US$","1185217664.9860125"
"Solomon Islands","2013","US$","1285905941.1193194"
"Solomon Islands","2014","US$","1335576696.3693006"
"Solomon Islands","2015","US$","1307908823.0268843"
"Solomon Islands","2016","US$","1379486300.1278005"
"Solomon Islands","2017","US$","1469790453.3074124"
"Solomon Islands","2018","US$","1615473275.030942"
"Solomon Islands","2019","US$","1619150504.9309313"
"Solomon Islands","2020","US$","1536143444.3581285"
"Solomon Islands","2021","US$","1522805001.9570284"
"Solomon Islands","2022","US$","1566358310.4940903"
"Solomon Islands","2023","US$","1633316907.158965"
"Somalia","1970","US$","341025549.696498"
"Somalia","1971","US$","347039429.2078349"
"Somalia","1972","US$","447883941.2543305"
"Somalia","1973","US$","483699610.6795669"
"Somalia","1974","US$","572504035.992455"
"Somalia","1975","US$","757015878.9129493"
"Somalia","1976","US$","871344245.2535893"
"Somalia","1977","US$","444012843.3416385"
"Somalia","1978","US$","502805810.92422867"
"Somalia","1979","US$","517367167.5300794"
"Somalia","1980","US$","574215512.2642024"
"Somalia","1981","US$","667922304.1399871"
"Somalia","1982","US$","728812579.0093844"
"Somalia","1983","US$","669683910.1595963"
"Somalia","1984","US$","716503969.9144046"
"Somalia","1985","US$","809605247.1747049"
"Somalia","1986","US$","808186440.0104743"
"Somalia","1987","US$","911755691.96772"
"Somalia","1988","US$","976155006.373057"
"Somalia","1989","US$","1053053701.3371885"
"Somalia","1990","US$","1117894053.5104537"
"Somalia","1991","US$","717974929.7560526"
"Somalia","1992","US$","709297578.4938636"
"Somalia","1993","US$","1260132955.7972496"
"Somalia","1994","US$","1481205098.0534449"
"Somalia","1995","US$","1534756134.5570307"
"Somalia","1996","US$","1792234297.3846712"
"Somalia","1997","US$","2191749013.483242"
"Somalia","1998","US$","2962047564.4171906"
"Somalia","1999","US$","3045751527.6255474"
"Somalia","2000","US$","3412797450.206133"
"Somalia","2001","US$","2252847464.7311716"
"Somalia","2002","US$","2192684134.557777"
"Somalia","2003","US$","2836724351.509604"
"Somalia","2004","US$","3859592813.1911283"
"Somalia","2005","US$","4683246454.09832"
"Somalia","2006","US$","5026743281.924104"
"Somalia","2007","US$","5430713728.888518"
"Somalia","2008","US$","5913620292.903721"
"Somalia","2009","US$","2948594552.4121265"
"Somalia","2010","US$","2687807003.719074"
"Somalia","2011","US$","2906000096.893454"
"Somalia","2012","US$","4041702388.906268"
"Somalia","2013","US$","4920027960.820225"
"Somalia","2014","US$","5807617395.017842"
"Somalia","2015","US$","6627605977.21919"
"Somalia","2016","US$","7391000000.000002"
"Somalia","2017","US$","8252000000.000017"
"Somalia","2018","US$","7873000000"
"Somalia","2019","US$","8655000000"
"Somalia","2020","US$","8628000000"
"Somalia","2021","US$","9484000000"
"Somalia","2022","US$","10203000000"
"Somalia","2023","US$","10969000000"
"South Africa","1970","US$","18656436461.487984"
"South Africa","1971","US$","20591362821.43156"
"South Africa","1972","US$","21620590855.87401"
"South Africa","1973","US$","29635319023.33375"
"South Africa","1974","US$","37223447010.13125"
"South Africa","1975","US$","38493019666.29564"
"South Africa","1976","US$","36959082762.611664"
"South Africa","1977","US$","41048208457.6059"
"South Africa","1978","US$","47224429659.78528"
"South Africa","1979","US$","58276503953.97734"
"South Africa","1980","US$","83912539371.4637"
"South Africa","1981","US$","86252098057.53023"
"South Africa","1982","US$","79121411434.97841"
"South Africa","1983","US$","88229549693.97485"
"South Africa","1984","US$","78093503778.45753"
"South Africa","1985","US$","59647666509.8295"
"South Africa","1986","US$","68114593938.68142"
"South Africa","1987","US$","89366053281.70804"
"South Africa","1988","US$","96056287125.72314"
"South Africa","1989","US$","99975421719.21634"
"South Africa","1990","US$","116699341348.4027"
"South Africa","1991","US$","128644678306.89363"
"South Africa","1992","US$","143433052615.62207"
"South Africa","1993","US$","147194766344.8195"
"South Africa","1994","US$","153512697967.07703"
"South Africa","1995","US$","171735933907.5318"
"South Africa","1996","US$","163234919047.0882"
"South Africa","1997","US$","168978069554.61496"
"South Africa","1998","US$","152982979936.23993"
"South Africa","1999","US$","151516952939.0983"
"South Africa","2000","US$","151752749919.1263"
"South Africa","2001","US$","135429908545.03488"
"South Africa","2002","US$","129087560693.86569"
"South Africa","2003","US$","197018960961.75906"
"South Africa","2004","US$","255806928387.69028"
"South Africa","2005","US$","288867202056.87354"
"South Africa","2006","US$","303858667879.5188"
"South Africa","2007","US$","333077117247.8644"
"South Africa","2008","US$","316131245859.2292"
"South Africa","2009","US$","329754054492.74896"
"South Africa","2010","US$","417363825021.61285"
"South Africa","2011","US$","458199486475.61786"
"South Africa","2012","US$","434396913954.81683"
"South Africa","2013","US$","400684385533.4015"
"South Africa","2014","US$","380908893420.86884"
"South Africa","2015","US$","346486125394.3521"
"South Africa","2016","US$","323567671624.5494"
"South Africa","2017","US$","381136716378.6647"
"South Africa","2018","US$","405260711508.9518"
"South Africa","2019","US$","389330030743.537"
"South Africa","2020","US$","338291409016.38324"
"South Africa","2021","US$","420117806382.735"
"South Africa","2022","US$","405270838094.30664"
"South Africa","2023","US$","377781597328.41394"
"South America","1970","US$","116684885613.72609"
"South America","1971","US$","132925623771.85535"
"South America","1972","US$","145936756187.40784"
"South America","1973","US$","184766231719.67178"
"South America","1974","US$","231275755028.76398"
"South America","1975","US$","249118618357.06677"
"South America","1976","US$","283902573161.2566"
"South America","1977","US$","329187777957.6273"
"South America","1978","US$","363961962675.7922"
"South America","1979","US$","423397389269.4782"
"South America","1980","US$","460825896012.88226"
"South America","1981","US$","541414826416.7338"
"South America","1982","US$","556254647588.1898"
"South America","1983","US$","474646953545.8253"
"South America","1984","US$","460271455534.51733"
"South America","1985","US$","460050151811.2505"
"South America","1986","US$","524462151543.2817"
"South America","1987","US$","555819000150.6749"
"South America","1988","US$","621186572936.708"
"South America","1989","US$","656525275960.9852"
"South America","1990","US$","765939800467.6893"
"South America","1991","US$","810367587147.4575"
"South America","1992","US$","867533298454.2037"
"South America","1993","US$","934013637198.4579"
"South America","1994","US$","1170139784566.7705"
"South America","1995","US$","1425803502321.144"
"South America","1996","US$","1531011781276.828"
"South America","1997","US$","1630053799437.0955"
"South America","1998","US$","1607155531182.7231"
"South America","1999","US$","1296001801018.0146"
"South America","2000","US$","1370181342005.3787"
"South America","2001","US$","1258126363668.2512"
"South America","2002","US$","995128592041.9906"
"South America","2003","US$","1074184319511.0148"
"South America","2004","US$","1301485109717.9045"
"South America","2005","US$","1664433894551.8572"
"South America","2006","US$","2025296793130.653"
"South America","2007","US$","2508134409184.387"
"South America","2008","US$","3059263448418.7153"
"South America","2009","US$","2996065990896.6504"
"South America","2010","US$","3843392466220.7"
"South America","2011","US$","4414333641387.344"
"South America","2012","US$","4468537908979.817"
"South America","2013","US$","4553411059048.338"
"South America","2014","US$","4473884611165.344"
"South America","2015","US$","3749476148471.3354"
"South America","2016","US$","3597933388997.168"
"South America","2017","US$","4007753098894.4585"
"South America","2018","US$","3759198711036.411"
"South America","2019","US$","3557903069848.268"
"South America","2020","US$","2924593850964.147"
"South America","2021","US$","3389477277566.796"
"South America","2022","US$","3899068223780.6235"
"South America","2023","US$","4247891302561.25"
"South Sudan","1970","...","..."
"South Sudan","1971","...","..."
"South Sudan","1972","...","..."
"South Sudan","1973","...","..."
"South Sudan","1974","...","..."
"South Sudan","1975","...","..."
"South Sudan","1976","...","..."
"South Sudan","1977","...","..."
"South Sudan","1978","...","..."
"South Sudan","1979","...","..."
"South Sudan","1980","...","..."
"South Sudan","1981","...","..."
"South Sudan","1982","...","..."
"South Sudan","1983","...","..."
"South Sudan","1984","...","..."
"South Sudan","1985","...","..."
"South Sudan","1986","...","..."
"South Sudan","1987","...","..."
"South Sudan","1988","...","..."
"South Sudan","1989","...","..."
"South Sudan","1990","...","..."
"South Sudan","1991","...","..."
"South Sudan","1992","...","..."
"South Sudan","1993","...","..."
"South Sudan","1994","...","..."
"South Sudan","1995","...","..."
"South Sudan","1996","...","..."
"South Sudan","1997","...","..."
"South Sudan","1998","...","..."
"South Sudan","1999","...","..."
"South Sudan","2000","...","..."
"South Sudan","2001","...","..."
"South Sudan","2002","...","..."
"South Sudan","2003","...","..."
"South Sudan","2004","...","..."
"South Sudan","2005","...","..."
"South Sudan","2006","...","..."
"South Sudan","2007","...","..."
"South Sudan","2008","US$","14453648701.034597"
"South Sudan","2009","US$","11590968056.657898"
"South Sudan","2010","US$","14924990281.665825"
"South Sudan","2011","US$","17192591465.56483"
"South Sudan","2012","US$","8874498842.711864"
"South Sudan","2013","US$","12724466341.016949"
"South Sudan","2014","US$","14943981356.610168"
"South Sudan","2015","US$","7069484393.063577"
"South Sudan","2016","US$","3276390548.3727126"
"South Sudan","2017","US$","3571367605.9746146"
"South Sudan","2018","US$","3793548099.12455"
"South Sudan","2019","US$","4294999803.480836"
"South Sudan","2020","US$","4205915782.30582"
"South Sudan","2021","US$","4290383829.3359904"
"South Sudan","2022","US$","4357927300.15992"
"South Sudan","2023","US$","4629151564.070699"
"South-Eastern Asia","1970","US$","37750132486.38127"
"South-Eastern Asia","1971","US$","40469437125.21921"
"South-Eastern Asia","1972","US$","45481604349.05627"
"South-Eastern Asia","1973","US$","61595735106.27055"
"South-Eastern Asia","1974","US$","84623734717.56104"
"South-Eastern Asia","1975","US$","93127377912.94012"
"South-Eastern Asia","1976","US$","109220763086.41075"
"South-Eastern Asia","1977","US$","129048318426.86212"
"South-Eastern Asia","1978","US$","150054617791.31256"
"South-Eastern Asia","1979","US$","167816719267.15497"
"South-Eastern Asia","1980","US$","207276898248.75223"
"South-Eastern Asia","1981","US$","238125419823.36523"
"South-Eastern Asia","1982","US$","248233363107.2483"
"South-Eastern Asia","1983","US$","243279247393.7042"
"South-Eastern Asia","1984","US$","252874675843.44495"
"South-Eastern Asia","1985","US$","244692698347.7259"
"South-Eastern Asia","1986","US$","233317287627.68597"
"South-Eastern Asia","1987","US$","248150345267.16342"
"South-Eastern Asia","1988","US$","288304770237.8317"
"South-Eastern Asia","1989","US$","329317043733.8342"
"South-Eastern Asia","1990","US$","373839198872.29846"
"South-Eastern Asia","1991","US$","417882876618.1797"
"South-Eastern Asia","1992","US$","474114966218.1017"
"South-Eastern Asia","1993","US$","531290997019.866"
"South-Eastern Asia","1994","US$","607150415635.752"
"South-Eastern Asia","1995","US$","705930789990.2532"
"South-Eastern Asia","1996","US$","785006121679.9159"
"South-Eastern Asia","1997","US$","743874351211.7668"
"South-Eastern Asia","1998","US$","499850976648.2699"
"South-Eastern Asia","1999","US$","587301696248.6957"
"South-Eastern Asia","2000","US$","626686753068.423"
"South-Eastern Asia","2001","US$","605596058293.0453"
"South-Eastern Asia","2002","US$","679117578859.2068"
"South-Eastern Asia","2003","US$","761627628548.0995"
"South-Eastern Asia","2004","US$","858612916718.2277"
"South-Eastern Asia","2005","US$","963139761518.8733"
"South-Eastern Asia","2006","US$","1157523234777.5117"
"South-Eastern Asia","2007","US$","1385735043072.679"
"South-Eastern Asia","2008","US$","1615592670027.797"
"South-Eastern Asia","2009","US$","1621355666314.9631"
"South-Eastern Asia","2010","US$","2023678728783.6648"
"South-Eastern Asia","2011","US$","2350345105944.391"
"South-Eastern Asia","2012","US$","2491645979368.816"
"South-Eastern Asia","2013","US$","2574615011601.3066"
"South-Eastern Asia","2014","US$","2602184556144.5225"
"South-Eastern Asia","2015","US$","2532740164141.0503"
"South-Eastern Asia","2016","US$","2660244840726.6055"
"South-Eastern Asia","2017","US$","2868551437355.058"
"South-Eastern Asia","2018","US$","3076990907437.252"
"South-Eastern Asia","2019","US$","3258366781516.473"
"South-Eastern Asia","2020","US$","3102500554037.8003"
"South-Eastern Asia","2021","US$","3431731939413.66"
"South-Eastern Asia","2022","US$","3674931837689.6123"
"South-Eastern Asia","2023","US$","3791179704404.663"
"Southern Africa","1970","US$","19562515158.16135"
"Southern Africa","1971","US$","21624425898.675842"
"Southern Africa","1972","US$","22713597953.334858"
"Southern Africa","1973","US$","31074206472.49962"
"Southern Africa","1974","US$","39002926763.89306"
"Southern Africa","1975","US$","40444062142.4336"
"Southern Africa","1976","US$","38895117768.31868"
"Southern Africa","1977","US$","43285026109.28289"
"Southern Africa","1978","US$","49849641806.13259"
"Southern Africa","1979","US$","61483510803.32959"
"Southern Africa","1980","US$","88407326442.94292"
"Southern Africa","1981","US$","90787217377.91719"
"Southern Africa","1982","US$","83307132588.51884"
"Southern Africa","1983","US$","92726353389.80482"
"Southern Africa","1984","US$","82080340870.22926"
"Southern Africa","1985","US$","62908736542.72402"
"Southern Africa","1986","US$","72032945823.25053"
"Southern Africa","1987","US$","94522262114.9598"
"Southern Africa","1988","US$","101865858093.03496"
"Southern Africa","1989","US$","107118761089.80754"
"Southern Africa","1990","US$","125052842941.15906"
"Southern Africa","1991","US$","137494147794.84894"
"Southern Africa","1992","US$","153191515844.18167"
"Southern Africa","1993","US$","156801425105.7006"
"Southern Africa","1994","US$","163827509870.11533"
"Southern Africa","1995","US$","183240176518.68835"
"Southern Africa","1996","US$","174760573779.08994"
"Southern Africa","1997","US$","181054440235.50046"
"Southern Africa","1998","US$","164275010826.8176"
"Southern Africa","1999","US$","163454679176.1432"
"Southern Africa","2000","US$","164023003021.63983"
"Southern Africa","2001","US$","146772078456.45654"
"Southern Africa","2002","US$","139984180338.32126"
"Southern Africa","2003","US$","212622719532.42224"
"Southern Africa","2004","US$","275341027820.87317"
"Southern Africa","2005","US$","310499503336.0094"
"Southern Africa","2006","US$","326593911926.0218"
"Southern Africa","2007","US$","357634397074.8432"
"Southern Africa","2008","US$","340530486290.0415"
"Southern Africa","2009","US$","354132682710.43176"
"Southern Africa","2010","US$","448105596662.5451"
"Southern Africa","2011","US$","493232939043.40643"
"Southern Africa","2012","US$","468711295331.55206"
"Southern Africa","2013","US$","433962658603.3218"
"Southern Africa","2014","US$","415678461140.87213"
"Southern Africa","2015","US$","377770941759.54034"
"Southern Africa","2016","US$","355302771772.3537"
"Southern Africa","2017","US$","416840957811.46"
"Southern Africa","2018","US$","443199657431.68"
"Southern Africa","2019","US$","425453681412.3294"
"Southern Africa","2020","US$","369841121737.55164"
"Southern Africa","2021","US$","458270132945.3973"
"Southern Africa","2022","US$","445026941786.7206"
"Southern Africa","2023","US$","416219880681.80194"
"Southern Asia","1970","US$","98442703690.32043"
"Southern Asia","1971","US$","106070804745.31323"
"Southern Asia","1972","US$","110531325556.85475"
"Southern Asia","1973","US$","136073233534.65973"
"Southern Asia","1974","US$","172074197858.35657"
"Southern Asia","1975","US$","185726677361.48294"
"Southern Asia","1976","US$","205984626428.5484"
"Southern Asia","1977","US$","238781557065.89313"
"Southern Asia","1978","US$","260112133929.87662"
"Southern Asia","1979","US$","292924959330.2365"
"Southern Asia","1980","US$","341221688849.2153"
"Southern Asia","1981","US$","367279767082.2553"
"Southern Asia","1982","US$","394656145572.8971"
"Southern Asia","1983","US$","445120498864.5975"
"Southern Asia","1984","US$","458294416029.7794"
"Southern Asia","1985","US$","377582757886.5389"
"Southern Asia","1986","US$","400574405638.5958"
"Southern Asia","1987","US$","446951855274.86914"
"Southern Asia","1988","US$","489686772562.3082"
"Southern Asia","1989","US$","486632700715.9748"
"Southern Asia","1990","US$","522651464576.21466"
"Southern Asia","1991","US$","500287058097.0564"
"Southern Asia","1992","US$","516261169903.0427"
"Southern Asia","1993","US$","519662638313.1151"
"Southern Asia","1994","US$","563532666564.5498"
"Southern Asia","1995","US$","625198526711.1455"
"Southern Asia","1996","US$","664773614166.4124"
"Southern Asia","1997","US$","695358034825.332"
"Southern Asia","1998","US$","701777037122.7799"
"Southern Asia","1999","US$","745264280987.4531"
"Southern Asia","2000","US$","758915153751.619"
"Southern Asia","2001","US$","778201941481.4951"
"Southern Asia","2002","US$","842296370281.6571"
"Southern Asia","2003","US$","955132378421.8063"
"Southern Asia","2004","US$","1118473846640.2021"
"Southern Asia","2005","US$","1300107697848.1394"
"Southern Asia","2006","US$","1493882764754.5461"
"Southern Asia","2007","US$","1873689451167.8438"
"Southern Asia","2008","US$","2046815239959.0422"
"Southern Asia","2009","US$","2121613782100.3093"
"Southern Asia","2010","US$","2606709611963.382"
"Southern Asia","2011","US$","2996672946359.741"
"Southern Asia","2012","US$","3007995185872.1436"
"Southern Asia","2013","US$","3038270821756.703"
"Southern Asia","2014","US$","3122479963119.454"
"Southern Asia","2015","US$","3222638414391.7925"
"Southern Asia","2016","US$","3470859581437.7534"
"Southern Asia","2017","US$","3904395235848.058"
"Southern Asia","2018","US$","3871439635588.668"
"Southern Asia","2019","US$","3959590319953.92"
"Southern Asia","2020","US$","3817116320621.587"
"Southern Asia","2021","US$","4456703713575.042"
"Southern Asia","2022","US$","4722333459838.239"
"Southern Asia","2023","US$","4850543613902.687"
"Southern Europe","1970","US$","192943118946.70163"
"Southern Europe","1971","US$","213743380524.57764"
"Southern Europe","1972","US$","251998451976.7862"
"Southern Europe","1973","US$","316227648542.30927"
"Southern Europe","1974","US$","372748938516.7167"
"Southern Europe","1975","US$","427246597779.04224"
"Southern Europe","1976","US$","435985209390.88214"
"Southern Europe","1977","US$","497218332039.06287"
"Southern Europe","1978","US$","602026212670.3243"
"Southern Europe","1979","US$","761769682623.021"
"Southern Europe","1980","US$","874169543920.2356"
"Southern Europe","1981","US$","791208170912.5885"
"Southern Europe","1982","US$","775657252333.365"
"Southern Europe","1983","US$","759469551628.1144"
"Southern Europe","1984","US$","756633264471.5259"
"Southern Europe","1985","US$","785763905547.7338"
"Southern Europe","1986","US$","1071686026055.7074"
"Southern Europe","1987","US$","1329156893868.6736"
"Southern Europe","1988","US$","1494833236991.29"
"Southern Europe","1989","US$","1585016038380.4988"
"Southern Europe","1990","US$","1990504777946.2969"
"Southern Europe","1991","US$","2100072293356.7664"
"Southern Europe","1992","US$","2244534997658.0444"
"Southern Europe","1993","US$","1854083353707.1826"
"Southern Europe","1994","US$","1913748387782.2585"
"Southern Europe","1995","US$","2127119578079.1624"
"Southern Europe","1996","US$","2309466481309.9746"
"Southern Europe","1997","US$","2175288178030.9446"
"Southern Europe","1998","US$","2241392269164.5605"
"Southern Europe","1999","US$","2239940104394.9688"
"Southern Europe","2000","US$","2067321214031.7876"
"Southern Europe","2001","US$","2134340007284.1274"
"Southern Europe","2002","US$","2369917435899.792"
"Southern Europe","2003","US$","2973368118251.0835"
"Southern Europe","2004","US$","3448927976323.106"
"Southern Europe","2005","US$","3611650800296.196"
"Southern Europe","2006","US$","3868384112172.0205"
"Southern Europe","2007","US$","4463060920822.683"
"Southern Europe","2008","US$","4914651414277.534"
"Southern Europe","2009","US$","4499505732689.373"
"Southern Europe","2010","US$","4321059071863.0024"
"Southern Europe","2011","US$","4555744937988.438"
"Southern Europe","2012","US$","4095617249010.6387"
"Southern Europe","2013","US$","4203256889547.922"
"Southern Europe","2014","US$","4244707762322.121"
"Southern Europe","2015","US$","3641824407756.909"
"Southern Europe","2016","US$","3734275236823.1357"
"Southern Europe","2017","US$","3936005396441.342"
"Southern Europe","2018","US$","4236193886840.722"
"Southern Europe","2019","US$","4121457480655.418"
"Southern Europe","2020","US$","3863911226034.0137"
"Southern Europe","2021","US$","4404336461575.236"
"Southern Europe","2022","US$","4317355553630.0425"
"Southern Europe","2023","US$","4794608004396.189"
"Spain","1970","US$","40962890186.32282"
"Spain","1971","US$","46584435394.03849"
"Spain","1972","US$","59093389402.82139"
"Spain","1973","US$","78594542301.05399"
"Spain","1974","US$","97203724267.98651"
"Spain","1975","US$","114687575289.92326"
"Spain","1976","US$","118424116516.91943"
"Spain","1977","US$","132343123807.14845"
"Spain","1978","US$","160490904960.7191"
"Spain","1979","US$","214433051599.2753"
"Spain","1980","US$","232580479034.90857"
"Spain","1981","US$","202675663961.7667"
"Spain","1982","US$","195866574666.9656"
"Spain","1983","US$","170822899162.17383"
"Spain","1984","US$","171981210908.7482"
"Spain","1985","US$","180666881998.33307"
"Spain","1986","US$","251139261186.6882"
"Spain","1987","US$","318511785314.67145"
"Spain","1988","US$","375891733892.6098"
"Spain","1989","US$","414481704274.4256"
"Spain","1990","US$","536144539178.6982"
"Spain","1991","US$","576734329657.8151"
"Spain","1992","US$","630454407176.1294"
"Spain","1993","US$","524734524809.54333"
"Spain","1994","US$","530181330845.09985"
"Spain","1995","US$","614173294949.8352"
"Spain","1996","US$","642292374807.1486"
"Spain","1997","US$","589764148248.6326"
"Spain","1998","US$","618742491768.3993"
"Spain","1999","US$","634394904386.8442"
"Spain","2000","US$","598102854756.0742"
"Spain","2001","US$","627798682378.769"
"Spain","2002","US$","708938227243.9229"
"Spain","2003","US$","907963217057.677"
"Spain","2004","US$","1069829382514.6573"
"Spain","2005","US$","1154667551775.8374"
"Spain","2006","US$","1261846683275.2827"
"Spain","2007","US$","1476746276854.5247"
"Spain","2008","US$","1636115447612.4995"
"Spain","2009","US$","1496587590847.6553"
"Spain","2010","US$","1427989078916.7034"
"Spain","2011","US$","1487568659241.2583"
"Spain","2012","US$","1330994811670.3127"
"Spain","2013","US$","1362186923157.6619"
"Spain","2014","US$","1380244561361.9338"
"Spain","2015","US$","1206164777553.1243"
"Spain","2016","US$","1243015667917.158"
"Spain","2017","US$","1321754088818.8376"
"Spain","2018","US$","1431642809327.0322"
"Spain","2019","US$","1403496387686.247"
"Spain","2020","US$","1289783836971.1877"
"Spain","2021","US$","1461244901852.6897"
"Spain","2022","US$","1446498147749.033"
"Spain","2023","US$","1620090734956.8914"
"Sri Lanka","1970","US$","2815130071.897149"
"Sri Lanka","1971","US$","2881312509.5298715"
"Sri Lanka","1972","US$","3218597319.4761558"
"Sri Lanka","1973","US$","3502373691.6052127"
"Sri Lanka","1974","US$","4358964298.516553"
"Sri Lanka","1975","US$","4509822193.588917"
"Sri Lanka","1976","US$","4290637978.237411"
"Sri Lanka","1977","US$","4854356293.431586"
"Sri Lanka","1978","US$","3326572048.0685873"
"Sri Lanka","1979","US$","4062258961.932132"
"Sri Lanka","1980","US$","4890608251.5427"
"Sri Lanka","1981","US$","5196966964.775632"
"Sri Lanka","1982","US$","5544973228.149046"
"Sri Lanka","1983","US$","5994836426.750232"
"Sri Lanka","1984","US$","6853904410.944119"
"Sri Lanka","1985","US$","6872669829.132264"
"Sri Lanka","1986","US$","7282870925.686726"
"Sri Lanka","1987","US$","7588153682.031602"
"Sri Lanka","1988","US$","8138939271.286755"
"Sri Lanka","1989","US$","8148459901.036846"
"Sri Lanka","1990","US$","9389550989.605925"
"Sri Lanka","1991","US$","10574578682.06374"
"Sri Lanka","1992","US$","11386333003.898619"
"Sri Lanka","1993","US$","12236614880.46868"
"Sri Lanka","1994","US$","13868489459.259863"
"Sri Lanka","1995","US$","15293042421.790262"
"Sri Lanka","1996","US$","16514981826.157871"
"Sri Lanka","1997","US$","17872670899.85601"
"Sri Lanka","1998","US$","18568153866.08937"
"Sri Lanka","1999","US$","18442306336.33678"
"Sri Lanka","2000","US$","19131796458.32192"
"Sri Lanka","2001","US$","18364211053.140457"
"Sri Lanka","2002","US$","19572831561.72721"
"Sri Lanka","2003","US$","21609196009.160057"
"Sri Lanka","2004","US$","23646374864.00873"
"Sri Lanka","2005","US$","27931971937.571964"
"Sri Lanka","2006","US$","32580197227.910385"
"Sri Lanka","2007","US$","37517325862.508804"
"Sri Lanka","2008","US$","47530606371.32061"
"Sri Lanka","2009","US$","49435850899.604546"
"Sri Lanka","2010","US$","58636160848.88782"
"Sri Lanka","2011","US$","67753284135.40731"
"Sri Lanka","2012","US$","70447217163.77348"
"Sri Lanka","2013","US$","77000578207.22821"
"Sri Lanka","2014","US$","82528535572.91057"
"Sri Lanka","2015","US$","85140955516.65477"
"Sri Lanka","2016","US$","88012281909.79341"
"Sri Lanka","2017","US$","94376237831.814"
"Sri Lanka","2018","US$","94493871351.45862"
"Sri Lanka","2019","US$","89014978318.81851"
"Sri Lanka","2020","US$","84440537135.18759"
"Sri Lanka","2021","US$","88609317392.6129"
"Sri Lanka","2022","US$","74585632433.16965"
"Sri Lanka","2023","US$","84363706601.56815"
"State of Palestine","1970","US$","177351765"
"State of Palestine","1971","US$","203508476"
"State of Palestine","1972","US$","295349517"
"State of Palestine","1973","US$","368223892"
"State of Palestine","1974","US$","576733002"
"State of Palestine","1975","US$","578942448"
"State of Palestine","1976","US$","680264614"
"State of Palestine","1977","US$","700446989"
"State of Palestine","1978","US$","728337644"
"State of Palestine","1979","US$","846107296"
"State of Palestine","1980","US$","1073980249"
"State of Palestine","1981","US$","991661360"
"State of Palestine","1982","US$","1054084858"
"State of Palestine","1983","US$","1093711709"
"State of Palestine","1984","US$","1076050329"
"State of Palestine","1985","US$","1004702951"
"State of Palestine","1986","US$","1612806022"
"State of Palestine","1987","US$","1778518685"
"State of Palestine","1988","US$","1876876251"
"State of Palestine","1989","US$","1783015176"
"State of Palestine","1990","US$","1935843863"
"State of Palestine","1991","US$","2086781015"
"State of Palestine","1992","US$","2573316615"
"State of Palestine","1993","US$","2771980343"
"State of Palestine","1994","US$","2843300000"
"State of Palestine","1995","US$","3282800000"
"State of Palestine","1996","US$","3409600000"
"State of Palestine","1997","US$","3759800000"
"State of Palestine","1998","US$","4067800000"
"State of Palestine","1999","US$","4271200000"
"State of Palestine","2000","US$","4313600000"
"State of Palestine","2001","US$","4003700000"
"State of Palestine","2002","US$","3555800000"
"State of Palestine","2003","US$","3968000000"
"State of Palestine","2004","US$","4603100000"
"State of Palestine","2005","US$","5125700000"
"State of Palestine","2006","US$","5348300000"
"State of Palestine","2007","US$","5815700000"
"State of Palestine","2008","US$","7310400000"
"State of Palestine","2009","US$","8085700000"
"State of Palestine","2010","US$","9681500000"
"State of Palestine","2011","US$","11186100000"
"State of Palestine","2012","US$","12208400000"
"State of Palestine","2013","US$","13515500000"
"State of Palestine","2014","US$","13989700000"
"State of Palestine","2015","US$","13972400000"
"State of Palestine","2016","US$","15405400000"
"State of Palestine","2017","US$","16128000000"
"State of Palestine","2018","US$","16276600000"
"State of Palestine","2019","US$","17133500000"
"State of Palestine","2020","US$","15531700000"
"State of Palestine","2021","US$","18109000000"
"State of Palestine","2022","US$","19165500000"
"State of Palestine","2023","US$","17396283883"
"Sub-Saharan Africa","1970","US$","91949707475.49048"
"Sub-Saharan Africa","1971","US$","102641101093.40794"
"Sub-Saharan Africa","1972","US$","116133464185.58366"
"Sub-Saharan Africa","1973","US$","140666480053.0475"
"Sub-Saharan Africa","1974","US$","189114191421.4626"
"Sub-Saharan Africa","1975","US$","218406338049.70914"
"Sub-Saharan Africa","1976","US$","241699298825.33594"
"Sub-Saharan Africa","1977","US$","276042042216.45966"
"Sub-Saharan Africa","1978","US$","315153224993.6182"
"Sub-Saharan Africa","1979","US$","373623571477.87164"
"Sub-Saharan Africa","1980","US$","473036853157.641"
"Sub-Saharan Africa","1981","US$","454010398505.4063"
"Sub-Saharan Africa","1982","US$","442580630158.4645"
"Sub-Saharan Africa","1983","US$","444994680851.806"
"Sub-Saharan Africa","1984","US$","425973970674.3987"
"Sub-Saharan Africa","1985","US$","409738374082.5398"
"Sub-Saharan Africa","1986","US$","334813973812.79315"
"Sub-Saharan Africa","1987","US$","306016728494.98065"
"Sub-Saharan Africa","1988","US$","332857564666.3505"
"Sub-Saharan Africa","1989","US$","333993390864.35516"
"Sub-Saharan Africa","1990","US$","372058431210.78455"
"Sub-Saharan Africa","1991","US$","384379359132.39856"
"Sub-Saharan Africa","1992","US$","391607490956.067"
"Sub-Saharan Africa","1993","US$","388138506150.84564"
"Sub-Saharan Africa","1994","US$","363057897496.86584"
"Sub-Saharan Africa","1995","US$","397270781016.8741"
"Sub-Saharan Africa","1996","US$","407899214063.1836"
"Sub-Saharan Africa","1997","US$","421972043373.7227"
"Sub-Saharan Africa","1998","US$","406853376905.17535"
"Sub-Saharan Africa","1999","US$","406276040650.14435"
"Sub-Saharan Africa","2000","US$","411190808149.18054"
"Sub-Saharan Africa","2001","US$","401810474422.4179"
"Sub-Saharan Africa","2002","US$","430016086554.96564"
"Sub-Saharan Africa","2003","US$","543569388863.8479"
"Sub-Saharan Africa","2004","US$","673220973257.3904"
"Sub-Saharan Africa","2005","US$","794613765438.2736"
"Sub-Saharan Africa","2006","US$","921900116251.3363"
"Sub-Saharan Africa","2007","US$","1061241970955.5555"
"Sub-Saharan Africa","2008","US$","1219970262851.671"
"Sub-Saharan Africa","2009","US$","1161561852360.3613"
"Sub-Saharan Africa","2010","US$","1398782220793.084"
"Sub-Saharan Africa","2011","US$","1584462541477.2117"
"Sub-Saharan Africa","2012","US$","1665564861972.981"
"Sub-Saharan Africa","2013","US$","1743386760260.458"
"Sub-Saharan Africa","2014","US$","1842298281683.7834"
"Sub-Saharan Africa","2015","US$","1644579072443.8962"
"Sub-Saharan Africa","2016","US$","1535898479572.484"
"Sub-Saharan Africa","2017","US$","1641245076515.0654"
"Sub-Saharan Africa","2018","US$","1765184788620.8242"
"Sub-Saharan Africa","2019","US$","1813238966950.6768"
"Sub-Saharan Africa","2020","US$","1687118393885.5278"
"Sub-Saharan Africa","2021","US$","1890744327607.4746"
"Sub-Saharan Africa","2022","US$","2018368454351.6243"
"Sub-Saharan Africa","2023","US$","1956820401124.8025"
"Sudan","1970","...","..."
"Sudan","1971","...","..."
"Sudan","1972","...","..."
"Sudan","1973","...","..."
"Sudan","1974","...","..."
"Sudan","1975","...","..."
"Sudan","1976","...","..."
"Sudan","1977","...","..."
"Sudan","1978","...","..."
"Sudan","1979","...","..."
"Sudan","1980","...","..."
"Sudan","1981","...","..."
"Sudan","1982","...","..."
"Sudan","1983","...","..."
"Sudan","1984","...","..."
"Sudan","1985","...","..."
"Sudan","1986","...","..."
"Sudan","1987","...","..."
"Sudan","1988","...","..."
"Sudan","1989","...","..."
"Sudan","1990","...","..."
"Sudan","1991","...","..."
"Sudan","1992","...","..."
"Sudan","1993","...","..."
"Sudan","1994","...","..."
"Sudan","1995","...","..."
"Sudan","1996","...","..."
"Sudan","1997","...","..."
"Sudan","1998","...","..."
"Sudan","1999","...","..."
"Sudan","2000","...","..."
"Sudan","2001","...","..."
"Sudan","2002","...","..."
"Sudan","2003","...","..."
"Sudan","2004","...","..."
"Sudan","2005","...","..."
"Sudan","2006","...","..."
"Sudan","2007","...","..."
"Sudan","2008","US$","49508784349.54454"
"Sudan","2009","US$","48971439613.59101"
"Sudan","2010","US$","54739552605.15532"
"Sudan","2011","US$","68307942577.4174"
"Sudan","2012","US$","62286732516.23894"
"Sudan","2013","US$","63933594510.27258"
"Sudan","2014","US$","78091095022.83472"
"Sudan","2015","US$","83933528709.00067"
"Sudan","2016","US$","97462477267.62065"
"Sudan","2017","US$","122072729884.36954"
"Sudan","2018","US$","48363447289.0599"
"Sudan","2019","US$","35118937306.021065"
"Sudan","2020","US$","34293908444.342102"
"Sudan","2021","US$","35189790411.99974"
"Sudan","2022","US$","37337571201.19313"
"Sudan","2023","US$","34021224203.53942"
"Suriname","1970","US$","356362334.21750665"
"Suriname","1971","US$","389074901.5617403"
"Suriname","1972","US$","424052100.84033614"
"Suriname","1973","US$","465155742.2969188"
"Suriname","1974","US$","561749019.6078432"
"Suriname","1975","US$","637653781.5126051"
"Suriname","1976","US$","692938375.3501401"
"Suriname","1977","US$","878726610.6442578"
"Suriname","1978","US$","1007723249.2997199"
"Suriname","1979","US$","1072324369.7478992"
"Suriname","1980","US$","1089108683.4733894"
"Suriname","1981","US$","1218105322.1288517"
"Suriname","1982","US$","1253933893.557423"
"Suriname","1983","US$","1210638095.2380953"
"Suriname","1984","US$","1183989355.742297"
"Suriname","1985","US$","1196436974.789916"
"Suriname","1986","US$","1220797759.1036415"
"Suriname","1987","US$","1342526050.4201682"
"Suriname","1988","US$","1590551820.7282915"
"Suriname","1989","US$","754238497.7816482"
"Suriname","1990","US$","751786945.4485308"
"Suriname","1991","US$","798533550.1073502"
"Suriname","1992","US$","819801382.1419221"
"Suriname","1993","US$","782987656.6925534"
"Suriname","1994","US$","826815861.824721"
"Suriname","1995","US$","844223262.0160806"
"Suriname","1996","US$","1053312266.3668988"
"Suriname","1997","US$","1128440587.9593427"
"Suriname","1998","US$","1352949124.3800008"
"Suriname","1999","US$","1117458404.360502"
"Suriname","2000","US$","1156661460.4009163"
"Suriname","2001","US$","1021035589.0453352"
"Suriname","2002","US$","1339110029.6154256"
"Suriname","2003","US$","1557921750.7688384"
"Suriname","2004","US$","1805681161.2900846"
"Suriname","2005","US$","2193049197.2929683"
"Suriname","2006","US$","2626451025.0569477"
"Suriname","2007","US$","2936441530.0546446"
"Suriname","2008","US$","3563312490.3460836"
"Suriname","2009","US$","3942377240.07286"
"Suriname","2010","US$","4481826041.705868"
"Suriname","2011","US$","4576029269.277846"
"Suriname","2012","US$","5197312552.121212"
"Suriname","2013","US$","5416395893.333334"
"Suriname","2014","US$","5563824212.727273"
"Suriname","2015","US$","5126238146.341458"
"Suriname","2016","US$","3317421499.7731414"
"Suriname","2017","US$","3591679371.039912"
"Suriname","2018","US$","3996198760.323893"
"Suriname","2019","US$","4254805980.1555376"
"Suriname","2020","US$","4159114877.203259"
"Suriname","2021","US$","3328289787.265145"
"Suriname","2022","US$","3620988028.998333"
"Suriname","2023","US$","3758533893.3684354"
"Sweden","1970","US$","38037589782.98989"
"Sweden","1971","US$","41506585027.81635"
"Sweden","1972","US$","48883563607.17774"
"Sweden","1973","US$","59320203116.221924"
"Sweden","1974","US$","65918020028.70147"
"Sweden","1975","US$","82766348875.85858"
"Sweden","1976","US$","89233712138.36435"
"Sweden","1977","US$","94331988485.09717"
"Sweden","1978","US$","104292707850.39038"
"Sweden","1979","US$","123209421196.9777"
"Sweden","1980","US$","141888534460.76465"
"Sweden","1981","US$","129499342600.53664"
"Sweden","1982","US$","114215891560.042"
"Sweden","1983","US$","104863199546.74745"
"Sweden","1984","US$","109044297258.59048"
"Sweden","1985","US$","113959061363.03906"
"Sweden","1986","US$","150281946585.87094"
"Sweden","1987","US$","182745212859.77704"
"Sweden","1988","US$","206690650139.13483"
"Sweden","1989","US$","217635654272.33435"
"Sweden","1990","US$","261470020392.68158"
"Sweden","1991","US$","273836117382.48508"
"Sweden","1992","US$","283910548664.9688"
"Sweden","1993","US$","212646315161.95944"
"Sweden","1994","US$","228702548091.81476"
"Sweden","1995","US$","267054022221.23065"
"Sweden","1996","US$","291954353511.87213"
"Sweden","1997","US$","268252179439.728"
"Sweden","1998","US$","270890655650.07574"
"Sweden","1999","US$","274319474682.28174"
"Sweden","2000","US$","262903930105.18796"
"Sweden","2001","US$","242498408426.0687"
"Sweden","2002","US$","267372704532.51605"
"Sweden","2003","US$","334073879033.1181"
"Sweden","2004","US$","384547908844.242"
"Sweden","2005","US$","391690940804.70544"
"Sweden","2006","US$","422527611846.4869"
"Sweden","2007","US$","490052332007.15515"
"Sweden","2008","US$","514616593413.415"
"Sweden","2009","US$","434312717300.2844"
"Sweden","2010","US$","492753255885.71826"
"Sweden","2011","US$","570541353128.7235"
"Sweden","2012","US$","549742183874.3553"
"Sweden","2013","US$","584128116410.29"
"Sweden","2014","US$","577730245154.1624"
"Sweden","2015","US$","501698263620.6632"
"Sweden","2016","US$","514218206628.3252"
"Sweden","2017","US$","536083940228.68365"
"Sweden","2018","US$","551312498430.1636"
"Sweden","2019","US$","532169294165.9397"
"Sweden","2020","US$","545147614972.1406"
"Sweden","2021","US$","637186904843.6361"
"Sweden","2022","US$","579895717343.956"
"Sweden","2023","US$","584960475767.3202"
"Switzerland","1970","US$","24998352580.222"
"Switzerland","1971","US$","30040504803.46475"
"Switzerland","1972","US$","36844801214.07208"
"Switzerland","1973","US$","49549484452.71058"
"Switzerland","1974","US$","57103969810.22203"
"Switzerland","1975","US$","65466504539.73569"
"Switzerland","1976","US$","68475383230.03728"
"Switzerland","1977","US$","73135010473.68216"
"Switzerland","1978","US$","102279042002.60583"
"Switzerland","1979","US$","114968365848.46445"
"Switzerland","1980","US$","122557234458.21518"
"Switzerland","1981","US$","112242424557.83095"
"Switzerland","1982","US$","115044782162.74055"
"Switzerland","1983","US$","114632083163.39429"
"Switzerland","1984","US$","109456088574.23131"
"Switzerland","1985","US$","110979185023.14697"
"Switzerland","1986","US$","159088447135.6917"
"Switzerland","1987","US$","199237483444.44833"
"Switzerland","1988","US$","215540625298.98175"
"Switzerland","1989","US$","208102666687.04248"
"Switzerland","1990","US$","265771545360.20078"
"Switzerland","1991","US$","268903256527.5245"
"Switzerland","1992","US$","279917776400.2989"
"Switzerland","1993","US$","272234456388.10187"
"Switzerland","1994","US$","301376707849.1693"
"Switzerland","1995","US$","352845006670.3632"
"Switzerland","1996","US$","340101207919.0298"
"Switzerland","1997","US$","294785659876.83563"
"Switzerland","1998","US$","303456228792.49286"
"Switzerland","1999","US$","297882566712.48975"
"Switzerland","2000","US$","279209007352.66907"
"Switzerland","2001","US$","286580125206.2822"
"Switzerland","2002","US$","309299934075.7696"
"Switzerland","2003","US$","362088305988.7471"
"Switzerland","2004","US$","403914244451.9662"
"Switzerland","2005","US$","418292704114.27454"
"Switzerland","2006","US$","441619409123.4163"
"Switzerland","2007","US$","490754683815.1438"
"Switzerland","2008","US$","567273005013.4337"
"Switzerland","2009","US$","554191679308.8842"
"Switzerland","2010","US$","598851028906.5803"
"Switzerland","2011","US$","715888126682.3959"
"Switzerland","2012","US$","686420221557.9899"
"Switzerland","2013","US$","706234937370.9675"
"Switzerland","2014","US$","726537808338.0005"
"Switzerland","2015","US$","694118186379.6278"
"Switzerland","2016","US$","687895460902.7133"
"Switzerland","2017","US$","695200833086.4989"
"Switzerland","2018","US$","725562534363.8948"
"Switzerland","2019","US$","721416903503.7915"
"Switzerland","2020","US$","741901944161.923"
"Switzerland","2021","US$","815309330986.7185"
"Switzerland","2022","US$","828508926958.3933"
"Switzerland","2023","US$","894424821645.2047"
"Syrian Arab Republic","1970","US$","1755897435.897436"
"Syrian Arab Republic","1971","US$","2062564102.5641026"
"Syrian Arab Republic","1972","US$","2381025641.025641"
"Syrian Arab Republic","1973","US$","2550000000"
"Syrian Arab Republic","1974","US$","4090000000"
"Syrian Arab Republic","1975","US$","5310512820.51282"
"Syrian Arab Republic","1976","US$","6388461538.461538"
"Syrian Arab Republic","1977","US$","6991025641.025641"
"Syrian Arab Republic","1978","US$","8383589743.589744"
"Syrian Arab Republic","1979","US$","10077435897.435898"
"Syrian Arab Republic","1980","US$","13146153846.153847"
"Syrian Arab Republic","1981","US$","16865897435.897436"
"Syrian Arab Republic","1982","US$","17637948717.94872"
"Syrian Arab Republic","1983","US$","18792564102.564102"
"Syrian Arab Republic","1984","US$","19318461538.46154"
"Syrian Arab Republic","1985","US$","10043727150.51598"
"Syrian Arab Republic","1986","US$","9739267989.711853"
"Syrian Arab Republic","1987","US$","10170925908.048222"
"Syrian Arab Republic","1988","US$","11926604239.115334"
"Syrian Arab Republic","1989","US$","10284450807.065155"
"Syrian Arab Republic","1990","US$","11158855905.674057"
"Syrian Arab Republic","1991","US$","12447735911.565125"
"Syrian Arab Republic","1992","US$","14446363982.288008"
"Syrian Arab Republic","1993","US$","15554699248.1203"
"Syrian Arab Republic","1994","US$","12390480642.204119"
"Syrian Arab Republic","1995","US$","13539133845.16745"
"Syrian Arab Republic","1996","US$","15141673334.115028"
"Syrian Arab Republic","1997","US$","16176606957.902514"
"Syrian Arab Republic","1998","US$","17468375690.607735"
"Syrian Arab Republic","1999","US$","17806347826.086956"
"Syrian Arab Republic","2000","US$","19665717391.304348"
"Syrian Arab Republic","2001","US$","21008326086.95652"
"Syrian Arab Republic","2002","US$","21782045454.545467"
"Syrian Arab Republic","2003","US$","20857553398.058254"
"Syrian Arab Republic","2004","US$","24545808576.59521"
"Syrian Arab Republic","2005","US$","28397034197.835323"
"Syrian Arab Republic","2006","US$","33108815444.60783"
"Syrian Arab Republic","2007","US$","40271781586.28936"
"Syrian Arab Republic","2008","US$","52557913192.82932"
"Syrian Arab Republic","2009","US$","54111735241.50272"
"Syrian Arab Republic","2010","US$","61390831317.90776"
"Syrian Arab Republic","2011","US$","67293014274.87755"
"Syrian Arab Republic","2012","US$","46838076312.63148"
"Syrian Arab Republic","2013","US$","27016195585.530434"
"Syrian Arab Republic","2014","US$","23434859213.13177"
"Syrian Arab Republic","2015","US$","20181739940.583935"
"Syrian Arab Republic","2016","US$","13520229839.515083"
"Syrian Arab Republic","2017","US$","17476177954.50636"
"Syrian Arab Republic","2018","US$","22985573019.113403"
"Syrian Arab Republic","2019","US$","28312333212.29095"
"Syrian Arab Republic","2020","US$","21239167227.077652"
"Syrian Arab Republic","2021","US$","33006271496.815285"
"Syrian Arab Republic","2022","US$","35354913385.74161"
"Syrian Arab Republic","2023","US$","29027766175.926468"
"Tajikistan","1970","...","..."
"Tajikistan","1971","...","..."
"Tajikistan","1972","...","..."
"Tajikistan","1973","...","..."
"Tajikistan","1974","...","..."
"Tajikistan","1975","...","..."
"Tajikistan","1976","...","..."
"Tajikistan","1977","...","..."
"Tajikistan","1978","...","..."
"Tajikistan","1979","...","..."
"Tajikistan","1980","...","..."
"Tajikistan","1981","...","..."
"Tajikistan","1982","...","..."
"Tajikistan","1983","...","..."
"Tajikistan","1984","...","..."
"Tajikistan","1985","...","..."
"Tajikistan","1986","...","..."
"Tajikistan","1987","...","..."
"Tajikistan","1988","...","..."
"Tajikistan","1989","...","..."
"Tajikistan","1990","US$","2838978395.487053"
"Tajikistan","1991","US$","2726603217.5044394"
"Tajikistan","1992","US$","1980004329.3955567"
"Tajikistan","1993","US$","1694519221.2025914"
"Tajikistan","1994","US$","1362061382.1420991"
"Tajikistan","1995","US$","1218182734.8967507"
"Tajikistan","1996","US$","1032552527.9187818"
"Tajikistan","1997","US$","911770707.1724961"
"Tajikistan","1998","US$","1305604689.52197"
"Tajikistan","1999","US$","1074704829.4341373"
"Tajikistan","2000","US$","860686333.5340157"
"Tajikistan","2001","US$","1080899168.4904592"
"Tajikistan","2002","US$","1221033717.6209557"
"Tajikistan","2003","US$","1555024444.4202464"
"Tajikistan","2004","US$","2076109307.8906271"
"Tajikistan","2005","US$","2312320181.396192"
"Tajikistan","2006","US$","2830152927.295744"
"Tajikistan","2007","US$","3719437034.3114743"
"Tajikistan","2008","US$","5161241428.561019"
"Tajikistan","2009","US$","4979375408.599451"
"Tajikistan","2010","US$","5642175855.795504"
"Tajikistan","2011","US$","6522755783.392567"
"Tajikistan","2012","US$","7698884166.7121105"
"Tajikistan","2013","US$","8653589037.410713"
"Tajikistan","2014","US$","9477768271.1457"
"Tajikistan","2015","US$","8271431932.436777"
"Tajikistan","2016","US$","6992416096.890184"
"Tajikistan","2017","US$","7536403146.683766"
"Tajikistan","2018","US$","7765000282.293973"
"Tajikistan","2019","US$","8300813889.636983"
"Tajikistan","2020","US$","8133963813.332898"
"Tajikistan","2021","US$","8937805347.13963"
"Tajikistan","2022","US$","10713525200.39978"
"Tajikistan","2023","US$","12060599426.899748"
"Thailand","1970","US$","7387400693.256225"
"Thailand","1971","US$","7689743544.1380625"
"Thailand","1972","US$","8524733046.40641"
"Thailand","1973","US$","11230264063.375374"
"Thailand","1974","US$","14286526256.974556"
"Thailand","1975","US$","15517176809.339626"
"Thailand","1976","US$","17708942971.51283"
"Thailand","1977","US$","20622632283.502926"
"Thailand","1978","US$","25029656224.392982"
"Thailand","1979","US$","28534639725.080044"
"Thailand","1980","US$","33528243809.90591"
"Thailand","1981","US$","36111268394.59382"
"Thailand","1982","US$","37918315859.54796"
"Thailand","1983","US$","41496718397.62649"
"Thailand","1984","US$","43315283999.93842"
"Thailand","1985","US$","40313009996.15319"
"Thailand","1986","US$","44661581595.71361"
"Thailand","1987","US$","52370346052.76044"
"Thailand","1988","US$","63906341299.312706"
"Thailand","1989","US$","74874431698.33868"
"Thailand","1990","US$","88460359716.55362"
"Thailand","1991","US$","101246679918.13855"
"Thailand","1992","US$","115577276803.90543"
"Thailand","1993","US$","128889262554.62677"
"Thailand","1994","US$","146683779608.9172"
"Thailand","1995","US$","169278918603.43552"
"Thailand","1996","US$","183035238433.43774"
"Thailand","1997","US$","150180454390.44586"
"Thailand","1998","US$","113675595413.49591"
"Thailand","1999","US$","126669212337.24503"
"Thailand","2000","US$","126392223203.46117"
"Thailand","2001","US$","120296476180.40192"
"Thailand","2002","US$","134300903357.96223"
"Thailand","2003","US$","152280616469.4783"
"Thailand","2004","US$","172895635785.75595"
"Thailand","2005","US$","189318457214.3019"
"Thailand","2006","US$","221758373918.08316"
"Thailand","2007","US$","262942682505.75415"
"Thailand","2008","US$","291382985568.98834"
"Thailand","2009","US$","281710541673.35205"
"Thailand","2010","US$","341104766329.1696"
"Thailand","2011","US$","370818932344.5047"
"Thailand","2012","US$","397558554744.79517"
"Thailand","2013","US$","420333724244.0971"
"Thailand","2014","US$","407339189958.89795"
"Thailand","2015","US$","401296183735.8497"
"Thailand","2016","US$","413366345843.7435"
"Thailand","2017","US$","456356812774.56287"
"Thailand","2018","US$","506754119583.129"
"Thailand","2019","US$","543976534595.798"
"Thailand","2020","US$","500461990938.55035"
"Thailand","2021","US$","506256487303.2771"
"Thailand","2022","US$","495645971809.27264"
"Thailand","2023","US$","514945000035.6644"
"Timor-Leste","1970","...","..."
"Timor-Leste","1971","...","..."
"Timor-Leste","1972","...","..."
"Timor-Leste","1973","...","..."
"Timor-Leste","1974","...","..."
"Timor-Leste","1975","...","..."
"Timor-Leste","1976","...","..."
"Timor-Leste","1977","...","..."
"Timor-Leste","1978","...","..."
"Timor-Leste","1979","...","..."
"Timor-Leste","1980","...","..."
"Timor-Leste","1981","...","..."
"Timor-Leste","1982","...","..."
"Timor-Leste","1983","...","..."
"Timor-Leste","1984","...","..."
"Timor-Leste","1985","...","..."
"Timor-Leste","1986","...","..."
"Timor-Leste","1987","...","..."
"Timor-Leste","1988","...","..."
"Timor-Leste","1989","...","..."
"Timor-Leste","1990","US$","202988925"
"Timor-Leste","1991","US$","233866810"
"Timor-Leste","1992","US$","297479485"
"Timor-Leste","1993","US$","343430082"
"Timor-Leste","1994","US$","378461314"
"Timor-Leste","1995","US$","416109986"
"Timor-Leste","1996","US$","473476795"
"Timor-Leste","1997","US$","429449246"
"Timor-Leste","1998","US$","477196308"
"Timor-Leste","1999","US$","321751830"
"Timor-Leste","2000","US$","367085716"
"Timor-Leste","2001","US$","477454392"
"Timor-Leste","2002","US$","469459038"
"Timor-Leste","2003","US$","490397951"
"Timor-Leste","2004","US$","440730847"
"Timor-Leste","2005","US$","462261834"
"Timor-Leste","2006","US$","453796019"
"Timor-Leste","2007","US$","542795303"
"Timor-Leste","2008","US$","648492700"
"Timor-Leste","2009","US$","726881639"
"Timor-Leste","2010","US$","881909347"
"Timor-Leste","2011","US$","1042534598"
"Timor-Leste","2012","US$","1160555040"
"Timor-Leste","2013","US$","1395727421"
"Timor-Leste","2014","US$","1447535183"
"Timor-Leste","2015","US$","1595205123"
"Timor-Leste","2016","US$","1652603726"
"Timor-Leste","2017","US$","1598208363"
"Timor-Leste","2018","US$","1566157219"
"Timor-Leste","2019","US$","2027033977"
"Timor-Leste","2020","US$","2162619241"
"Timor-Leste","2021","US$","3624889673"
"Timor-Leste","2022","US$","3208593982"
"Timor-Leste","2023","US$","2079916909"
"Togo","1970","US$","307572753.8893425"
"Togo","1971","US$","346619960.5192851"
"Togo","1972","US$","403631116.99758404"
"Togo","1973","US$","471165652.18834"
"Togo","1974","US$","630555838.9311038"
"Togo","1975","US$","695563767.3637958"
"Togo","1976","US$","662783400.778396"
"Togo","1977","US$","798279600.6980973"
"Togo","1978","US$","989000276.348314"
"Togo","1979","US$","1181022343.5050497"
"Togo","1980","US$","1313589323.4451766"
"Togo","1981","US$","1103142544.3489363"
"Togo","1982","US$","953579622.9295644"
"Togo","1983","US$","857672190.0239812"
"Togo","1984","US$","810454116.0560067"
"Togo","1985","US$","859889946.4521099"
"Togo","1986","US$","1219876367.6621103"
"Togo","1987","US$","1436261541.8764675"
"Togo","1988","US$","1740986708.3088398"
"Togo","1989","US$","1708225552.215341"
"Togo","1990","US$","2057077762.8240974"
"Togo","1991","US$","2032468341.917026"
"Togo","1992","US$","2131363214.7737238"
"Togo","1993","US$","1624510801.0713356"
"Togo","1994","US$","1259116884.846229"
"Togo","1995","US$","1662902166.2168114"
"Togo","1996","US$","1817561883.5642815"
"Togo","1997","US$","1850962626.7932336"
"Togo","1998","US$","1751786900.4986758"
"Togo","1999","US$","1755630576.664768"
"Togo","2000","US$","1491891156.205929"
"Togo","2001","US$","1482437765.6992812"
"Togo","2002","US$","1706698034.2578037"
"Togo","2003","US$","2115836257.6265173"
"Togo","2004","US$","2259992503.899359"
"Togo","2005","US$","2559621699.303089"
"Togo","2006","US$","2959904331.0619936"
"Togo","2007","US$","3759962849.522634"
"Togo","2008","US$","4578847108.263674"
"Togo","2009","US$","4721888271.841635"
"Togo","2010","US$","4746386891.086881"
"Togo","2011","US$","5422439155.3431225"
"Togo","2012","US$","5413541644.332488"
"Togo","2013","US$","6021729631.626099"
"Togo","2014","US$","6393314709.469062"
"Togo","2015","US$","5755457836.187957"
"Togo","2016","US$","6071167583.549445"
"Togo","2017","US$","6387424244.413805"
"Togo","2018","US$","7029215761.424089"
"Togo","2019","US$","6992654017.136118"
"Togo","2020","US$","7486031568.229462"
"Togo","2021","US$","8438905562.367021"
"Togo","2022","US$","8264136203.034387"
"Togo","2023","US$","9277529619.513172"
"Tonga","1970","US$","17097198.097603362"
"Tonga","1971","US$","19366562.70759523"
"Tonga","1972","US$","23258038.043335862"
"Tonga","1973","US$","34394956.16545441"
"Tonga","1974","US$","46020017.11147817"
"Tonga","1975","US$","42521060.448371455"
"Tonga","1976","US$","39373459.35562295"
"Tonga","1977","US$","44730217.60344909"
"Tonga","1978","US$","54417315.04691632"
"Tonga","1979","US$","58411277.213646606"
"Tonga","1980","US$","78888351.73413107"
"Tonga","1981","US$","81873830.2794004"
"Tonga","1982","US$","85288621.89195067"
"Tonga","1983","US$","85778437.23970476"
"Tonga","1984","US$","85626304.78467964"
"Tonga","1985","US$","73173087.13022721"
"Tonga","1986","US$","87548451.7980634"
"Tonga","1987","US$","105276516.21870877"
"Tonga","1988","US$","144614425.48336944"
"Tonga","1989","US$","151315600.04828292"
"Tonga","1990","US$","161964618.83499926"
"Tonga","1991","US$","195233213.21487263"
"Tonga","1992","US$","192695248.56674582"
"Tonga","1993","US$","190205062.65360242"
"Tonga","1994","US$","195988056.9566275"
"Tonga","1995","US$","208864682.06249407"
"Tonga","1996","US$","222087132.79904073"
"Tonga","1997","US$","214988342.0359335"
"Tonga","1998","US$","191497792.6782389"
"Tonga","1999","US$","197167530.61693794"
"Tonga","2000","US$","190940275.09738123"
"Tonga","2001","US$","166927102.98857373"
"Tonga","2002","US$","181482577.17961258"
"Tonga","2003","US$","206922432.6551457"
"Tonga","2004","US$","239331449.976426"
"Tonga","2005","US$","261159454.7630549"
"Tonga","2006","US$","289782656.74626213"
"Tonga","2007","US$","303324921.1044143"
"Tonga","2008","US$","337044351.0463689"
"Tonga","2009","US$","320239639.36953014"
"Tonga","2010","US$","371252194.4080762"
"Tonga","2011","US$","439253735.63562936"
"Tonga","2012","US$","420567736.1761841"
"Tonga","2013","US$","441615203.5761626"
"Tonga","2014","US$","432766836.9397615"
"Tonga","2015","US$","403731021.9904052"
"Tonga","2016","US$","421187976.45558834"
"Tonga","2017","US$","460925653.47728366"
"Tonga","2018","US$","480345871.14968175"
"Tonga","2019","US$","490405773.3002547"
"Tonga","2020","US$","499143457.16229105"
"Tonga","2021","US$","521192237.48587716"
"Tonga","2022","US$","505675048.7865905"
"Tonga","2023","US$","508288116.82826954"
"Trinidad and Tobago","1970","US$","867670043.066165"
"Trinidad and Tobago","1971","US$","946589061.8692133"
"Trinidad and Tobago","1972","US$","1143859514.2046394"
"Trinidad and Tobago","1973","US$","1381393736.0726905"
"Trinidad and Tobago","1974","US$","2155608337.4469066"
"Trinidad and Tobago","1975","US$","2578335522.804528"
"Trinidad and Tobago","1976","US$","2639563890.8755813"
"Trinidad and Tobago","1977","US$","3313137895.547141"
"Trinidad and Tobago","1978","US$","3760431303.2335134"
"Trinidad and Tobago","1979","US$","4858213354.107589"
"Trinidad and Tobago","1980","US$","6582294138.992623"
"Trinidad and Tobago","1981","US$","7380561134.741901"
"Trinidad and Tobago","1982","US$","8592695482.33029"
"Trinidad and Tobago","1983","US$","8195101342.164626"
"Trinidad and Tobago","1984","US$","8188064276.004884"
"Trinidad and Tobago","1985","US$","7785721911.020408"
"Trinidad and Tobago","1986","US$","5060822165.277778"
"Trinidad and Tobago","1987","US$","5064340697.5"
"Trinidad and Tobago","1988","US$","4746757408"
"Trinidad and Tobago","1989","US$","4563246517.882353"
"Trinidad and Tobago","1990","US$","5349576375.529411"
"Trinidad and Tobago","1991","US$","5602910694.823529"
"Trinidad and Tobago","1992","US$","5741747836.470589"
"Trinidad and Tobago","1993","US$","4831105347.813436"
"Trinidad and Tobago","1994","US$","5222098693.781849"
"Trinidad and Tobago","1995","US$","5625289703.538639"
"Trinidad and Tobago","1996","US$","6079640606.993071"
"Trinidad and Tobago","1997","US$","6056610509.551172"
"Trinidad and Tobago","1998","US$","6379472357.931079"
"Trinidad and Tobago","1999","US$","7187270541.681881"
"Trinidad and Tobago","2000","US$","8607445343.421133"
"Trinidad and Tobago","2001","US$","9315854977.820436"
"Trinidad and Tobago","2002","US$","9510293310.110668"
"Trinidad and Tobago","2003","US$","11936406642.309097"
"Trinidad and Tobago","2004","US$","14022565032.816092"
"Trinidad and Tobago","2005","US$","16877009726.449085"
"Trinidad and Tobago","2006","US$","19398849738.789726"
"Trinidad and Tobago","2007","US$","22857301311.623947"
"Trinidad and Tobago","2008","US$","29437067798.105835"
"Trinidad and Tobago","2009","US$","20254852640.604816"
"Trinidad and Tobago","2010","US$","23370479782.919285"
"Trinidad and Tobago","2011","US$","26869353584.584785"
"Trinidad and Tobago","2012","US$","27147351397.77224"
"Trinidad and Tobago","2013","US$","28560535159.327133"
"Trinidad and Tobago","2014","US$","29474182380.090126"
"Trinidad and Tobago","2015","US$","26841144500.890495"
"Trinidad and Tobago","2016","US$","23624334846.57792"
"Trinidad and Tobago","2017","US$","23847765525.755863"
"Trinidad and Tobago","2018","US$","23888910506.794704"
"Trinidad and Tobago","2019","US$","23588038892.34785"
"Trinidad and Tobago","2020","US$","20991340676.317394"
"Trinidad and Tobago","2021","US$","24177305588.844406"
"Trinidad and Tobago","2022","US$","28510328417.18784"
"Trinidad and Tobago","2023","US$","25489371965.67095"
"Tunisia","1970","US$","1580150283.3344216"
"Tunisia","1971","US$","1850153457.476821"
"Tunisia","1972","US$","2456627934.6421857"
"Tunisia","1973","US$","2998181653.0423293"
"Tunisia","1974","US$","3893032694.052501"
"Tunisia","1975","US$","4752807682.514433"
"Tunisia","1976","US$","4949577701.474148"
"Tunisia","1977","US$","5610218970.999461"
"Tunisia","1978","US$","6552819652.713501"
"Tunisia","1979","US$","7892697818.107939"
"Tunisia","1980","US$","9598966474.639633"
"Tunisia","1981","US$","9253650093.921133"
"Tunisia","1982","US$","8929910896.929276"
"Tunisia","1983","US$","8892063983.918468"
"Tunisia","1984","US$","8819063797.478577"
"Tunisia","1985","US$","9233652000.382832"
"Tunisia","1986","US$","9900715369.187735"
"Tunisia","1987","US$","10646090579.699215"
"Tunisia","1988","US$","11084741665.39565"
"Tunisia","1989","US$","11090784964.689672"
"Tunisia","1990","US$","13519511970.398487"
"Tunisia","1991","US$","14283162471.463533"
"Tunisia","1992","US$","17014069537.9339"
"Tunisia","1993","US$","16038489353.004122"
"Tunisia","1994","US$","17163868139.867226"
"Tunisia","1995","US$","19795275585.51414"
"Tunisia","1996","US$","21504388976.53435"
"Tunisia","1997","US$","20746659179.106228"
"Tunisia","1998","US$","21802978475.048847"
"Tunisia","1999","US$","22943285282.303104"
"Tunisia","2000","US$","21473522938.680275"
"Tunisia","2001","US$","22065840117.466137"
"Tunisia","2002","US$","23141611178.84278"
"Tunisia","2003","US$","27453895158.943253"
"Tunisia","2004","US$","31183893587.410255"
"Tunisia","2005","US$","32272178403.514713"
"Tunisia","2006","US$","34376664600.589775"
"Tunisia","2007","US$","38915343743.29335"
"Tunisia","2008","US$","44859452038.11779"
"Tunisia","2009","US$","43455740497.30611"
"Tunisia","2010","US$","44050929160.26268"
"Tunisia","2011","US$","46351430955.99476"
"Tunisia","2012","US$","46113081991.60197"
"Tunisia","2013","US$","47908026425.65883"
"Tunisia","2014","US$","49920148668.620316"
"Tunisia","2015","US$","45779485708.53247"
"Tunisia","2016","US$","44360065796.62023"
"Tunisia","2017","US$","42163530590.9462"
"Tunisia","2018","US$","42686498321.15955"
"Tunisia","2019","US$","41905622307.430214"
"Tunisia","2020","US$","42538474596.587135"
"Tunisia","2021","US$","46687299822.26775"
"Tunisia","2022","US$","44598434076.55625"
"Tunisia","2023","US$","48541052744.54038"
"Turkmenistan","1970","...","..."
"Turkmenistan","1971","...","..."
"Turkmenistan","1972","...","..."
"Turkmenistan","1973","...","..."
"Turkmenistan","1974","...","..."
"Turkmenistan","1975","...","..."
"Turkmenistan","1976","...","..."
"Turkmenistan","1977","...","..."
"Turkmenistan","1978","...","..."
"Turkmenistan","1979","...","..."
"Turkmenistan","1980","...","..."
"Turkmenistan","1981","...","..."
"Turkmenistan","1982","...","..."
"Turkmenistan","1983","...","..."
"Turkmenistan","1984","...","..."
"Turkmenistan","1985","...","..."
"Turkmenistan","1986","...","..."
"Turkmenistan","1987","...","..."
"Turkmenistan","1988","...","..."
"Turkmenistan","1989","...","..."
"Turkmenistan","1990","US$","3070588493.17666"
"Turkmenistan","1991","US$","3028239145.730329"
"Turkmenistan","1992","US$","2633714539.044397"
"Turkmenistan","1993","US$","2736584260.5644355"
"Turkmenistan","1994","US$","2311481943.384261"
"Turkmenistan","1995","US$","2190029394.879583"
"Turkmenistan","1996","US$","2379541798.833518"
"Turkmenistan","1997","US$","2681068281.008023"
"Turkmenistan","1998","US$","2861812276.3368645"
"Turkmenistan","1999","US$","3856923076.9230766"
"Turkmenistan","2000","US$","4932307692.307693"
"Turkmenistan","2001","US$","6753648653.846153"
"Turkmenistan","2002","US$","8699983269.230768"
"Turkmenistan","2003","US$","11274529973.204992"
"Turkmenistan","2004","US$","12156644730.31906"
"Turkmenistan","2005","US$","14171993434.56877"
"Turkmenistan","2006","US$","16212128981.029894"
"Turkmenistan","2007","US$","18492527338.8369"
"Turkmenistan","2008","US$","21628517029.82864"
"Turkmenistan","2009","US$","20214385964.91228"
"Turkmenistan","2010","US$","22583157894.736843"
"Turkmenistan","2011","US$","29233333333.333332"
"Turkmenistan","2012","US$","35164280701.75437"
"Turkmenistan","2013","US$","39197543859.64911"
"Turkmenistan","2014","US$","43524210526.31577"
"Turkmenistan","2015","US$","36051602134.73587"
"Turkmenistan","2016","US$","36169428571.42857"
"Turkmenistan","2017","US$","37926285714.28571"
"Turkmenistan","2018","US$","40765428571.42857"
"Turkmenistan","2019","US$","45232857142.85714"
"Turkmenistan","2020","US$","45818000000"
"Turkmenistan","2021","US$","50007428571.42857"
"Turkmenistan","2022","US$","56542857142.85714"
"Turkmenistan","2023","US$","59887334842.85714"
"Turks and Caicos Islands","1970","US$","9775102"
"Turks and Caicos Islands","1971","US$","11011841"
"Turks and Caicos Islands","1972","US$","12404978"
"Turks and Caicos Islands","1973","US$","13974358"
"Turks and Caicos Islands","1974","US$","15742422"
"Turks and Caicos Islands","1975","US$","17734281"
"Turks and Caicos Islands","1976","US$","19978052"
"Turks and Caicos Islands","1977","US$","22504860"
"Turks and Caicos Islands","1978","US$","25351947"
"Turks and Caicos Islands","1979","US$","28560773"
"Turks and Caicos Islands","1980","US$","32175383"
"Turks and Caicos Islands","1981","US$","36245234"
"Turks and Caicos Islands","1982","US$","40821803"
"Turks and Caicos Islands","1983","US$","45992425"
"Turks and Caicos Islands","1984","US$","51827845"
"Turks and Caicos Islands","1985","US$","58383835"
"Turks and Caicos Islands","1986","US$","65748646"
"Turks and Caicos Islands","1987","US$","73977309"
"Turks and Caicos Islands","1988","US$","83494321"
"Turks and Caicos Islands","1989","US$","94177545"
"Turks and Caicos Islands","1990","US$","105910726"
"Turks and Caicos Islands","1991","US$","119085207"
"Turks and Caicos Islands","1992","US$","133400394"
"Turks and Caicos Islands","1993","US$","152914601"
"Turks and Caicos Islands","1994","US$","171948949"
"Turks and Caicos Islands","1995","US$","190503441"
"Turks and Caicos Islands","1996","US$","214016460"
"Turks and Caicos Islands","1997","US$","235317161"
"Turks and Caicos Islands","1998","US$","265162140"
"Turks and Caicos Islands","1999","US$","294589583"
"Turks and Caicos Islands","2000","US$","319443334"
"Turks and Caicos Islands","2001","US$","358744802"
"Turks and Caicos Islands","2002","US$","366707912"
"Turks and Caicos Islands","2003","US$","409753640"
"Turks and Caicos Islands","2004","US$","485598806"
"Turks and Caicos Islands","2005","US$","578645758"
"Turks and Caicos Islands","2006","US$","721891473"
"Turks and Caicos Islands","2007","US$","773489744"
"Turks and Caicos Islands","2008","US$","862683634"
"Turks and Caicos Islands","2009","US$","703175747"
"Turks and Caicos Islands","2010","US$","686787814"
"Turks and Caicos Islands","2011","US$","728789574"
"Turks and Caicos Islands","2012","US$","727161000"
"Turks and Caicos Islands","2013","US$","754238000"
"Turks and Caicos Islands","2014","US$","841070000"
"Turks and Caicos Islands","2015","US$","942070000"
"Turks and Caicos Islands","2016","US$","1032452000"
"Turks and Caicos Islands","2017","US$","1022365000"
"Turks and Caicos Islands","2018","US$","1113178000"
"Turks and Caicos Islands","2019","US$","1197415000"
"Turks and Caicos Islands","2020","US$","924583000"
"Turks and Caicos Islands","2021","US$","1045782454"
"Turks and Caicos Islands","2022","US$","1228794383"
"Turks and Caicos Islands","2023","US$","1402054391"
"Tuvalu","1970","US$","2585174.333938115"
"Tuvalu","1971","US$","2747866.459141537"
"Tuvalu","1972","US$","3028236.127492313"
"Tuvalu","1973","US$","3780358.504331724"
"Tuvalu","1974","US$","4013522.300821242"
"Tuvalu","1975","US$","3847741.361973947"
"Tuvalu","1976","US$","3797642.0012214296"
"Tuvalu","1977","US$","3546257.869926269"
"Tuvalu","1978","US$","3853304.3676391044"
"Tuvalu","1979","US$","3998562.9288308257"
"Tuvalu","1980","US$","4296581.100585808"
"Tuvalu","1981","US$","4721823.88507259"
"Tuvalu","1982","US$","3785516.4811996506"
"Tuvalu","1983","US$","3995441.5060422802"
"Tuvalu","1984","US$","4341304.778336446"
"Tuvalu","1985","US$","3515620.9091852475"
"Tuvalu","1986","US$","4370396.325533196"
"Tuvalu","1987","US$","5310255.009872705"
"Tuvalu","1988","US$","7525538.938335447"
"Tuvalu","1989","US$","8207359.922399479"
"Tuvalu","1990","US$","9539000.356476529"
"Tuvalu","1991","US$","10145231.407582074"
"Tuvalu","1992","US$","10709079.3144094"
"Tuvalu","1993","US$","9578663.910347078"
"Tuvalu","1994","US$","11428251.12517451"
"Tuvalu","1995","US$","11762503.868513174"
"Tuvalu","1996","US$","12493198.2815064"
"Tuvalu","1997","US$","13397556.739746768"
"Tuvalu","1998","US$","12981362.102488047"
"Tuvalu","1999","US$","13782251.04035614"
"Tuvalu","2000","US$","13834106.035775548"
"Tuvalu","2001","US$","13278694.86679847"
"Tuvalu","2002","US$","15534084.281299874"
"Tuvalu","2003","US$","18357812.39444258"
"Tuvalu","2004","US$","21627960.23541049"
"Tuvalu","2005","US$","21679347.931229405"
"Tuvalu","2006","US$","22893155.143640086"
"Tuvalu","2007","US$","27015663.066466678"
"Tuvalu","2008","US$","30005404.39279926"
"Tuvalu","2009","US$","26925702.149689045"
"Tuvalu","2010","US$","31395698.911394954"
"Tuvalu","2011","US$","38252593.74749449"
"Tuvalu","2012","US$","37201176.90855567"
"Tuvalu","2013","US$","37511503.55736286"
"Tuvalu","2014","US$","37587151.35969571"
"Tuvalu","2015","US$","36193811.46335145"
"Tuvalu","2016","US$","41257376.885293916"
"Tuvalu","2017","US$","45295753.33134161"
"Tuvalu","2018","US$","48042002.73424895"
"Tuvalu","2019","US$","54153385.89410054"
"Tuvalu","2020","US$","51751957.985208884"
"Tuvalu","2021","US$","62423742.20763649"
"Tuvalu","2022","US$","63537669.55297455"
"Tuvalu","2023","US$","67534216.30172671"
"Türkiye","1970","US$","25069514942.408043"
"Türkiye","1971","US$","23609865470.19036"
"Türkiye","1972","US$","29681978798.58657"
"Türkiye","1973","US$","37314487632.508835"
"Türkiye","1974","US$","51410620793.74272"
"Türkiye","1975","US$","64256657341.18478"
"Türkiye","1976","US$","73568421439.71745"
"Türkiye","1977","US$","83878404093.03716"
"Türkiye","1978","US$","92578229568.71951"
"Türkiye","1979","US$","126393693190.4559"
"Türkiye","1980","US$","94768301410.99103"
"Türkiye","1981","US$","97861343615.97432"
"Türkiye","1982","US$","88918463213.40866"
"Türkiye","1983","US$","84969608037.4146"
"Türkiye","1984","US$","82642028629.1656"
"Türkiye","1985","US$","92621775578.00562"
"Türkiye","1986","US$","104321385061.08147"
"Türkiye","1987","US$","120082009843.90321"
"Türkiye","1988","US$","125158731321.20381"
"Türkiye","1989","US$","147600073055.3431"
"Türkiye","1990","US$","207570478889.07675"
"Türkiye","1991","US$","208073422864.0248"
"Türkiye","1992","US$","219168105185.60422"
"Türkiye","1993","US$","248547872276.66858"
"Türkiye","1994","US$","179985083763.87787"
"Türkiye","1995","US$","233253087805.36954"
"Türkiye","1996","US$","249984363142.7963"
"Türkiye","1997","US$","261575083133.0458"
"Türkiye","1998","US$","275941727706.5712"
"Türkiye","1999","US$","256396084287.90155"
"Türkiye","2000","US$","274294826528.64557"
"Türkiye","2001","US$","201753103969.06793"
"Türkiye","2002","US$","240248973874.03088"
"Türkiye","2003","US$","314595544882.2619"
"Türkiye","2004","US$","408865359358.3752"
"Türkiye","2005","US$","506314641633.043"
"Türkiye","2006","US$","557075990416.957"
"Türkiye","2007","US$","681321163204.5479"
"Türkiye","2008","US$","770448927458.4614"
"Türkiye","2009","US$","649289107885.2722"
"Türkiye","2010","US$","776967138902.4802"
"Türkiye","2011","US$","838785743975.2478"
"Türkiye","2012","US$","880555773046.3231"
"Türkiye","2013","US$","957798832517.433"
"Türkiye","2014","US$","938934508798.8569"
"Türkiye","2015","US$","864313834269.503"
"Türkiye","2016","US$","869683050290.8578"
"Türkiye","2017","US$","858988505411.9819"
"Türkiye","2018","US$","778972175978.2198"
"Türkiye","2019","US$","761005905419.0098"
"Türkiye","2020","US$","720338455461.2487"
"Türkiye","2021","US$","819865295422.2115"
"Türkiye","2022","US$","907118654786.6927"
"Türkiye","2023","US$","1118252882822.927"
"Uganda","1970","US$","1423837335.8294177"
"Uganda","1971","US$","1575309484.4518301"
"Uganda","1972","US$","1711634243.5547576"
"Uganda","1973","US$","2003224946.699503"
"Uganda","1974","US$","2425947281.360708"
"Uganda","1975","US$","2786844172.322222"
"Uganda","1976","US$","2940217915.6760097"
"Uganda","1977","US$","3165104835.422296"
"Uganda","1978","US$","3252226670.106689"
"Uganda","1979","US$","3081798015.7790346"
"Uganda","1980","US$","3245941562.468977"
"Uganda","1981","US$","3690204421.619851"
"Uganda","1982","US$","4223546614.8437386"
"Uganda","1983","US$","4667459025.077689"
"Uganda","1984","US$","4612465208.624859"
"Uganda","1985","US$","4743247500.814313"
"Uganda","1986","US$","5403025508.142858"
"Uganda","1987","US$","6044500490.095993"
"Uganda","1988","US$","6911248660.923524"
"Uganda","1989","US$","6104153923.206645"
"Uganda","1990","US$","4317904882.94791"
"Uganda","1991","US$","3500301072.472793"
"Uganda","1992","US$","3759194856.0839243"
"Uganda","1993","US$","3885267223.883682"
"Uganda","1994","US$","6109850127.287506"
"Uganda","1995","US$","7148425194.344196"
"Uganda","1996","US$","7244064694.163642"
"Uganda","1997","US$","7801397315.012844"
"Uganda","1998","US$","7493399837.024088"
"Uganda","1999","US$","7114173412.806064"
"Uganda","2000","US$","6778753494.969838"
"Uganda","2001","US$","7046787987.342643"
"Uganda","2002","US$","7412789670.563914"
"Uganda","2003","US$","7834565334.772565"
"Uganda","2004","US$","9375215635.616562"
"Uganda","2005","US$","11158919482.98713"
"Uganda","2006","US$","12237275797.005013"
"Uganda","2007","US$","15057536705.172075"
"Uganda","2008","US$","18201246141.645164"
"Uganda","2009","US$","24918911508.715218"
"Uganda","2010","US$","30700906718.348835"
"Uganda","2011","US$","28411688415.496693"
"Uganda","2012","US$","30832656075.546276"
"Uganda","2013","US$","23468314504.835133"
"Uganda","2014","US$","38986727381.86517"
"Uganda","2015","US$","30173262119.160694"
"Uganda","2016","US$","30479363533.096443"
"Uganda","2017","US$","31593349369.913807"
"Uganda","2018","US$","34075640680.141357"
"Uganda","2019","US$","37774752756.09548"
"Uganda","2020","US$","38060791826.959015"
"Uganda","2021","US$","42817861574.06019"
"Uganda","2022","US$","47397473819.9956"
"Uganda","2023","US$","51022547210.41858"
"Ukraine","1970","...","..."
"Ukraine","1971","...","..."
"Ukraine","1972","...","..."
"Ukraine","1973","...","..."
"Ukraine","1974","...","..."
"Ukraine","1975","...","..."
"Ukraine","1976","...","..."
"Ukraine","1977","...","..."
"Ukraine","1978","...","..."
"Ukraine","1979","...","..."
"Ukraine","1980","...","..."
"Ukraine","1981","...","..."
"Ukraine","1982","...","..."
"Ukraine","1983","...","..."
"Ukraine","1984","...","..."
"Ukraine","1985","...","..."
"Ukraine","1986","...","..."
"Ukraine","1987","...","..."
"Ukraine","1988","...","..."
"Ukraine","1989","...","..."
"Ukraine","1990","US$","93470813460.45656"
"Ukraine","1991","US$","88226136987.30249"
"Ukraine","1992","US$","81261466719.9921"
"Ukraine","1993","US$","71356753713.35875"
"Ukraine","1994","US$","56165945277.2996"
"Ukraine","1995","US$","50375989783.99679"
"Ukraine","1996","US$","46146055635.36453"
"Ukraine","1997","US$","51937951282.32454"
"Ukraine","1998","US$","43374410980.965775"
"Ukraine","1999","US$","32705564368.86287"
"Ukraine","2000","US$","32375081951.141823"
"Ukraine","2001","US$","39309154141.957245"
"Ukraine","2002","US$","43956163612.043274"
"Ukraine","2003","US$","52010352502.005745"
"Ukraine","2004","US$","67217871022.993355"
"Ukraine","2005","US$","89238865118.52626"
"Ukraine","2006","US$","111884752475.24753"
"Ukraine","2007","US$","148733861386.1386"
"Ukraine","2008","US$","188110375778.93088"
"Ukraine","2009","US$","121552148243.7478"
"Ukraine","2010","US$","136012480321.76523"
"Ukraine","2011","US$","163160432768.8913"
"Ukraine","2012","US$","175780733796.1635"
"Ukraine","2013","US$","183310146378.0808"
"Ukraine","2014","US$","133503867181.97134"
"Ukraine","2015","US$","91030968761.41553"
"Ukraine","2016","US$","93355868977.66194"
"Ukraine","2017","US$","112090503817.39868"
"Ukraine","2018","US$","130891086689.52171"
"Ukraine","2019","US$","153883045524.93103"
"Ukraine","2020","US$","156617719786.25385"
"Ukraine","2021","US$","199765856764.5007"
"Ukraine","2022","US$","161989522724.62885"
"Ukraine","2023","US$","178757021394.79184"
"United Arab Emirates","1970","US$","1067266663.7235241"
"United Arab Emirates","1971","US$","1462298218.701905"
"United Arab Emirates","1972","US$","2201609970.397213"
"United Arab Emirates","1973","US$","4267682605.490526"
"United Arab Emirates","1974","US$","11768960346.192017"
"United Arab Emirates","1975","US$","14913105617.72584"
"United Arab Emirates","1976","US$","19464294994.454136"
"United Arab Emirates","1977","US$","25197030752.776253"
"United Arab Emirates","1978","US$","24086428985.010464"
"United Arab Emirates","1979","US$","31633624905.75839"
"United Arab Emirates","1980","US$","44168902930.29386"
"United Arab Emirates","1981","US$","49978178963.49174"
"United Arab Emirates","1982","US$","47231997233.51457"
"United Arab Emirates","1983","US$","43362742846.4622"
"United Arab Emirates","1984","US$","42354292119.48999"
"United Arab Emirates","1985","US$","41134253523.01825"
"United Arab Emirates","1986","US$","34387154898.665215"
"United Arab Emirates","1987","US$","36860291624.89785"
"United Arab Emirates","1988","US$","36749676278.94307"
"United Arab Emirates","1989","US$","42006844975.21111"
"United Arab Emirates","1990","US$","51363957467.44756"
"United Arab Emirates","1991","US$","52225758567.14792"
"United Arab Emirates","1992","US$","54948005423.045494"
"United Arab Emirates","1993","US$","56352199950.149826"
"United Arab Emirates","1994","US$","60080131150.64015"
"United Arab Emirates","1995","US$","66602765375.646965"
"United Arab Emirates","1996","US$","74532671761.64532"
"United Arab Emirates","1997","US$","79866461486.87392"
"United Arab Emirates","1998","US$","76663323509.05379"
"United Arab Emirates","1999","US$","85548961330.42886"
"United Arab Emirates","2000","US$","105700982176.44656"
"United Arab Emirates","2001","US$","104661744313.41049"
"United Arab Emirates","2002","US$","111251308555.47992"
"United Arab Emirates","2003","US$","125971349039.3465"
"United Arab Emirates","2004","US$","149756056208.30496"
"United Arab Emirates","2005","US$","182977708322.39618"
"United Arab Emirates","2006","US$","225019084677.46768"
"United Arab Emirates","2007","US$","261286649416.7461"
"United Arab Emirates","2008","US$","323376354733.56024"
"United Arab Emirates","2009","US$","262971049973.0429"
"United Arab Emirates","2010","US$","300189052694.07764"
"United Arab Emirates","2011","US$","360832739558.339"
"United Arab Emirates","2012","US$","384610125384.0708"
"United Arab Emirates","2013","US$","400218529747.5834"
"United Arab Emirates","2014","US$","414105366758.8836"
"United Arab Emirates","2015","US$","370275469560.24506"
"United Arab Emirates","2016","US$","369255326235.8067"
"United Arab Emirates","2017","US$","390516804016.6099"
"United Arab Emirates","2018","US$","427049448460.177"
"United Arab Emirates","2019","US$","417989721734.5133"
"United Arab Emirates","2020","US$","349473015336.9639"
"United Arab Emirates","2021","US$","415178792769.7754"
"United Arab Emirates","2022","US$","502731935197.5494"
"United Arab Emirates","2023","US$","514130432652.96124"
"United Kingdom of Great Britain and Northern Ireland","1970","US$","130682295637.11859"
"United Kingdom of Great Britain and Northern Ireland","1971","US$","148106601857.13687"
"United Kingdom of Great Britain and Northern Ireland","1972","US$","169969084028.49045"
"United Kingdom of Great Britain and Northern Ireland","1973","US$","192551676950.86124"
"United Kingdom of Great Britain and Northern Ireland","1974","US$","206152361030.54315"
"United Kingdom of Great Britain and Northern Ireland","1975","US$","241734621312.29465"
"United Kingdom of Great Britain and Northern Ireland","1976","US$","232610445456.53827"
"United Kingdom of Great Britain and Northern Ireland","1977","US$","263079306617.24155"
"United Kingdom of Great Britain and Northern Ireland","1978","US$","335880078399.84827"
"United Kingdom of Great Britain and Northern Ireland","1979","US$","439011580877.7029"
"United Kingdom of Great Britain and Northern Ireland","1980","US$","564954276868.0887"
"United Kingdom of Great Britain and Northern Ireland","1981","US$","540720761152.0498"
"United Kingdom of Great Britain and Northern Ireland","1982","US$","515006780277.4236"
"United Kingdom of Great Britain and Northern Ireland","1983","US$","489599764279.81616"
"United Kingdom of Great Britain and Northern Ireland","1984","US$","461483005638.35284"
"United Kingdom of Great Britain and Northern Ireland","1985","US$","489256281228.6673"
"United Kingdom of Great Britain and Northern Ireland","1986","US$","601455004221.6527"
"United Kingdom of Great Britain and Northern Ireland","1987","US$","745130338365.8004"
"United Kingdom of Great Britain and Northern Ireland","1988","US$","910171030657.6799"
"United Kingdom of Great Britain and Northern Ireland","1989","US$","926926143222.1904"
"United Kingdom of Great Britain and Northern Ireland","1990","US$","1093213710428.0087"
"United Kingdom of Great Britain and Northern Ireland","1991","US$","1142766274398.2239"
"United Kingdom of Great Britain and Northern Ireland","1992","US$","1179713014951.8296"
"United Kingdom of Great Britain and Northern Ireland","1993","US$","1061457883633.5503"
"United Kingdom of Great Britain and Northern Ireland","1994","US$","1140443311074.4995"
"United Kingdom of Great Britain and Northern Ireland","1995","US$","1344307805795.8794"
"United Kingdom of Great Britain and Northern Ireland","1996","US$","1419738326016.2551"
"United Kingdom of Great Britain and Northern Ireland","1997","US$","1560819633758.3647"
"United Kingdom of Great Britain and Northern Ireland","1998","US$","1653630314625.2917"
"United Kingdom of Great Britain and Northern Ireland","1999","US$","1687948298671.4595"
"United Kingdom of Great Britain and Northern Ireland","2000","US$","1665457177188.2341"
"United Kingdom of Great Britain and Northern Ireland","2001","US$","1649934139968.7615"
"United Kingdom of Great Britain and Northern Ireland","2002","US$","1785667467664.5012"
"United Kingdom of Great Britain and Northern Ireland","2003","US$","2054515100677.9897"
"United Kingdom of Great Britain and Northern Ireland","2004","US$","2421613753707.569"
"United Kingdom of Great Britain and Northern Ireland","2005","US$","2543187706629.4155"
"United Kingdom of Great Britain and Northern Ireland","2006","US$","2708508028409.1587"
"United Kingdom of Great Britain and Northern Ireland","2007","US$","3090685413005.2705"
"United Kingdom of Great Britain and Northern Ireland","2008","US$","2929593517980.2056"
"United Kingdom of Great Britain and Northern Ireland","2009","US$","2412767598786.4487"
"United Kingdom of Great Britain and Northern Ireland","2010","US$","2485482596184.7095"
"United Kingdom of Great Britain and Northern Ireland","2011","US$","2663805834828.0723"
"United Kingdom of Great Britain and Northern Ireland","2012","US$","2707089726614.636"
"United Kingdom of Great Britain and Northern Ireland","2013","US$","2784853502534.292"
"United Kingdom of Great Britain and Northern Ireland","2014","US$","3064708247921.4277"
"United Kingdom of Great Britain and Northern Ireland","2015","US$","2927911140916.7314"
"United Kingdom of Great Britain and Northern Ireland","2016","US$","2689106566899.611"
"United Kingdom of Great Britain and Northern Ireland","2017","US$","2680237447689.156"
"United Kingdom of Great Britain and Northern Ireland","2018","US$","2871532263010.361"
"United Kingdom of Great Britain and Northern Ireland","2019","US$","2851407164907.808"
"United Kingdom of Great Britain and Northern Ireland","2020","US$","2696778386607.6523"
"United Kingdom of Great Britain and Northern Ireland","2021","US$","3143323050707.2583"
"United Kingdom of Great Britain and Northern Ireland","2022","US$","3114042471144.3877"
"United Kingdom of Great Britain and Northern Ireland","2023","US$","3380854520809.537"
"United Republic of Tanzania: Mainland","1970","US$","2314168967.8622265"
"United Republic of Tanzania: Mainland","1971","US$","2475880764.46476"
"United Republic of Tanzania: Mainland","1972","US$","2818461894.0232205"
"United Republic of Tanzania: Mainland","1973","US$","3362791570.924526"
"United Republic of Tanzania: Mainland","1974","US$","4039428629.5514975"
"United Republic of Tanzania: Mainland","1975","US$","4650315132.523809"
"United Republic of Tanzania: Mainland","1976","US$","5036368227.621951"
"United Republic of Tanzania: Mainland","1977","US$","6016862581.249402"
"United Republic of Tanzania: Mainland","1978","US$","7206662357.506326"
"United Republic of Tanzania: Mainland","1979","US$","7629150342.09656"
"United Republic of Tanzania: Mainland","1980","US$","8877708710.844015"
"United Republic of Tanzania: Mainland","1981","US$","10241211130.59152"
"United Republic of Tanzania: Mainland","1982","US$","10837126940.342377"
"United Republic of Tanzania: Mainland","1983","US$","10932445486.265354"
"United Republic of Tanzania: Mainland","1984","US$","10042867648.908527"
"United Republic of Tanzania: Mainland","1985","US$","11074740716.262037"
"United Republic of Tanzania: Mainland","1986","US$","7823540180.458111"
"United Republic of Tanzania: Mainland","1987","US$","5482046564.327769"
"United Republic of Tanzania: Mainland","1988","US$","6388881340.452286"
"United Republic of Tanzania: Mainland","1989","US$","6823580232.029431"
"United Republic of Tanzania: Mainland","1990","US$","6522056192.015014"
"United Republic of Tanzania: Mainland","1991","US$","7371506621.909887"
"United Republic of Tanzania: Mainland","1992","US$","6561199889.866395"
"United Republic of Tanzania: Mainland","1993","US$","5986857548.113224"
"United Republic of Tanzania: Mainland","1994","US$","6178669104.476843"
"United Republic of Tanzania: Mainland","1995","US$","7198265406.404553"
"United Republic of Tanzania: Mainland","1996","US$","8898076173.042013"
"United Republic of Tanzania: Mainland","1997","US$","10524852801.859106"
"United Republic of Tanzania: Mainland","1998","US$","11481091585.48654"
"United Republic of Tanzania: Mainland","1999","US$","11776904717.886116"
"United Republic of Tanzania: Mainland","2000","US$","12369447693.718313"
"United Republic of Tanzania: Mainland","2001","US$","12609623669.463547"
"United Republic of Tanzania: Mainland","2002","US$","13122142149.863665"
"United Republic of Tanzania: Mainland","2003","US$","14158652042.941208"
"United Republic of Tanzania: Mainland","2004","US$","15575441511.594637"
"United Republic of Tanzania: Mainland","2005","US$","17173711382.973581"
"United Republic of Tanzania: Mainland","2006","US$","18878388502.791386"
"United Republic of Tanzania: Mainland","2007","US$","21811294658.410442"
"United Republic of Tanzania: Mainland","2008","US$","27782618424.44217"
"United Republic of Tanzania: Mainland","2009","US$","28985543317.740967"
"United Republic of Tanzania: Mainland","2010","US$","31861788526.03529"
"United Republic of Tanzania: Mainland","2011","US$","34365633953.292885"
"United Republic of Tanzania: Mainland","2012","US$","39650521805.0564"
"United Republic of Tanzania: Mainland","2013","US$","45680531660.62103"
"United Republic of Tanzania: Mainland","2014","US$","49964824073.69196"
"United Republic of Tanzania: Mainland","2015","US$","47378602926.371056"
"United Republic of Tanzania: Mainland","2016","US$","49774005761.29988"
"United Republic of Tanzania: Mainland","2017","US$","53274907534.80251"
"United Republic of Tanzania: Mainland","2018","US$","54774616385.80538"
"United Republic of Tanzania: Mainland","2019","US$","58797221362.821014"
"United Republic of Tanzania: Mainland","2020","US$","63371879460.845375"
"United Republic of Tanzania: Mainland","2021","US$","67964822210.80189"
"United Republic of Tanzania: Mainland","2022","US$","73779084801.66124"
"United Republic of Tanzania: Mainland","2023","US$","78352546207.65872"
"United Republic of Tanzania: Zanzibar","1970","...","..."
"United Republic of Tanzania: Zanzibar","1971","...","..."
"United Republic of Tanzania: Zanzibar","1972","...","..."
"United Republic of Tanzania: Zanzibar","1973","...","..."
"United Republic of Tanzania: Zanzibar","1974","...","..."
"United Republic of Tanzania: Zanzibar","1975","...","..."
"United Republic of Tanzania: Zanzibar","1976","...","..."
"United Republic of Tanzania: Zanzibar","1977","...","..."
"United Republic of Tanzania: Zanzibar","1978","...","..."
"United Republic of Tanzania: Zanzibar","1979","...","..."
"United Republic of Tanzania: Zanzibar","1980","...","..."
"United Republic of Tanzania: Zanzibar","1981","...","..."
"United Republic of Tanzania: Zanzibar","1982","...","..."
"United Republic of Tanzania: Zanzibar","1983","...","..."
"United Republic of Tanzania: Zanzibar","1984","...","..."
"United Republic of Tanzania: Zanzibar","1985","...","..."
"United Republic of Tanzania: Zanzibar","1986","...","..."
"United Republic of Tanzania: Zanzibar","1987","...","..."
"United Republic of Tanzania: Zanzibar","1988","...","..."
"United Republic of Tanzania: Zanzibar","1989","...","..."
"United Republic of Tanzania: Zanzibar","1990","US$","136679752.72218925"
"United Republic of Tanzania: Zanzibar","1991","US$","154481297.40228558"
"United Republic of Tanzania: Zanzibar","1992","US$","154486568.54743353"
"United Republic of Tanzania: Zanzibar","1993","US$","150381591.65562084"
"United Republic of Tanzania: Zanzibar","1994","US$","152488689.12033635"
"United Republic of Tanzania: Zanzibar","1995","US$","185901730.9644927"
"United Republic of Tanzania: Zanzibar","1996","US$","240363576.969763"
"United Republic of Tanzania: Zanzibar","1997","US$","278641016.31617856"
"United Republic of Tanzania: Zanzibar","1998","US$","280597559.7794625"
"United Republic of Tanzania: Zanzibar","1999","US$","278755659.83939165"
"United Republic of Tanzania: Zanzibar","2000","US$","297788483.2892935"
"United Republic of Tanzania: Zanzibar","2001","US$","317446919.5670983"
"United Republic of Tanzania: Zanzibar","2002","US$","331289043.3501765"
"United Republic of Tanzania: Zanzibar","2003","US$","345333302.08631366"
"United Republic of Tanzania: Zanzibar","2004","US$","395453680.2445452"
"United Republic of Tanzania: Zanzibar","2005","US$","437575646.1521286"
"United Republic of Tanzania: Zanzibar","2006","US$","509643859.8151059"
"United Republic of Tanzania: Zanzibar","2007","US$","590183991.7162163"
"United Republic of Tanzania: Zanzibar","2008","US$","734477440.0255092"
"United Republic of Tanzania: Zanzibar","2009","US$","758192650.5197768"
"United Republic of Tanzania: Zanzibar","2010","US$","828245409.7626511"
"United Republic of Tanzania: Zanzibar","2011","US$","878027951.9722639"
"United Republic of Tanzania: Zanzibar","2012","US$","1019693134.496762"
"United Republic of Tanzania: Zanzibar","2013","US$","1153825088.0120542"
"United Republic of Tanzania: Zanzibar","2014","US$","1298699465.7430904"
"United Republic of Tanzania: Zanzibar","2015","US$","1182492135.9401677"
"United Republic of Tanzania: Zanzibar","2016","US$","1264365834.463792"
"United Republic of Tanzania: Zanzibar","2017","US$","1452300656.3903444"
"United Republic of Tanzania: Zanzibar","2018","US$","1649074226.092178"
"United Republic of Tanzania: Zanzibar","2019","US$","1806583758.4600432"
"United Republic of Tanzania: Zanzibar","2020","US$","1839575477.3822272"
"United Republic of Tanzania: Zanzibar","2021","US$","2065260632.8412013"
"United Republic of Tanzania: Zanzibar","2022","US$","2361198914.800359"
"United Republic of Tanzania: Zanzibar","2023","US$","2483491848.6775107"
"United States","1970","US$","1073303000000"
"United States","1971","US$","1164850000000"
"United States","1972","US$","1279110000000"
"United States","1973","US$","1425376000000"
"United States","1974","US$","1545243000000"
"United States","1975","US$","1684904000000"
"United States","1976","US$","1873412000000"
"United States","1977","US$","2081826000000"
"United States","1978","US$","2351599000000"
"United States","1979","US$","2627333000000"
"United States","1980","US$","2857307000000"
"United States","1981","US$","3207041000000"
"United States","1982","US$","3343789000000"
"United States","1983","US$","3634038000000"
"United States","1984","US$","4037613000000"
"United States","1985","US$","4338979000000"
"United States","1986","US$","4579631000000"
"United States","1987","US$","4855215000000"
"United States","1988","US$","5236438000000"
"United States","1989","US$","5641580000000"
"United States","1990","US$","5963144000000"
"United States","1991","US$","6158129000000"
"United States","1992","US$","6520327000000"
"United States","1993","US$","6858559000000"
"United States","1994","US$","7287236000000"
"United States","1995","US$","7639749000000"
"United States","1996","US$","8073122000000"
"United States","1997","US$","8577552000000"
"United States","1998","US$","9062817000000"
"United States","1999","US$","9631172000000"
"United States","2000","US$","10250952000000"
"United States","2001","US$","10581929000000"
"United States","2002","US$","10929108000000"
"United States","2003","US$","11456450000000"
"United States","2004","US$","12217196000000"
"United States","2005","US$","13039197000000"
"United States","2006","US$","13815583000000"
"United States","2007","US$","14474228000000"
"United States","2008","US$","14769862000000"
"United States","2009","US$","14478067000000"
"United States","2010","US$","15048971000000"
"United States","2011","US$","15599732000000"
"United States","2012","US$","16253970000000"
"United States","2013","US$","16880683000000"
"United States","2014","US$","17608138000000"
"United States","2015","US$","18295019000000"
"United States","2016","US$","18804913000000"
"United States","2017","US$","19612102000000"
"United States","2018","US$","20656516000000"
"United States","2019","US$","21540000000000"
"United States","2020","US$","21354100000000"
"United States","2021","US$","23681200000000"
"United States","2022","US$","26006900000000"
"United States","2023","US$","27720700000000"
"Uruguay","1970","US$","2537645161.2903223"
"Uruguay","1971","US$","3048552419.3548384"
"Uruguay","1972","US$","2450067269.3962727"
"Uruguay","1973","US$","3128676885.923424"
"Uruguay","1974","US$","4026908151.1590285"
"Uruguay","1975","US$","3824532836.3771954"
"Uruguay","1976","US$","4007226949.280848"
"Uruguay","1977","US$","4487941893.8307"
"Uruguay","1978","US$","5377141228.55562"
"Uruguay","1979","US$","7698314224.962792"
"Uruguay","1980","US$","10642194984.844309"
"Uruguay","1981","US$","11880159357.628202"
"Uruguay","1982","US$","9727902141.482218"
"Uruguay","1983","US$","5635610957.310131"
"Uruguay","1984","US$","5355153238.311071"
"Uruguay","1985","US$","5225664527.502962"
"Uruguay","1986","US$","6493946628.07269"
"Uruguay","1987","US$","8136331258.637369"
"Uruguay","1988","US$","8395984290.426282"
"Uruguay","1989","US$","8603748975.46867"
"Uruguay","1990","US$","9239418919.879892"
"Uruguay","1991","US$","11095737334.441343"
"Uruguay","1992","US$","14222511105.760288"
"Uruguay","1993","US$","16568270579.259962"
"Uruguay","1994","US$","19298684423.61259"
"Uruguay","1995","US$","21312174665.144115"
"Uruguay","1996","US$","22657097697.811054"
"Uruguay","1997","US$","23969738389.26057"
"Uruguay","1998","US$","25385887793.224655"
"Uruguay","1999","US$","23983931988.7471"
"Uruguay","2000","US$","22823249544.922596"
"Uruguay","2001","US$","20898758301.03843"
"Uruguay","2002","US$","13606503906.954405"
"Uruguay","2003","US$","12045652609.332483"
"Uruguay","2004","US$","13686372968.905338"
"Uruguay","2005","US$","17362839378.069008"
"Uruguay","2006","US$","19579486728.586227"
"Uruguay","2007","US$","23410566858.498936"
"Uruguay","2008","US$","30366193328.50152"
"Uruguay","2009","US$","31660914909.691433"
"Uruguay","2010","US$","40284556645.24266"
"Uruguay","2011","US$","48628994741.09094"
"Uruguay","2012","US$","52699330576.21461"
"Uruguay","2013","US$","59963430298.49961"
"Uruguay","2014","US$","60484771780.80984"
"Uruguay","2015","US$","57080759094.68036"
"Uruguay","2016","US$","57480787465.27156"
"Uruguay","2017","US$","65006032835.36288"
"Uruguay","2018","US$","65344413974.279106"
"Uruguay","2019","US$","62222398712.2531"
"Uruguay","2020","US$","53668634628.52525"
"Uruguay","2021","US$","60758875502.7457"
"Uruguay","2022","US$","70158756246.79948"
"Uruguay","2023","US$","77235750314.94756"
"Uzbekistan","1970","...","..."
"Uzbekistan","1971","...","..."
"Uzbekistan","1972","...","..."
"Uzbekistan","1973","...","..."
"Uzbekistan","1974","...","..."
"Uzbekistan","1975","...","..."
"Uzbekistan","1976","...","..."
"Uzbekistan","1977","...","..."
"Uzbekistan","1978","...","..."
"Uzbekistan","1979","...","..."
"Uzbekistan","1980","...","..."
"Uzbekistan","1981","...","..."
"Uzbekistan","1982","...","..."
"Uzbekistan","1983","...","..."
"Uzbekistan","1984","...","..."
"Uzbekistan","1985","...","..."
"Uzbekistan","1986","...","..."
"Uzbekistan","1987","...","..."
"Uzbekistan","1988","...","..."
"Uzbekistan","1989","...","..."
"Uzbekistan","1990","US$","17670001819.849514"
"Uzbekistan","1991","US$","18177691508.192787"
"Uzbekistan","1992","US$","16509637945.161797"
"Uzbekistan","1993","US$","16513137801.113136"
"Uzbekistan","1994","US$","15988873249.637005"
"Uzbekistan","1995","US$","16177192720.868647"
"Uzbekistan","1996","US$","16753406999.600653"
"Uzbekistan","1997","US$","18641128673.086082"
"Uzbekistan","1998","US$","17994380804.416607"
"Uzbekistan","1999","US$","20507843171.30592"
"Uzbekistan","2000","US$","16520375874.06194"
"Uzbekistan","2001","US$","11077211988.628878"
"Uzbekistan","2002","US$","11721824024.277817"
"Uzbekistan","2003","US$","12056702234.484966"
"Uzbekistan","2004","US$","14344357410.60108"
"Uzbekistan","2005","US$","17085010604.716257"
"Uzbekistan","2006","US$","20890120715.188858"
"Uzbekistan","2007","US$","27222789855.2082"
"Uzbekistan","2008","US$","36570677857.67863"
"Uzbekistan","2009","US$","42281154915.03068"
"Uzbekistan","2010","US$","50010000886.96478"
"Uzbekistan","2011","US$","60489808913.050545"
"Uzbekistan","2012","US$","67914670756.605095"
"Uzbekistan","2013","US$","73180037913.03253"
"Uzbekistan","2014","US$","80845385816.20619"
"Uzbekistan","2015","US$","86196264741.94232"
"Uzbekistan","2016","US$","86138288633.22409"
"Uzbekistan","2017","US$","62081322741.12281"
"Uzbekistan","2018","US$","52870108217.56263"
"Uzbekistan","2019","US$","60283503705.39067"
"Uzbekistan","2020","US$","60224701295.79833"
"Uzbekistan","2021","US$","69600614988.60388"
"Uzbekistan","2022","US$","81140823249.75087"
"Uzbekistan","2023","US$","90889149307.76216"
"Vanuatu","1970","US$","38009945.429515034"
"Vanuatu","1971","US$","41066477.22032695"
"Vanuatu","1972","US$","54568337.83139"
"Vanuatu","1973","US$","66567750.57775027"
"Vanuatu","1974","US$","66380250.98413719"
"Vanuatu","1975","US$","80304268.72732486"
"Vanuatu","1976","US$","77563534.96232793"
"Vanuatu","1977","US$","81253725.36457391"
"Vanuatu","1978","US$","99159937.97039708"
"Vanuatu","1979","US$","130491906.01608813"
"Vanuatu","1980","US$","124108470.01908632"
"Vanuatu","1981","US$","108054072.74638943"
"Vanuatu","1982","US$","107386477.85320935"
"Vanuatu","1983","US$","114552492.32579625"
"Vanuatu","1984","US$","139445966.3127772"
"Vanuatu","1985","US$","132567685.57904127"
"Vanuatu","1986","US$","128759342.41434452"
"Vanuatu","1987","US$","136842570.7644569"
"Vanuatu","1988","US$","161153805.06739283"
"Vanuatu","1989","US$","158020682.27504444"
"Vanuatu","1990","US$","171483936.95608068"
"Vanuatu","1991","US$","204237673.02440116"
"Vanuatu","1992","US$","213043502.69420087"
"Vanuatu","1993","US$","219337072.66085038"
"Vanuatu","1994","US$","240477205.7557665"
"Vanuatu","1995","US$","272633330.72085786"
"Vanuatu","1996","US$","283348297.50788724"
"Vanuatu","1997","US$","285287900.3739724"
"Vanuatu","1998","US$","259835075.32691592"
"Vanuatu","1999","US$","265005464.5748596"
"Vanuatu","2000","US$","264975213.23953277"
"Vanuatu","2001","US$","254959115.7195699"
"Vanuatu","2002","US$","264219503.92844802"
"Vanuatu","2003","US$","314455045.7964759"
"Vanuatu","2004","US$","364996869.129618"
"Vanuatu","2005","US$","394962431.8242508"
"Vanuatu","2006","US$","439376661.7207343"
"Vanuatu","2007","US$","526428309.94508845"
"Vanuatu","2008","US$","590748431.345135"
"Vanuatu","2009","US$","592622317.2950077"
"Vanuatu","2010","US$","670712977.3749433"
"Vanuatu","2011","US$","770153591.0881772"
"Vanuatu","2012","US$","747839697.7465929"
"Vanuatu","2013","US$","758304466.2453394"
"Vanuatu","2014","US$","773717013.2033031"
"Vanuatu","2015","US$","759690183.2750938"
"Vanuatu","2016","US$","804323576.861028"
"Vanuatu","2017","US$","880043281.6787136"
"Vanuatu","2018","US$","914727908.1377933"
"Vanuatu","2019","US$","936526267.6225132"
"Vanuatu","2020","US$","909421043.508407"
"Vanuatu","2021","US$","982362211.9184121"
"Vanuatu","2022","US$","1056608432.7262373"
"Vanuatu","2023","US$","1118846739.5949209"
"Venezuela (Bolivarian Republic of)","1970","US$","13863636363.636362"
"Venezuela (Bolivarian Republic of)","1971","US$","15227272727.272728"
"Venezuela (Bolivarian Republic of)","1972","US$","16744186046.51163"
"Venezuela (Bolivarian Republic of)","1973","US$","20000000000"
"Venezuela (Bolivarian Republic of)","1974","US$","30465116279.069767"
"Venezuela (Bolivarian Republic of)","1975","US$","32093023255.813953"
"Venezuela (Bolivarian Republic of)","1976","US$","36744186046.51163"
"Venezuela (Bolivarian Republic of)","1977","US$","42325581395.34884"
"Venezuela (Bolivarian Republic of)","1978","US$","46046511627.906975"
"Venezuela (Bolivarian Republic of)","1979","US$","56511627906.97674"
"Venezuela (Bolivarian Republic of)","1980","US$","69069767441.86046"
"Venezuela (Bolivarian Republic of)","1981","US$","77674418604.65117"
"Venezuela (Bolivarian Republic of)","1982","US$","79302325581.39534"
"Venezuela (Bolivarian Republic of)","1983","US$","79069767441.86046"
"Venezuela (Bolivarian Republic of)","1984","US$","58004750593.824196"
"Venezuela (Bolivarian Republic of)","1985","US$","60000000000"
"Venezuela (Bolivarian Republic of)","1986","US$","58515463917.525795"
"Venezuela (Bolivarian Republic of)","1987","US$","46482758620.68965"
"Venezuela (Bolivarian Republic of)","1988","US$","58275862068.96551"
"Venezuela (Bolivarian Republic of)","1989","US$","41450876771.55894"
"Venezuela (Bolivarian Republic of)","1990","US$","47044606362.182304"
"Venezuela (Bolivarian Republic of)","1991","US$","51720193576.77078"
"Venezuela (Bolivarian Republic of)","1992","US$","58464538142.82236"
"Venezuela (Bolivarian Republic of)","1993","US$","58101091642.96852"
"Venezuela (Bolivarian Republic of)","1994","US$","57163933495.999664"
"Venezuela (Bolivarian Republic of)","1995","US$","74891852410.34808"
"Venezuela (Bolivarian Republic of)","1996","US$","68256858751.64731"
"Venezuela (Bolivarian Republic of)","1997","US$","85837369534.07469"
"Venezuela (Bolivarian Republic of)","1998","US$","91336823522.2499"
"Venezuela (Bolivarian Republic of)","1999","US$","97973502827.19057"
"Venezuela (Bolivarian Republic of)","2000","US$","117146918966.61595"
"Venezuela (Bolivarian Republic of)","2001","US$","122911595020.6705"
"Venezuela (Bolivarian Republic of)","2002","US$","92889443989.8359"
"Venezuela (Bolivarian Republic of)","2003","US$","83529234838.07417"
"Venezuela (Bolivarian Republic of)","2004","US$","112451357067.32484"
"Venezuela (Bolivarian Republic of)","2005","US$","145513578179.20804"
"Venezuela (Bolivarian Republic of)","2006","US$","183477410340.00934"
"Venezuela (Bolivarian Republic of)","2007","US$","230364229156.96323"
"Venezuela (Bolivarian Republic of)","2008","US$","315600372612.94836"
"Venezuela (Bolivarian Republic of)","2009","US$","329419189566.83746"
"Venezuela (Bolivarian Republic of)","2010","US$","393805672595.65045"
"Venezuela (Bolivarian Republic of)","2011","US$","316482875993.7519"
"Venezuela (Bolivarian Republic of)","2012","US$","381285990721.09674"
"Venezuela (Bolivarian Republic of)","2013","US$","371338321701.63"
"Venezuela (Bolivarian Republic of)","2014","US$","363090174982.26886"
"Venezuela (Bolivarian Republic of)","2015","US$","343660995237.79535"
"Venezuela (Bolivarian Republic of)","2016","US$","287807855181.6365"
"Venezuela (Bolivarian Republic of)","2017","US$","247051064482.53387"
"Venezuela (Bolivarian Republic of)","2018","US$","203126902525.90906"
"Venezuela (Bolivarian Republic of)","2019","US$","149255616650.6084"
"Venezuela (Bolivarian Republic of)","2020","US$","105878515578.98363"
"Venezuela (Bolivarian Republic of)","2021","US$","111816046601.71495"
"Venezuela (Bolivarian Republic of)","2022","US$","129374011486.79861"
"Venezuela (Bolivarian Republic of)","2023","US$","139394905065.6677"
"Viet Nam","1970","US$","2775103464"
"Viet Nam","1971","US$","3023991667"
"Viet Nam","1972","US$","3236929352"
"Viet Nam","1973","US$","3350311755"
"Viet Nam","1974","US$","3604730807"
"Viet Nam","1975","US$","3896483090"
"Viet Nam","1976","US$","4540826993"
"Viet Nam","1977","US$","5413318416"
"Viet Nam","1978","US$","6531932617"
"Viet Nam","1979","US$","7140326003"
"Viet Nam","1980","US$","2395583100.390061"
"Viet Nam","1981","US$","1884649558.632713"
"Viet Nam","1982","US$","2190341259.3853254"
"Viet Nam","1983","US$","3288742278.283004"
"Viet Nam","1984","US$","5068648135.944525"
"Viet Nam","1985","US$","4757808052.518992"
"Viet Nam","1986","US$","5016566403.37653"
"Viet Nam","1987","US$","5271880147.853272"
"Viet Nam","1988","US$","5736196730.121764"
"Viet Nam","1989","US$","6240550029.075649"
"Viet Nam","1990","US$","6417488058.255431"
"Viet Nam","1991","US$","7578325344.069529"
"Viet Nam","1992","US$","9866997752.67188"
"Viet Nam","1993","US$","13180955662.671402"
"Viet Nam","1994","US$","16281180654.7709"
"Viet Nam","1995","US$","20736258011.91312"
"Viet Nam","1996","US$","24657506930.229473"
"Viet Nam","1997","US$","26843623395.149864"
"Viet Nam","1998","US$","27209602050.045223"
"Viet Nam","1999","US$","28683727991.01106"
"Viet Nam","2000","US$","31172627975.507755"
"Viet Nam","2001","US$","32685198809.29467"
"Viet Nam","2002","US$","35064105500.83445"
"Viet Nam","2003","US$","39552513231.0669"
"Viet Nam","2004","US$","49494347770.86244"
"Viet Nam","2005","US$","57633255739.41041"
"Viet Nam","2006","US$","69618472048.74751"
"Viet Nam","2007","US$","85173687027.01532"
"Viet Nam","2008","US$","114401512605.36429"
"Viet Nam","2009","US$","128331428150.96602"
"Viet Nam","2010","US$","147201173305.06406"
"Viet Nam","2011","US$","172595049295.85733"
"Viet Nam","2012","US$","195590660987.1716"
"Viet Nam","2013","US$","213708811603.90363"
"Viet Nam","2014","US$","233451469529.0798"
"Viet Nam","2015","US$","239258328374.83508"
"Viet Nam","2016","US$","257096001322.80014"
"Viet Nam","2017","US$","281353606165.8896"
"Viet Nam","2018","US$","310106478468.03674"
"Viet Nam","2019","US$","334365270373.5847"
"Viet Nam","2020","US$","346615738493.8063"
"Viet Nam","2021","US$","366474752802.8745"
"Viet Nam","2022","US$","410324028911.625"
"Viet Nam","2023","US$","429716969049.5928"
"Western Africa","1970","US$","41363523550.37219"
"Western Africa","1971","US$","46955335403.09969"
"Western Africa","1972","US$","55061177259.001366"
"Western Africa","1973","US$","62753736441.55036"
"Western Africa","1974","US$","94720542086.79866"
"Western Africa","1975","US$","118534040880.27429"
"Western Africa","1976","US$","141467257306.21878"
"Western Africa","1977","US$","164116213041.0225"
"Western Africa","1978","US$","185153460732.81726"
"Western Africa","1979","US$","222861617374.3696"
"Western Africa","1980","US$","283047048700.1653"
"Western Africa","1981","US$","262281630077.17664"
"Western Africa","1982","US$","256597735056.67587"
"Western Africa","1983","US$","252499030144.89966"
"Western Africa","1984","US$","249835234713.05292"
"Western Africa","1985","US$","245101138835.73456"
"Western Africa","1986","US$","154517784451.80237"
"Western Africa","1987","US$","107421691217.11882"
"Western Africa","1988","US$","119726910820.30965"
"Western Africa","1989","US$","106416713293.45917"
"Western Africa","1990","US$","118371542471.50362"
"Western Africa","1991","US$","118046970532.82999"
"Western Africa","1992","US$","112852812132.34453"
"Western Africa","1993","US$","112537571665.84018"
"Western Africa","1994","US$","94562560123.36353"
"Western Africa","1995","US$","105288188508.01862"
"Western Africa","1996","US$","112195141986.31445"
"Western Africa","1997","US$","112738629627.7393"
"Western Africa","1998","US$","118032136458.74966"
"Western Africa","1999","US$","120565590587.15125"
"Western Africa","2000","US$","119890946281.67699"
"Western Africa","2001","US$","127104911801.67331"
"Western Africa","2002","US$","154133088036.61105"
"Western Africa","2003","US$","176713252967.4793"
"Western Africa","2004","US$","217350162217.83426"
"Western Africa","2005","US$","265282949347.1422"
"Western Africa","2006","US$","334947366083.2663"
"Western Africa","2007","US$","393722944897.2831"
"Western Africa","2008","US$","477218277912.8545"
"Western Africa","2009","US$","427532040104.6949"
"Western Africa","2010","US$","523176584004.5484"
"Western Africa","2011","US$","589892094402.7537"
"Western Africa","2012","US$","645473095557.068"
"Western Africa","2013","US$","723862262539.422"
"Western Africa","2014","US$","782201838483.943"
"Western Africa","2015","US$","691658445606.844"
"Western Africa","2016","US$","610954987931.9294"
"Western Africa","2017","US$","599789941647.8918"
"Western Africa","2018","US$","671999576050.077"
"Western Africa","2019","US$","730708780765.9836"
"Western Africa","2020","US$","697135992509.0604"
"Western Africa","2021","US$","741274545782.6039"
"Western Africa","2022","US$","772705351159.1665"
"Western Africa","2023","US$","699250532387.5352"
"Western Asia","1970","US$","50626991649.4141"
"Western Asia","1971","US$","54860892908.17272"
"Western Asia","1972","US$","67978060248.95517"
"Western Asia","1973","US$","89389926224.47597"
"Western Asia","1974","US$","158634225029.42493"
"Western Asia","1975","US$","178509433807.7117"
"Western Asia","1976","US$","214453259897.5986"
"Western Asia","1977","US$","247754994220.2212"
"Western Asia","1978","US$","268812979741.61688"
"Western Asia","1979","US$","366659517809.30505"
"Western Asia","1980","US$","419725961879.9313"
"Western Asia","1981","US$","451020413933.3384"
"Western Asia","1982","US$","407178654133.02856"
"Western Asia","1983","US$","378188227898.0835"
"Western Asia","1984","US$","365986863432.54755"
"Western Asia","1985","US$","348459096418.6411"
"Western Asia","1986","US$","339925502979.7484"
"Western Asia","1987","US$","374315313225.4059"
"Western Asia","1988","US$","394971902249.13"
"Western Asia","1989","US$","429655203770.1959"
"Western Asia","1990","US$","549453114998.26715"
"Western Asia","1991","US$","552089476493.4941"
"Western Asia","1992","US$","592556341371.7157"
"Western Asia","1993","US$","622325783848.3267"
"Western Asia","1994","US$","570217269844.2422"
"Western Asia","1995","US$","667646832419.9353"
"Western Asia","1996","US$","735304029260.9343"
"Western Asia","1997","US$","772243935982.1599"
"Western Asia","1998","US$","765567854289.8386"
"Western Asia","1999","US$","790058488439.3264"
"Western Asia","2000","US$","897405986809.2158"
"Western Asia","2001","US$","818372125222.8416"
"Western Asia","2002","US$","871095402194.6619"
"Western Asia","2003","US$","1016002651576.1533"
"Western Asia","2004","US$","1239851871628.3955"
"Western Asia","2005","US$","1522924400123.0623"
"Western Asia","2006","US$","1761396261527.9246"
"Western Asia","2007","US$","2088141941292.7642"
"Western Asia","2008","US$","2561419492006.461"
"Western Asia","2009","US$","2207020209390.3384"
"Western Asia","2010","US$","2583369192784.7095"
"Western Asia","2011","US$","3057082264019.0186"
"Western Asia","2012","US$","3256659783851.8984"
"Western Asia","2013","US$","3423739876854.648"
"Western Asia","2014","US$","3441675378968.461"
"Western Asia","2015","US$","3006655894147.211"
"Western Asia","2016","US$","2985586306613.7754"
"Western Asia","2017","US$","3146742115035.6353"
"Western Asia","2018","US$","3375004562232.7354"
"Western Asia","2019","US$","3357892935693.341"
"Western Asia","2020","US$","2974043512144.9434"
"Western Asia","2021","US$","3513263816706.403"
"Western Asia","2022","US$","4179284395370.1304"
"Western Asia","2023","US$","4267406687481.5747"
"Western Europe","1970","US$","470639441930.7858"
"Western Europe","1971","US$","539403229434.7663"
"Western Europe","1972","US$","655766365379.2249"
"Western Europe","1973","US$","864563407519.5237"
"Western Europe","1974","US$","967789071077.5388"
"Western Europe","1975","US$","1125155371209.3088"
"Western Europe","1976","US$","1186944881585.2468"
"Western Europe","1977","US$","1350165168949.5613"
"Western Europe","1978","US$","1673571563917.5747"
"Western Europe","1979","US$","1984967397572.6082"
"Western Europe","1980","US$","2182977853944.1963"
"Western Europe","1981","US$","1871519294609.518"
"Western Europe","1982","US$","1800765721722.0679"
"Western Europe","1983","US$","1760457944209.6335"
"Western Europe","1984","US$","1663542065626.364"
"Western Europe","1985","US$","1699168904667.5674"
"Western Europe","1986","US$","2403182451944.962"
"Western Europe","1987","US$","2958338296341.292"
"Western Europe","1988","US$","3202858553360.4243"
"Western Europe","1989","US$","3197921310065.6997"
"Western Europe","1990","US$","4008423231362.992"
"Western Europe","1991","US$","4133337753833.7666"
"Western Europe","1992","US$","4623855431998.02"
"Western Europe","1993","US$","4454443731145.34"
"Western Europe","1994","US$","4752376149713.758"
"Western Europe","1995","US$","5548551216502.23"
"Western Europe","1996","US$","5438930384239.957"
"Western Europe","1997","US$","4869767358712.904"
"Western Europe","1998","US$","4988131917587.401"
"Western Europe","1999","US$","4948821470265.375"
"Western Europe","2000","US$","4484363126240.357"
"Western Europe","2001","US$","4515877972505.787"
"Western Europe","2002","US$","4880326212988.466"
"Western Europe","2003","US$","5929791560955.974"
"Western Europe","2004","US$","6738616378569.528"
"Western Europe","2005","US$","6937556137170.24"
"Western Europe","2006","US$","7337470560013.569"
"Western Europe","2007","US$","8404362500834.151"
"Western Europe","2008","US$","9278293379947.523"
"Western Europe","2009","US$","8562250720505.04"
"Western Europe","2010","US$","8504287299935.65"
"Western Europe","2011","US$","9354550453335.453"
"Western Europe","2012","US$","8789731312911.645"
"Western Europe","2013","US$","9243178483641.072"
"Western Europe","2014","US$","9514206826800.037"
"Western Europe","2015","US$","8249109481068.52"
"Western Europe","2016","US$","8436135537103.071"
"Western Europe","2017","US$","8889846612981.414"
"Western Europe","2018","US$","9568979368567.857"
"Western Europe","2019","US$","9393742359121.586"
"Western Europe","2020","US$","9313458608389.053"
"Western Europe","2021","US$","10365593611751.03"
"Western Europe","2022","US$","9997981136475.969"
"Western Europe","2023","US$","10886505120114.479"
"World","1970","US$","3427172997898.977"
"World","1971","US$","3772214048761.7153"
"World","1972","US$","4340816596192.3936"
"World","1973","US$","5282175547966.411"
"World","1974","US$","5985444999048.802"
"World","1975","US$","6693544446864.051"
"World","1976","US$","7233850379120.64"
"World","1977","US$","8145873766265.652"
"World","1978","US$","9651589401770.615"
"World","1979","US$","11108634624413.023"
"World","1980","US$","12398920012441.93"
"World","1981","US$","12673153849163.475"
"World","1982","US$","12576716412596.02"
"World","1983","US$","12895349476086.562"
"World","1984","US$","13265123899682.84"
"World","1985","US$","13620838542751.402"
"World","1986","US$","15705910423669.064"
"World","1987","US$","17767888235123.67"
"World","1988","US$","19881549002405.664"
"World","1989","US$","20787631700880.742"
"World","1990","US$","23100564287210.39"
"World","1991","US$","24260800646685.438"
"World","1992","US$","25963395036914.93"
"World","1993","US$","26462011170145.83"
"World","1994","US$","28227625760713.62"
"World","1995","US$","31300091034396.188"
"World","1996","US$","31976040305737.094"
"World","1997","US$","31827756885115.812"
"World","1998","US$","31637722634931.414"
"World","1999","US$","32879310054686.395"
"World","2000","US$","33859671314018.656"
"World","2001","US$","33671225894035.95"
"World","2002","US$","35025030010459.72"
"World","2003","US$","39290911360839.234"
"World","2004","US$","44235018455635.11"
"World","2005","US$","47928471531605.98"
"World","2006","US$","51939165859464.98"
"World","2007","US$","58575304601258.055"
"World","2008","US$","64306533749996.234"
"World","2009","US$","60999118392877.125"
"World","2010","US$","66806397488430.7"
"World","2011","US$","74311301759277.61"
"World","2012","US$","75849321189419.4"
"World","2013","US$","78040588632581.03"
"World","2014","US$","80023498010890.56"
"World","2015","US$","75630164258580.86"
"World","2016","US$","76886076734078.08"
"World","2017","US$","81819434998905.67"
"World","2018","US$","86826221700897.44"
"World","2019","US$","88007380680500.4"
"World","2020","US$","85789778508144.45"
"World","2021","US$","97917486802106.03"
"World","2022","US$","101629391210536.77"
"World","2023","US$","105943459585289.08"
"Yemen","1970","...","..."
"Yemen","1971","...","..."
"Yemen","1972","...","..."
"Yemen","1973","...","..."
"Yemen","1974","...","..."
"Yemen","1975","...","..."
"Yemen","1976","...","..."
"Yemen","1977","...","..."
"Yemen","1978","...","..."
"Yemen","1979","...","..."
"Yemen","1980","...","..."
"Yemen","1981","...","..."
"Yemen","1982","...","..."
"Yemen","1983","...","..."
"Yemen","1984","...","..."
"Yemen","1985","...","..."
"Yemen","1986","...","..."
"Yemen","1987","...","..."
"Yemen","1988","...","..."
"Yemen","1989","US$","3254726551.5099134"
"Yemen","1990","US$","4028697590.9997315"
"Yemen","1991","US$","4177897402.421338"
"Yemen","1992","US$","4482454798.176667"
"Yemen","1993","US$","4775388939.49752"
"Yemen","1994","US$","4982886494.001284"
"Yemen","1995","US$","5934624161.012727"
"Yemen","1996","US$","7283676170.86935"
"Yemen","1997","US$","7796848613.297944"
"Yemen","1998","US$","7250960867.958623"
"Yemen","1999","US$","8693539127.221176"
"Yemen","2000","US$","10864562835.256796"
"Yemen","2001","US$","11240446009.896917"
"Yemen","2002","US$","12247088235.900356"
"Yemen","2003","US$","13555490520.409948"
"Yemen","2004","US$","15616652724.501339"
"Yemen","2005","US$","19041162981.963406"
"Yemen","2006","US$","22812476327.820007"
"Yemen","2007","US$","25633674769.225655"
"Yemen","2008","US$","30397201734.905693"
"Yemen","2009","US$","28459502978.66364"
"Yemen","2010","US$","30906751818.215767"
"Yemen","2011","US$","31078858676.02432"
"Yemen","2012","US$","32075013131.74994"
"Yemen","2013","US$","34755287255.056076"
"Yemen","2014","US$","33224132578.454094"
"Yemen","2015","US$","24818907162.03036"
"Yemen","2016","US$","18728482383.452873"
"Yemen","2017","US$","18391649816.162582"
"Yemen","2018","US$","26671579498.613247"
"Yemen","2019","US$","12980213073.90184"
"Yemen","2020","US$","9416580652.108599"
"Yemen","2021","US$","9032076359.800945"
"Yemen","2022","US$","10959998928.860987"
"Yemen","2023","US$","8757939650.424505"
"Yemen: Former Democratic Yemen","1970","US$","153591227.7420454"
"Yemen: Former Democratic Yemen","1971","US$","141640385.59917894"
"Yemen: Former Democratic Yemen","1972","US$","158511866.77188104"
"Yemen: Former Democratic Yemen","1973","US$","129765625.81782986"
"Yemen: Former Democratic Yemen","1974","US$","137901052.97598928"
"Yemen: Former Democratic Yemen","1975","US$","140438157.52552557"
"Yemen: Former Democratic Yemen","1976","US$","182453595.1941774"
"Yemen: Former Democratic Yemen","1977","US$","224670635.8112873"
"Yemen: Former Democratic Yemen","1978","US$","271026938.87765616"
"Yemen: Former Democratic Yemen","1979","US$","291787843.17835885"
"Yemen: Former Democratic Yemen","1980","US$","355261334.32119936"
"Yemen: Former Democratic Yemen","1981","US$","408174665.68852264"
"Yemen: Former Democratic Yemen","1982","US$","486867169.5217098"
"Yemen: Former Democratic Yemen","1983","US$","512927376.40199786"
"Yemen: Former Democratic Yemen","1984","US$","547392862.1691809"
"Yemen: Former Democratic Yemen","1985","US$","533078495.9682638"
"Yemen: Former Democratic Yemen","1986","US$","463345280.7788475"
"Yemen: Former Democratic Yemen","1987","US$","477018615.7384645"
"Yemen: Former Democratic Yemen","1988","US$","501866568.93897206"
"Yemen: Former Democratic Yemen","1989","US$","577928544.1565117"
"Yemen: Former Democratic Yemen","1990","US$","697312119.726175"
"Yemen: Former Democratic Yemen","1991","...","..."
"Yemen: Former Democratic Yemen","1992","...","..."
"Yemen: Former Democratic Yemen","1993","...","..."
"Yemen: Former Democratic Yemen","1994","...","..."
"Yemen: Former Democratic Yemen","1995","...","..."
"Yemen: Former Democratic Yemen","1996","...","..."
"Yemen: Former Democratic Yemen","1997","...","..."
"Yemen: Former Democratic Yemen","1998","...","..."
"Yemen: Former Democratic Yemen","1999","...","..."
"Yemen: Former Democratic Yemen","2000","...","..."
"Yemen: Former Democratic Yemen","2001","...","..."
"Yemen: Former Democratic Yemen","2002","...","..."
"Yemen: Former Democratic Yemen","2003","...","..."
"Yemen: Former Democratic Yemen","2004","...","..."
"Yemen: Former Democratic Yemen","2005","...","..."
"Yemen: Former Democratic Yemen","2006","...","..."
"Yemen: Former Democratic Yemen","2007","...","..."
"Yemen: Former Democratic Yemen","2008","...","..."
"Yemen: Former Democratic Yemen","2009","...","..."
"Yemen: Former Democratic Yemen","2010","...","..."
"Yemen: Former Democratic Yemen","2011","...","..."
"Yemen: Former Democratic Yemen","2012","...","..."
"Yemen: Former Democratic Yemen","2013","...","..."
"Yemen: Former Democratic Yemen","2014","...","..."
"Yemen: Former Democratic Yemen","2015","...","..."
"Yemen: Former Democratic Yemen","2016","...","..."
"Yemen: Former Democratic Yemen","2017","...","..."
"Yemen: Former Democratic Yemen","2018","...","..."
"Yemen: Former Democratic Yemen","2019","...","..."
"Yemen: Former Democratic Yemen","2020","...","..."
"Yemen: Former Democratic Yemen","2021","...","..."
"Yemen: Former Democratic Yemen","2022","...","..."
"Yemen: Former Democratic Yemen","2023","...","..."
"Yemen: Former Yemen Arab Republic","1970","US$","398314812.9322696"
"Yemen: Former Yemen Arab Republic","1971","US$","471487494.96521664"
"Yemen: Former Yemen Arab Republic","1972","US$","686981115.0718509"
"Yemen: Former Yemen Arab Republic","1973","US$","624172578.3041513"
"Yemen: Former Yemen Arab Republic","1974","US$","758302680.2562315"
"Yemen: Former Yemen Arab Republic","1975","US$","924623214.5896317"
"Yemen: Former Yemen Arab Republic","1976","US$","1017154641.7913254"
"Yemen: Former Yemen Arab Republic","1977","US$","1172798885.5154989"
"Yemen: Former Yemen Arab Republic","1978","US$","1300781449.1156185"
"Yemen: Former Yemen Arab Republic","1979","US$","1440138073.4097383"
"Yemen: Former Yemen Arab Republic","1980","US$","1619893490.0787485"
"Yemen: Former Yemen Arab Republic","1981","US$","1782424784.9250062"
"Yemen: Former Yemen Arab Republic","1982","US$","2024692900.0775356"
"Yemen: Former Yemen Arab Republic","1983","US$","2118353836.6530235"
"Yemen: Former Yemen Arab Republic","1984","US$","2186490584.5428686"
"Yemen: Former Yemen Arab Republic","1985","US$","2322224161.744856"
"Yemen: Former Yemen Arab Republic","1986","US$","2438922622.5418854"
"Yemen: Former Yemen Arab Republic","1987","US$","2565280379.5886602"
"Yemen: Former Yemen Arab Republic","1988","US$","2702759596.7527847"
"Yemen: Former Yemen Arab Republic","1989","US$","2864529824.2640247"
"Yemen: Former Yemen Arab Republic","1990","US$","3595096000.0039167"
"Yemen: Former Yemen Arab Republic","1991","...","..."
"Yemen: Former Yemen Arab Republic","1992","...","..."
"Yemen: Former Yemen Arab Republic","1993","...","..."
"Yemen: Former Yemen Arab Republic","1994","...","..."
"Yemen: Former Yemen Arab Republic","1995","...","..."
"Yemen: Former Yemen Arab Republic","1996","...","..."
"Yemen: Former Yemen Arab Republic","1997","...","..."
"Yemen: Former Yemen Arab Republic","1998","...","..."
"Yemen: Former Yemen Arab Republic","1999","...","..."
"Yemen: Former Yemen Arab Republic","2000","...","..."
"Yemen: Former Yemen Arab Republic","2001","...","..."
"Yemen: Former Yemen Arab Republic","2002","...","..."
"Yemen: Former Yemen Arab Republic","2003","...","..."
"Yemen: Former Yemen Arab Republic","2004","...","..."
"Yemen: Former Yemen Arab Republic","2005","...","..."
"Yemen: Former Yemen Arab Republic","2006","...","..."
"Yemen: Former Yemen Arab Republic","2007","...","..."
"Yemen: Former Yemen Arab Republic","2008","...","..."
"Yemen: Former Yemen Arab Republic","2009","...","..."
"Yemen: Former Yemen Arab Republic","2010","...","..."
"Yemen: Former Yemen Arab Republic","2011","...","..."
"Yemen: Former Yemen Arab Republic","2012","...","..."
"Yemen: Former Yemen Arab Republic","2013","...","..."
"Yemen: Former Yemen Arab Republic","2014","...","..."
"Yemen: Former Yemen Arab Republic","2015","...","..."
"Yemen: Former Yemen Arab Republic","2016","...","..."
"Yemen: Former Yemen Arab Republic","2017","...","..."
"Yemen: Former Yemen Arab Republic","2018","...","..."
"Yemen: Former Yemen Arab Republic","2019","...","..."
"Yemen: Former Yemen Arab Republic","2020","...","..."
"Yemen: Former Yemen Arab Republic","2021","...","..."
"Yemen: Former Yemen Arab Republic","2022","...","..."
"Yemen: Former Yemen Arab Republic","2023","...","..."
"Zambia","1970","US$","1544192382.9407232"
"Zambia","1971","US$","1574164972.804739"
"Zambia","1972","US$","1851647204.2917151"
"Zambia","1973","US$","2349834204.675836"
"Zambia","1974","US$","2894548228.164219"
"Zambia","1975","US$","2658265319.293461"
"Zambia","1976","US$","2813702551.5837374"
"Zambia","1977","US$","2767425574.0893087"
"Zambia","1978","US$","3098138218.1515393"
"Zambia","1979","US$","3827221008.403363"
"Zambia","1980","US$","4314873626.373625"
"Zambia","1981","US$","4016122280.7858186"
"Zambia","1982","US$","4275405652.7590847"
"Zambia","1983","US$","3992301826.846704"
"Zambia","1984","US$","3194055408.0316343"
"Zambia","1985","US$","2772255857.591532"
"Zambia","1986","US$","2105408104.9094765"
"Zambia","1987","US$","2108490541.7578177"
"Zambia","1988","US$","3470831506.0745645"
"Zambia","1989","US$","3955741798.523033"
"Zambia","1990","US$","3794810422.778489"
"Zambia","1991","US$","3376806697.1218047"
"Zambia","1992","US$","3307307864.5369816"
"Zambia","1993","US$","3273507753.8784094"
"Zambia","1994","US$","3656867990.270052"
"Zambia","1995","US$","3806998070.289301"
"Zambia","1996","US$","3597234870.4362946"
"Zambia","1997","US$","4303317427.381946"
"Zambia","1998","US$","3537731099.319165"
"Zambia","1999","US$","3404285909.207173"
"Zambia","2000","US$","3600630375.5170383"
"Zambia","2001","US$","4094451990.9663286"
"Zambia","2002","US$","4193839169.0983143"
"Zambia","2003","US$","4901869723.087762"
"Zambia","2004","US$","6221109722.254829"
"Zambia","2005","US$","8329071098.992162"
"Zambia","2006","US$","12761925034.706142"
"Zambia","2007","US$","14059891711.786745"
"Zambia","2008","US$","17914205607.476635"
"Zambia","2009","US$","15331674925.66898"
"Zambia","2010","US$","20263866597.18603"
"Zambia","2011","US$","24482550565.649624"
"Zambia","2012","US$","24847013113.161728"
"Zambia","2013","US$","26582311320.026333"
"Zambia","2014","US$","26687285037.23763"
"Zambia","2015","US$","20864105039.582924"
"Zambia","2016","US$","20601503408.877033"
"Zambia","2017","US$","25900709340.793274"
"Zambia","2018","US$","26311505976.0957"
"Zambia","2019","US$","23309294026.377037"
"Zambia","2020","US$","18063780790.008995"
"Zambia","2021","US$","22103520738.682556"
"Zambia","2022","US$","29136664305.56047"
"Zambia","2023","US$","27577956651.48668"
"Zimbabwe","1970","US$","2336518315"
"Zimbabwe","1971","US$","2701724625"
"Zimbabwe","1972","US$","3336471760"
"Zimbabwe","1973","US$","4103781302"
"Zimbabwe","1974","US$","4938098908"
"Zimbabwe","1975","US$","5420653296"
"Zimbabwe","1976","US$","5357270897"
"Zimbabwe","1977","US$","5410606535"
"Zimbabwe","1978","US$","5413153502"
"Zimbabwe","1979","US$","6421605915"
"Zimbabwe","1980","US$","8257381101"
"Zimbabwe","1981","US$","9934543230"
"Zimbabwe","1982","US$","10589687509"
"Zimbabwe","1983","US$","9627835902"
"Zimbabwe","1984","US$","7876990743"
"Zimbabwe","1985","US$","8719664288"
"Zimbabwe","1986","US$","9616001507"
"Zimbabwe","1987","US$","10426005671"
"Zimbabwe","1988","US$","12085775628"
"Zimbabwe","1989","US$","12780973461"
"Zimbabwe","1990","US$","13560131346"
"Zimbabwe","1991","US$","12652473104"
"Zimbabwe","1992","US$","10433668192"
"Zimbabwe","1993","US$","10135143613"
"Zimbabwe","1994","US$","10656132607"
"Zimbabwe","1995","US$","11063283546"
"Zimbabwe","1996","US$","13466389367"
"Zimbabwe","1997","US$","13854127988"
"Zimbabwe","1998","US$","9705756429"
"Zimbabwe","1999","US$","9225079569"
"Zimbabwe","2000","US$","8720515330"
"Zimbabwe","2001","US$","8659189674"
"Zimbabwe","2002","US$","8215468047"
"Zimbabwe","2003","US$","7746503219"
"Zimbabwe","2004","US$","7416273145"
"Zimbabwe","2005","US$","7189091952"
"Zimbabwe","2006","US$","7048947785"
"Zimbabwe","2007","US$","6958294807"
"Zimbabwe","2008","US$","6348180738"
"Zimbabwe","2009","US$","9665793264"
"Zimbabwe","2010","US$","12041655177"
"Zimbabwe","2011","US$","14101920307"
"Zimbabwe","2012","US$","17114849880"
"Zimbabwe","2013","US$","19091019987"
"Zimbabwe","2014","US$","19495519631"
"Zimbabwe","2015","US$","19963120615"
"Zimbabwe","2016","US$","20548678073"
"Zimbabwe","2017","US$","22040654699"
"Zimbabwe","2018","US$","23645265549"
"Zimbabwe","2019","US$","22594520375"
"Zimbabwe","2020","US$","21664745864"
"Zimbabwe","2021","US$","24118150864"
"Zimbabwe","2022","US$","26418592961"
"Zimbabwe","2023","US$","30368203559"